{"type": "FeatureCollection", "features": [{"type": "Feature", "geometry": {"type": "Point", "coordinates": [-99.1809802, 19.3472047]}, "properties": {"nombre": "SISTEMA DE AGUAS DE LA CIUDAD DE MEXICO OFICINA REGIONAL UNI", "sector": "Captación, tratamiento y suministro de agua realizados por el sector público", "label": "Otro comercio", "color": "#6B7280", "icon": "🏬"}}, {"type": "Feature", "geometry": {"type": "Point", "coordinates": [-99.1851455, 19.35420613]}, "properties": {"nombre": "7KAT", "sector": "Edificación de inmuebles comerciales y de servicios, excepto la supervisión", "label": "Otro comercio", "color": "#6B7280", "icon": "🏬"}}, {"type": "Feature", "geometry": {"type": "Point", "coordinates": [-99.19825251, 19.37409865]}, "properties": {"nombre": "ANDAMIOS CUHEDY", "sector": "Otros trabajos especializados para la construcción", "label": "Otro comercio", "color": "#6B7280", "icon": "🏬"}}, {"type": "Feature", "geometry": {"type": "Point", "coordinates": [-99.18748445, 19.34801063]}, "properties": {"nombre": "ART TEC DISEÑO YCONTRUCCION", "sector": "Edificación de vivienda unifamiliar", "label": "Otro comercio", "color": "#6B7280", "icon": "🏬"}}, {"type": "Feature", "geometry": {"type": "Point", "coordinates": [-99.19034877, 19.33919508]}, "properties": {"nombre": "BRANDING EDIFICACIONES Y PROYECTOS", "sector": "Edificación de vivienda unifamiliar", "label": "Otro comercio", "color": "#6B7280", "icon": "🏬"}}, {"type": "Feature", "geometry": {"type": "Point", "coordinates": [-99.18456649, 19.35677368]}, "properties": {"nombre": "CARRETERA DE COAHUILA Y SAN LUIS", "sector": "Construcción de carreteras, puentes y similares", "label": "Otro comercio", "color": "#6B7280", "icon": "🏬"}}, {"type": "Feature", "geometry": {"type": "Point", "coordinates": [-99.18464012, 19.35656065]}, "properties": {"nombre": "COLOGI", "sector": "Construcción de obras para transporte eléctrico y ferroviario", "label": "Otro comercio", "color": "#6B7280", "icon": "🏬"}}, {"type": "Feature", "geometry": {"type": "Point", "coordinates": [-99.18461209, 19.35664177]}, "properties": {"nombre": "CONCESIONARIA EN INFRAESTRUCTURA PENITENCIARIA DE MICHOACAN", "sector": "Edificación de inmuebles comerciales y de servicios, excepto la supervisión", "label": "Otro comercio", "color": "#6B7280", "icon": "🏬"}}, {"type": "Feature", "geometry": {"type": "Point", "coordinates": [-99.18464012, 19.35656065]}, "properties": {"nombre": "CONCESIONARIA VIALIDAD LAS TORRES", "sector": "Construcción de carreteras, puentes y similares", "label": "Otro comercio", "color": "#6B7280", "icon": "🏬"}}, {"type": "Feature", "geometry": {"type": "Point", "coordinates": [-99.18948544, 19.34828427]}, "properties": {"nombre": "CONSTRUCCIIONES Y EDIFICACIONES UNIVERSO", "sector": "Edificación de inmuebles comerciales y de servicios, excepto la supervisión", "label": "Otro comercio", "color": "#6B7280", "icon": "🏬"}}, {"type": "Feature", "geometry": {"type": "Point", "coordinates": [-99.18515418, 19.35606255]}, "properties": {"nombre": "CONSTRUCTORA VIRGO", "sector": "Construcción de obras de urbanización", "label": "Otro comercio", "color": "#6B7280", "icon": "🏬"}}, {"type": "Feature", "geometry": {"type": "Point", "coordinates": [-99.18947258, 19.34828946]}, "properties": {"nombre": "CONSTRUCTORA Y ARRENDADORA LOS CIPRESES", "sector": "Edificación de inmuebles comerciales y de servicios, excepto la supervisión", "label": "Otro comercio", "color": "#6B7280", "icon": "🏬"}}, {"type": "Feature", "geometry": {"type": "Point", "coordinates": [-99.1873656, 19.34831657]}, "properties": {"nombre": "CONTRUCCIONES Y EDIFICACIONES UNIVERSO", "sector": "Edificación de vivienda unifamiliar", "label": "Otro comercio", "color": "#6B7280", "icon": "🏬"}}, {"type": "Feature", "geometry": {"type": "Point", "coordinates": [-99.19393849, 19.36406177]}, "properties": {"nombre": "CONTRUCTORA KANONO", "sector": "Edificación de vivienda multifamiliar", "label": "Otro comercio", "color": "#6B7280", "icon": "🏬"}}, {"type": "Feature", "geometry": {"type": "Point", "coordinates": [-99.18535071, 19.35440528]}, "properties": {"nombre": "CORPORACION ARQUITECTONICA Y DE INGENERIA CAISA", "sector": "Edificación de vivienda multifamiliar", "label": "Otro comercio", "color": "#6B7280", "icon": "🏬"}}, {"type": "Feature", "geometry": {"type": "Point", "coordinates": [-99.18456649, 19.35677368]}, "properties": {"nombre": "CORPORATIVO", "sector": "Supervisión de edificación de inmuebles comerciales y de servicios", "label": "Otro comercio", "color": "#6B7280", "icon": "🏬"}}, {"type": "Feature", "geometry": {"type": "Point", "coordinates": [-99.18463029, 19.35658909]}, "properties": {"nombre": "DIP CONCESIONARIA DURANGUENSE DE INFRAESTRUCTURA PENITENCIAR", "sector": "Edificación de inmuebles comerciales y de servicios, excepto la supervisión", "label": "Otro comercio", "color": "#6B7280", "icon": "🏬"}}, {"type": "Feature", "geometry": {"type": "Point", "coordinates": [-99.18511575, 19.35429481]}, "properties": {"nombre": "ECONSTRUYE", "sector": "Edificación de vivienda multifamiliar", "label": "Otro comercio", "color": "#6B7280", "icon": "🏬"}}, {"type": "Feature", "geometry": {"type": "Point", "coordinates": [-99.1845853, 19.35671925]}, "properties": {"nombre": "INFRAPUENTES", "sector": "Otros trabajos especializados para la construcción", "label": "Otro comercio", "color": "#6B7280", "icon": "🏬"}}, {"type": "Feature", "geometry": {"type": "Point", "coordinates": [-99.18456445, 19.35677958]}, "properties": {"nombre": "INTEGRA 96", "sector": "Edificación de inmuebles comerciales y de servicios, excepto la supervisión", "label": "Otro comercio", "color": "#6B7280", "icon": "🏬"}}, {"type": "Feature", "geometry": {"type": "Point", "coordinates": [-99.17931027, 19.36310105]}, "properties": {"nombre": "MACOAC", "sector": "Construcción de obras para el tratamiento, distribución y suministro de agua y d", "label": "Otro comercio", "color": "#6B7280", "icon": "🏬"}}, {"type": "Feature", "geometry": {"type": "Point", "coordinates": [-99.22239169, 19.37041972]}, "properties": {"nombre": "MANTENIMIENTO EN GENERAL", "sector": "Otros trabajos de acabados en edificaciones", "label": "Otro comercio", "color": "#6B7280", "icon": "🏬"}}, {"type": "Feature", "geometry": {"type": "Point", "coordinates": [-99.20639183, 19.37368637]}, "properties": {"nombre": "PLOMERIA EVELIN", "sector": "Instalaciones hidrosanitarias y de gas", "label": "Otro comercio", "color": "#6B7280", "icon": "🏬"}}, {"type": "Feature", "geometry": {"type": "Point", "coordinates": [-99.22748507, 19.33638643]}, "properties": {"nombre": "PLOMERIA REYES GONZALEZ", "sector": "Instalaciones hidrosanitarias y de gas", "label": "Otro comercio", "color": "#6B7280", "icon": "🏬"}}, {"type": "Feature", "geometry": {"type": "Point", "coordinates": [-99.18760997, 19.35527393]}, "properties": {"nombre": "PROEYECTOS Y CONSTRUCCIONES JAVA", "sector": "Montaje de estructuras de acero prefabricadas", "label": "Otro comercio", "color": "#6B7280", "icon": "🏬"}}, {"type": "Feature", "geometry": {"type": "Point", "coordinates": [-99.1789295, 19.35072932]}, "properties": {"nombre": "PROMOTORA Y DESARROLLADORA DE INMUEBLES HABITA", "sector": "Colocación de pisos cerámicos y azulejos", "label": "Otro comercio", "color": "#6B7280", "icon": "🏬"}}, {"type": "Feature", "geometry": {"type": "Point", "coordinates": [-99.18456445, 19.35677958]}, "properties": {"nombre": "PROMOTORA Y DESARROLLADORA MEXICANA", "sector": "Edificación de inmuebles comerciales y de servicios, excepto la supervisión", "label": "Otro comercio", "color": "#6B7280", "icon": "🏬"}}, {"type": "Feature", "geometry": {"type": "Point", "coordinates": [-99.18931464, 19.35957783]}, "properties": {"nombre": "TEMPO DESARROLLOS Y PROYECTOS", "sector": "Edificación de inmuebles comerciales y de servicios, excepto la supervisión", "label": "Otro comercio", "color": "#6B7280", "icon": "🏬"}}, {"type": "Feature", "geometry": {"type": "Point", "coordinates": [-99.25217893, 19.32925448]}, "properties": {"nombre": "VIDRIO Y ALUMINIO TOMY", "sector": "Otros trabajos de acabados en edificaciones", "label": "Otro comercio", "color": "#6B7280", "icon": "🏬"}}, {"type": "Feature", "geometry": {"type": "Point", "coordinates": [-99.19441066, 19.39280321]}, "properties": {"nombre": "BORDADOS DE ESCUDOS", "sector": "Confección, bordado y deshilado de productos textiles", "label": "Otro comercio", "color": "#6B7280", "icon": "🏬"}}, {"type": "Feature", "geometry": {"type": "Point", "coordinates": [-99.19766491, 19.37486883]}, "properties": {"nombre": "BORDADOS SIN NOMBRE", "sector": "Confección, bordado y deshilado de productos textiles", "label": "Otro comercio", "color": "#6B7280", "icon": "🏬"}}, {"type": "Feature", "geometry": {"type": "Point", "coordinates": [-99.26229578, 19.36811612]}, "properties": {"nombre": "BUNGE AGRONEGOCIOS MEXICO", "sector": "Elaboración de aceites y grasas vegetales comestibles", "label": "Otro comercio", "color": "#6B7280", "icon": "🏬"}}, {"type": "Feature", "geometry": {"type": "Point", "coordinates": [-99.21399021, 19.3077202]}, "properties": {"nombre": "CHOCOLAI", "sector": "Elaboración de chocolate y productos de chocolate", "label": "Otro comercio", "color": "#6B7280", "icon": "🏬"}}, {"type": "Feature", "geometry": {"type": "Point", "coordinates": [-99.21371929, 19.3073794]}, "properties": {"nombre": "DI ALESSANDRO FACTORY", "sector": "Congelación de guisos y otros alimentos preparados", "label": "Otro comercio", "color": "#6B7280", "icon": "🏬"}}, {"type": "Feature", "geometry": {"type": "Point", "coordinates": [-99.18904421, 19.35575666]}, "properties": {"nombre": "DRINKS AND BEVERAGES INTERNATIONAL", "sector": "Elaboración de otras bebidas destiladas", "label": "Otro comercio", "color": "#6B7280", "icon": "🏬"}}, {"type": "Feature", "geometry": {"type": "Point", "coordinates": [-99.21311464, 19.30935263]}, "properties": {"nombre": "EL AGUJERITO", "sector": "Confección de prendas de vestir sobre medida", "label": "Otro comercio", "color": "#6B7280", "icon": "🏬"}}, {"type": "Feature", "geometry": {"type": "Point", "coordinates": [-99.20351858, 19.33841191]}, "properties": {"nombre": "EMPANADERIA PAN", "sector": "Panificación tradicional", "label": "Otro comercio", "color": "#6B7280", "icon": "🏬"}}, {"type": "Feature", "geometry": {"type": "Point", "coordinates": [-99.19257684, 19.39622722]}, "properties": {"nombre": "EXPENDIO DE FRITURAS EL GUERO", "sector": "Elaboración de botanas", "label": "Otro comercio", "color": "#6B7280", "icon": "🏬"}}, {"type": "Feature", "geometry": {"type": "Point", "coordinates": [-99.21181487, 19.38820766]}, "properties": {"nombre": "HAY MAIZ PALOMA", "sector": "Elaboración de botanas", "label": "Otro comercio", "color": "#6B7280", "icon": "🏬"}}, {"type": "Feature", "geometry": {"type": "Point", "coordinates": [-99.1907021, 19.34281496]}, "properties": {"nombre": "HELADERIA LA MICHOACANA", "sector": "Elaboración de helados y paletas", "label": "Otro comercio", "color": "#6B7280", "icon": "🏬"}}, {"type": "Feature", "geometry": {"type": "Point", "coordinates": [-99.19701782, 19.37564593]}, "properties": {"nombre": "HELADOS Y PALETAS NEVEROLANDIA", "sector": "Elaboración de helados y paletas", "label": "Otro comercio", "color": "#6B7280", "icon": "🏬"}}, {"type": "Feature", "geometry": {"type": "Point", "coordinates": [-99.20232271, 19.38946845]}, "properties": {"nombre": "INDUSTRIAS DEL MAIZ PUEBLA BUEN DISCO", "sector": "Elaboración de tortillas de maíz y molienda de nixtamal", "label": "Tortillerías", "color": "#F97316", "icon": "🫓"}}, {"type": "Feature", "geometry": {"type": "Point", "coordinates": [-99.19766491, 19.37486883]}, "properties": {"nombre": "JACUIND S PASTELERIA", "sector": "Panificación tradicional", "label": "Otro comercio", "color": "#6B7280", "icon": "🏬"}}, {"type": "Feature", "geometry": {"type": "Point", "coordinates": [-99.18596939, 19.354571]}, "properties": {"nombre": "LA ARTESA", "sector": "Panificación tradicional", "label": "Otro comercio", "color": "#6B7280", "icon": "🏬"}}, {"type": "Feature", "geometry": {"type": "Point", "coordinates": [-99.21202576, 19.38849458]}, "properties": {"nombre": "LA MICHOACANA", "sector": "Elaboración de helados y paletas", "label": "Otro comercio", "color": "#6B7280", "icon": "🏬"}}, {"type": "Feature", "geometry": {"type": "Point", "coordinates": [-99.2027862, 19.38963794]}, "properties": {"nombre": "LA NUEVA MICHOACANA", "sector": "Elaboración de helados y paletas", "label": "Otro comercio", "color": "#6B7280", "icon": "🏬"}}, {"type": "Feature", "geometry": {"type": "Point", "coordinates": [-99.20856425, 19.37506946]}, "properties": {"nombre": "MOLINO CENTAURO DEL NORTE", "sector": "Elaboración de tortillas de maíz y molienda de nixtamal", "label": "Tortillerías", "color": "#F97316", "icon": "🫓"}}, {"type": "Feature", "geometry": {"type": "Point", "coordinates": [-99.21334866, 19.38725937]}, "properties": {"nombre": "MOLINO DE CHILES Y HARINAS", "sector": "Elaboración de harina de otros productos agrícolas", "label": "Otro comercio", "color": "#6B7280", "icon": "🏬"}}, {"type": "Feature", "geometry": {"type": "Point", "coordinates": [-99.19260516, 19.39621739]}, "properties": {"nombre": "MOLINO DE NIXTAMAL LA MORENITA", "sector": "Elaboración de tortillas de maíz y molienda de nixtamal", "label": "Tortillerías", "color": "#F97316", "icon": "🫓"}}, {"type": "Feature", "geometry": {"type": "Point", "coordinates": [-99.20252948, 19.3755928]}, "properties": {"nombre": "MOLINO EMPERADOR", "sector": "Elaboración de tortillas de maíz y molienda de nixtamal", "label": "Tortillerías", "color": "#F97316", "icon": "🫓"}}, {"type": "Feature", "geometry": {"type": "Point", "coordinates": [-99.18601798, 19.35482512]}, "properties": {"nombre": "MOLINO PARA NIXTAMAL", "sector": "Elaboración de tortillas de maíz y molienda de nixtamal", "label": "Tortillerías", "color": "#F97316", "icon": "🫓"}}, {"type": "Feature", "geometry": {"type": "Point", "coordinates": [-99.19480426, 19.39505741]}, "properties": {"nombre": "MUNDO AZUCARADO", "sector": "Elaboración de chocolate y productos de chocolate", "label": "Otro comercio", "color": "#6B7280", "icon": "🏬"}}, {"type": "Feature", "geometry": {"type": "Point", "coordinates": [-99.2150288, 19.38768577]}, "properties": {"nombre": "NEVERIA Y PALETERIA LA MICHOACANA", "sector": "Elaboración de helados y paletas", "label": "Otro comercio", "color": "#6B7280", "icon": "🏬"}}, {"type": "Feature", "geometry": {"type": "Point", "coordinates": [-99.21599195, 19.38732521]}, "properties": {"nombre": "OVEROLES JUNIORS SANTA FE", "sector": "Confección en serie de uniformes", "label": "Otro comercio", "color": "#6B7280", "icon": "🏬"}}, {"type": "Feature", "geometry": {"type": "Point", "coordinates": [-99.21818698, 19.37151992]}, "properties": {"nombre": "PALETERIA LA MICHOACANA", "sector": "Elaboración de helados y paletas", "label": "Otro comercio", "color": "#6B7280", "icon": "🏬"}}, {"type": "Feature", "geometry": {"type": "Point", "coordinates": [-99.20208811, 19.38862416]}, "properties": {"nombre": "PALETERIA LA MICHOACANA PANCHITO", "sector": "Elaboración de helados y paletas", "label": "Otro comercio", "color": "#6B7280", "icon": "🏬"}}, {"type": "Feature", "geometry": {"type": "Point", "coordinates": [-99.20209224, 19.39014003]}, "properties": {"nombre": "PALETERIA Y NEVERIA", "sector": "Elaboración de helados y paletas", "label": "Otro comercio", "color": "#6B7280", "icon": "🏬"}}, {"type": "Feature", "geometry": {"type": "Point", "coordinates": [-99.18932612, 19.34359692]}, "properties": {"nombre": "PALETERIA Y NEVERIA LA MICHOACANA", "sector": "Elaboración de helados y paletas", "label": "Otro comercio", "color": "#6B7280", "icon": "🏬"}}, {"type": "Feature", "geometry": {"type": "Point", "coordinates": [-99.21481839, 19.38776639]}, "properties": {"nombre": "PAN CHINO", "sector": "Panificación tradicional", "label": "Otro comercio", "color": "#6B7280", "icon": "🏬"}}, {"type": "Feature", "geometry": {"type": "Point", "coordinates": [-99.20163944, 19.38797487]}, "properties": {"nombre": "PAN CHINO", "sector": "Panificación tradicional", "label": "Otro comercio", "color": "#6B7280", "icon": "🏬"}}, {"type": "Feature", "geometry": {"type": "Point", "coordinates": [-99.20835366, 19.37296103]}, "properties": {"nombre": "PAN CHINO", "sector": "Panificación tradicional", "label": "Otro comercio", "color": "#6B7280", "icon": "🏬"}}, {"type": "Feature", "geometry": {"type": "Point", "coordinates": [-99.20231571, 19.3890379]}, "properties": {"nombre": "PAN CHINO", "sector": "Panificación tradicional", "label": "Otro comercio", "color": "#6B7280", "icon": "🏬"}}, {"type": "Feature", "geometry": {"type": "Point", "coordinates": [-99.20522982, 19.37629235]}, "properties": {"nombre": "PANADERIA", "sector": "Panificación tradicional", "label": "Otro comercio", "color": "#6B7280", "icon": "🏬"}}, {"type": "Feature", "geometry": {"type": "Point", "coordinates": [-99.20287387, 19.38977273]}, "properties": {"nombre": "PANADERIA CRISTO REY", "sector": "Panificación tradicional", "label": "Otro comercio", "color": "#6B7280", "icon": "🏬"}}, {"type": "Feature", "geometry": {"type": "Point", "coordinates": [-99.20650345, 19.37373284]}, "properties": {"nombre": "PANADERIA DON JUAN", "sector": "Panificación tradicional", "label": "Otro comercio", "color": "#6B7280", "icon": "🏬"}}, {"type": "Feature", "geometry": {"type": "Point", "coordinates": [-99.1947871, 19.39506895]}, "properties": {"nombre": "PANADERIA EL MANA", "sector": "Panificación tradicional", "label": "Otro comercio", "color": "#6B7280", "icon": "🏬"}}, {"type": "Feature", "geometry": {"type": "Point", "coordinates": [-99.20752624, 19.37391421]}, "properties": {"nombre": "PANADERIA EVELYN", "sector": "Panificación tradicional", "label": "Otro comercio", "color": "#6B7280", "icon": "🏬"}}, {"type": "Feature", "geometry": {"type": "Point", "coordinates": [-99.20674705, 19.37471271]}, "properties": {"nombre": "PANADERIA LA 20 DE LEON", "sector": "Panificación tradicional", "label": "Otro comercio", "color": "#6B7280", "icon": "🏬"}}, {"type": "Feature", "geometry": {"type": "Point", "coordinates": [-99.20152485, 19.38751942]}, "properties": {"nombre": "PANADERIA LA CARIOCA", "sector": "Panificación tradicional", "label": "Otro comercio", "color": "#6B7280", "icon": "🏬"}}, {"type": "Feature", "geometry": {"type": "Point", "coordinates": [-99.21366621, 19.30933587]}, "properties": {"nombre": "PANADERIA LA TOUR DE PEILZ", "sector": "Panificación tradicional", "label": "Otro comercio", "color": "#6B7280", "icon": "🏬"}}, {"type": "Feature", "geometry": {"type": "Point", "coordinates": [-99.21306273, 19.38723043]}, "properties": {"nombre": "PANADERIA LECAROZ", "sector": "Panificación tradicional", "label": "Otro comercio", "color": "#6B7280", "icon": "🏬"}}, {"type": "Feature", "geometry": {"type": "Point", "coordinates": [-99.19377363, 19.39557515]}, "properties": {"nombre": "PANADERIA LUPITA", "sector": "Panificación tradicional", "label": "Otro comercio", "color": "#6B7280", "icon": "🏬"}}, {"type": "Feature", "geometry": {"type": "Point", "coordinates": [-99.22300229, 19.37643322]}, "properties": {"nombre": "PANADERIA TEO", "sector": "Panificación tradicional", "label": "Otro comercio", "color": "#6B7280", "icon": "🏬"}}, {"type": "Feature", "geometry": {"type": "Point", "coordinates": [-99.2207869, 19.37058442]}, "properties": {"nombre": "PASTELERIA BLANQUITA", "sector": "Panificación tradicional", "label": "Otro comercio", "color": "#6B7280", "icon": "🏬"}}, {"type": "Feature", "geometry": {"type": "Point", "coordinates": [-99.19922638, 19.37412453]}, "properties": {"nombre": "PASTELERIA CLARITA", "sector": "Panificación tradicional", "label": "Otro comercio", "color": "#6B7280", "icon": "🏬"}}, {"type": "Feature", "geometry": {"type": "Point", "coordinates": [-99.22556709, 19.33772562]}, "properties": {"nombre": "PASTELERIA CLARITA", "sector": "Panificación tradicional", "label": "Otro comercio", "color": "#6B7280", "icon": "🏬"}}, {"type": "Feature", "geometry": {"type": "Point", "coordinates": [-99.19936353, 19.37259774]}, "properties": {"nombre": "PASTELERIA DULCE SECRETO", "sector": "Panificación tradicional", "label": "Otro comercio", "color": "#6B7280", "icon": "🏬"}}, {"type": "Feature", "geometry": {"type": "Point", "coordinates": [-99.20863089, 19.37446272]}, "properties": {"nombre": "PASTELERIA EL BAUL", "sector": "Panificación tradicional", "label": "Otro comercio", "color": "#6B7280", "icon": "🏬"}}, {"type": "Feature", "geometry": {"type": "Point", "coordinates": [-99.17700271, 19.35278134]}, "properties": {"nombre": "PATTY PA", "sector": "Panificación tradicional", "label": "Otro comercio", "color": "#6B7280", "icon": "🏬"}}, {"type": "Feature", "geometry": {"type": "Point", "coordinates": [-99.20124743, 19.38777415]}, "properties": {"nombre": "PURIFICADORA AQUA BALANCE", "sector": "Purificación y embotellado de agua", "label": "Otro comercio", "color": "#6B7280", "icon": "🏬"}}, {"type": "Feature", "geometry": {"type": "Point", "coordinates": [-99.21909893, 19.37077188]}, "properties": {"nombre": "PURIFICADORA DE AGUA", "sector": "Purificación y embotellado de agua", "label": "Otro comercio", "color": "#6B7280", "icon": "🏬"}}, {"type": "Feature", "geometry": {"type": "Point", "coordinates": [-99.20554559, 19.34121867]}, "properties": {"nombre": "PURIFICADORA DE AGUA SIN NOMBRE", "sector": "Purificación y embotellado de agua", "label": "Otro comercio", "color": "#6B7280", "icon": "🏬"}}, {"type": "Feature", "geometry": {"type": "Point", "coordinates": [-99.19753091, 19.37485469]}, "properties": {"nombre": "PURIFICADORA DE AGUA WATER PURA", "sector": "Purificación y embotellado de agua", "label": "Otro comercio", "color": "#6B7280", "icon": "🏬"}}, {"type": "Feature", "geometry": {"type": "Point", "coordinates": [-99.2036391, 19.33798692]}, "properties": {"nombre": "PURIFICADORA JAAN", "sector": "Purificación y embotellado de agua", "label": "Otro comercio", "color": "#6B7280", "icon": "🏬"}}, {"type": "Feature", "geometry": {"type": "Point", "coordinates": [-99.20376296, 19.37582965]}, "properties": {"nombre": "REPOSTERIA Y PASTELERIA VANNY", "sector": "Panificación tradicional", "label": "Otro comercio", "color": "#6B7280", "icon": "🏬"}}, {"type": "Feature", "geometry": {"type": "Point", "coordinates": [-99.19453038, 19.37499085]}, "properties": {"nombre": "SASTRE Y MODA BETY", "sector": "Confección de prendas de vestir sobre medida", "label": "Otro comercio", "color": "#6B7280", "icon": "🏬"}}, {"type": "Feature", "geometry": {"type": "Point", "coordinates": [-99.19213805, 19.39588709]}, "properties": {"nombre": "TLAXCALLI TORTILLERIA", "sector": "Elaboración de tortillas de maíz y molienda de nixtamal", "label": "Tortillerías", "color": "#F97316", "icon": "🫓"}}, {"type": "Feature", "geometry": {"type": "Point", "coordinates": [-99.1907021, 19.34281496]}, "properties": {"nombre": "TORTILLA DE MANO ELABORADAS DE MAIZ DE NIXTAMAL", "sector": "Elaboración de tortillas de maíz y molienda de nixtamal", "label": "Tortillerías", "color": "#F97316", "icon": "🫓"}}, {"type": "Feature", "geometry": {"type": "Point", "coordinates": [-99.20421491, 19.37612995]}, "properties": {"nombre": "TORTILLERIA ADI", "sector": "Elaboración de tortillas de maíz y molienda de nixtamal", "label": "Tortillerías", "color": "#F97316", "icon": "🫓"}}, {"type": "Feature", "geometry": {"type": "Point", "coordinates": [-99.21171934, 19.38750027]}, "properties": {"nombre": "TORTILLERIA ANGEL HEIDY", "sector": "Elaboración de tortillas de maíz y molienda de nixtamal", "label": "Tortillerías", "color": "#F97316", "icon": "🫓"}}, {"type": "Feature", "geometry": {"type": "Point", "coordinates": [-99.19273004, 19.39617404]}, "properties": {"nombre": "TORTILLERIA BLANQUITA", "sector": "Elaboración de tortillas de maíz y molienda de nixtamal", "label": "Tortillerías", "color": "#F97316", "icon": "🫓"}}, {"type": "Feature", "geometry": {"type": "Point", "coordinates": [-99.19215448, 19.37812178]}, "properties": {"nombre": "TORTILLERIA CHILPA", "sector": "Elaboración de tortillas de maíz y molienda de nixtamal", "label": "Tortillerías", "color": "#F97316", "icon": "🫓"}}, {"type": "Feature", "geometry": {"type": "Point", "coordinates": [-99.2195273, 19.35034683]}, "properties": {"nombre": "TORTILLERIA COLORINES", "sector": "Elaboración de tortillas de maíz y molienda de nixtamal", "label": "Tortillerías", "color": "#F97316", "icon": "🫓"}}, {"type": "Feature", "geometry": {"type": "Point", "coordinates": [-99.20619888, 19.37349802]}, "properties": {"nombre": "TORTILLERIA DON LUPE", "sector": "Elaboración de tortillas de maíz y molienda de nixtamal", "label": "Tortillerías", "color": "#F97316", "icon": "🫓"}}, {"type": "Feature", "geometry": {"type": "Point", "coordinates": [-99.20252948, 19.3755928]}, "properties": {"nombre": "TORTILLERIA EMPERADOR", "sector": "Elaboración de tortillas de maíz y molienda de nixtamal", "label": "Tortillerías", "color": "#F97316", "icon": "🫓"}}, {"type": "Feature", "geometry": {"type": "Point", "coordinates": [-99.1861892, 19.35487231]}, "properties": {"nombre": "TORTILLERIA GUADALUPE", "sector": "Elaboración de tortillas de maíz y molienda de nixtamal", "label": "Tortillerías", "color": "#F97316", "icon": "🫓"}}, {"type": "Feature", "geometry": {"type": "Point", "coordinates": [-99.2067168, 19.3737047]}, "properties": {"nombre": "TORTILLERIA LA 21", "sector": "Elaboración de tortillas de maíz y molienda de nixtamal", "label": "Tortillerías", "color": "#F97316", "icon": "🫓"}}, {"type": "Feature", "geometry": {"type": "Point", "coordinates": [-99.19872553, 19.40173476]}, "properties": {"nombre": "TORTILLERIA LA COMERCIAL", "sector": "Elaboración de tortillas de maíz y molienda de nixtamal", "label": "Tortillerías", "color": "#F97316", "icon": "🫓"}}, {"type": "Feature", "geometry": {"type": "Point", "coordinates": [-99.21656262, 19.37206173]}, "properties": {"nombre": "TORTILLERIA LA CONCHITA", "sector": "Elaboración de tortillas de harina de trigo de forma tradicional", "label": "Tortillerías", "color": "#F97316", "icon": "🫓"}}, {"type": "Feature", "geometry": {"type": "Point", "coordinates": [-99.18646495, 19.35494829]}, "properties": {"nombre": "TORTILLERIA LA ESQUINA", "sector": "Elaboración de tortillas de maíz y molienda de nixtamal", "label": "Tortillerías", "color": "#F97316", "icon": "🫓"}}, {"type": "Feature", "geometry": {"type": "Point", "coordinates": [-99.20515967, 19.37547503]}, "properties": {"nombre": "TORTILLERIA LA LUPITA", "sector": "Elaboración de tortillas de maíz y molienda de nixtamal", "label": "Tortillerías", "color": "#F97316", "icon": "🫓"}}, {"type": "Feature", "geometry": {"type": "Point", "coordinates": [-99.19840578, 19.37412208]}, "properties": {"nombre": "TORTILLERIA LA LUPITA", "sector": "Elaboración de tortillas de maíz y molienda de nixtamal", "label": "Tortillerías", "color": "#F97316", "icon": "🫓"}}, {"type": "Feature", "geometry": {"type": "Point", "coordinates": [-99.1907021, 19.34281496]}, "properties": {"nombre": "TORTILLERIA LA MORENA", "sector": "Elaboración de tortillas de maíz y molienda de nixtamal", "label": "Tortillerías", "color": "#F97316", "icon": "🫓"}}, {"type": "Feature", "geometry": {"type": "Point", "coordinates": [-99.2019328, 19.38839938]}, "properties": {"nombre": "TORTILLERIA LA NUEVA", "sector": "Elaboración de tortillas de maíz y molienda de nixtamal", "label": "Tortillerías", "color": "#F97316", "icon": "🫓"}}, {"type": "Feature", "geometry": {"type": "Point", "coordinates": [-99.20777024, 19.37411818]}, "properties": {"nombre": "TORTILLERIA LA ONCE", "sector": "Elaboración de tortillas de maíz y molienda de nixtamal", "label": "Tortillerías", "color": "#F97316", "icon": "🫓"}}, {"type": "Feature", "geometry": {"type": "Point", "coordinates": [-99.21357831, 19.38814078]}, "properties": {"nombre": "TORTILLERIA LA SUERTE", "sector": "Elaboración de tortillas de maíz y molienda de nixtamal", "label": "Tortillerías", "color": "#F97316", "icon": "🫓"}}, {"type": "Feature", "geometry": {"type": "Point", "coordinates": [-99.1907021, 19.34281496]}, "properties": {"nombre": "TORTILLERIA LA TAPATIA", "sector": "Elaboración de tortillas de maíz y molienda de nixtamal", "label": "Tortillerías", "color": "#F97316", "icon": "🫓"}}, {"type": "Feature", "geometry": {"type": "Point", "coordinates": [-99.20117069, 19.40112121]}, "properties": {"nombre": "TORTILLERIA LE ESPERANZA", "sector": "Elaboración de tortillas de maíz y molienda de nixtamal", "label": "Tortillerías", "color": "#F97316", "icon": "🫓"}}, {"type": "Feature", "geometry": {"type": "Point", "coordinates": [-99.19576743, 19.37503722]}, "properties": {"nombre": "TORTILLERIA LUCAS", "sector": "Elaboración de tortillas de maíz y molienda de nixtamal", "label": "Tortillerías", "color": "#F97316", "icon": "🫓"}}, {"type": "Feature", "geometry": {"type": "Point", "coordinates": [-99.19929272, 19.37391013]}, "properties": {"nombre": "TORTILLERIA QUETZALLI", "sector": "Elaboración de tortillas de maíz y molienda de nixtamal", "label": "Tortillerías", "color": "#F97316", "icon": "🫓"}}, {"type": "Feature", "geometry": {"type": "Point", "coordinates": [-99.19722419, 19.37874222]}, "properties": {"nombre": "TORTILLERIA SANTA LUCIA", "sector": "Elaboración de tortillas de maíz y molienda de nixtamal", "label": "Tortillerías", "color": "#F97316", "icon": "🫓"}}, {"type": "Feature", "geometry": {"type": "Point", "coordinates": [-99.19260516, 19.39621739]}, "properties": {"nombre": "TORTILLERIA SIN NOMBRE", "sector": "Elaboración de tortillas de maíz y molienda de nixtamal", "label": "Tortillerías", "color": "#F97316", "icon": "🫓"}}, {"type": "Feature", "geometry": {"type": "Point", "coordinates": [-99.20206166, 19.38866115]}, "properties": {"nombre": "TORTILLERIA SOCIALISTA", "sector": "Elaboración de tortillas de maíz y molienda de nixtamal", "label": "Tortillerías", "color": "#F97316", "icon": "🫓"}}, {"type": "Feature", "geometry": {"type": "Point", "coordinates": [-99.19465239, 19.37454872]}, "properties": {"nombre": "TORTILLERIA SUSY", "sector": "Elaboración de tortillas de maíz y molienda de nixtamal", "label": "Tortillerías", "color": "#F97316", "icon": "🫓"}}, {"type": "Feature", "geometry": {"type": "Point", "coordinates": [-99.19801843, 19.39301738]}, "properties": {"nombre": "TORTILLERIA Y TAQUERIA NORMITA", "sector": "Elaboración de tortillas de maíz y molienda de nixtamal", "label": "Tortillerías", "color": "#F97316", "icon": "🫓"}}, {"type": "Feature", "geometry": {"type": "Point", "coordinates": [-99.20940094, 19.37539032]}, "properties": {"nombre": "VENTA DE UNIFORMES SURWALL", "sector": "Confección en serie de uniformes", "label": "Otro comercio", "color": "#6B7280", "icon": "🏬"}}, {"type": "Feature", "geometry": {"type": "Point", "coordinates": [-99.19350901, 19.3754457]}, "properties": {"nombre": "ANEMONA EDITORES", "sector": "Impresión de formas continuas y otros impresos", "label": "Otro comercio", "color": "#6B7280", "icon": "🏬"}}, {"type": "Feature", "geometry": {"type": "Point", "coordinates": [-99.19514126, 19.37510099]}, "properties": {"nombre": "CALCOMANIAS INTERNACIONALES", "sector": "Impresión de formas continuas y otros impresos", "label": "Otro comercio", "color": "#6B7280", "icon": "🏬"}}, {"type": "Feature", "geometry": {"type": "Point", "coordinates": [-99.20334455, 19.37577884]}, "properties": {"nombre": "CARPINTERIA CHAVEZ", "sector": "Fabricación de productos de madera para la construcción", "label": "Otro comercio", "color": "#6B7280", "icon": "🏬"}}, {"type": "Feature", "geometry": {"type": "Point", "coordinates": [-99.19237349, 19.39532422]}, "properties": {"nombre": "CASA GARCIA HUGO GARCIA ZARAGOZA", "sector": "Fabricación de preparaciones farmacéuticas", "label": "Otro comercio", "color": "#6B7280", "icon": "🏬"}}, {"type": "Feature", "geometry": {"type": "Point", "coordinates": [-99.21318741, 19.39035094]}, "properties": {"nombre": "CURIOSYLASER", "sector": "Fabricación de artículos y utensilios de madera para el hogar", "label": "Otro comercio", "color": "#6B7280", "icon": "🏬"}}, {"type": "Feature", "geometry": {"type": "Point", "coordinates": [-99.21664665, 19.38709419]}, "properties": {"nombre": "DIGITAL LONAS", "sector": "Impresión de formas continuas y otros impresos", "label": "Otro comercio", "color": "#6B7280", "icon": "🏬"}}, {"type": "Feature", "geometry": {"type": "Point", "coordinates": [-99.19859959, 19.3745402]}, "properties": {"nombre": "EDICIONES NAVARRA", "sector": "Impresión de libros, periódicos y revistas", "label": "Otro comercio", "color": "#6B7280", "icon": "🏬"}}, {"type": "Feature", "geometry": {"type": "Point", "coordinates": [-99.21833861, 19.31445729]}, "properties": {"nombre": "ELASTOGASKETS MEXICANA", "sector": "Fabricación de hules sintéticos", "label": "Otro comercio", "color": "#6B7280", "icon": "🏬"}}, {"type": "Feature", "geometry": {"type": "Point", "coordinates": [-99.19687934, 19.37273253]}, "properties": {"nombre": "ESTUDIO MIKTLAN", "sector": "Impresión de formas continuas y otros impresos", "label": "Otro comercio", "color": "#6B7280", "icon": "🏬"}}, {"type": "Feature", "geometry": {"type": "Point", "coordinates": [-99.20900936, 19.3752316]}, "properties": {"nombre": "EXHINOVA", "sector": "Fabricación de artículos de vidrio de uso doméstico", "label": "Otro comercio", "color": "#6B7280", "icon": "🏬"}}, {"type": "Feature", "geometry": {"type": "Point", "coordinates": [-99.20336276, 19.37346838]}, "properties": {"nombre": "IMPRENTA DIREY", "sector": "Impresión de formas continuas y otros impresos", "label": "Otro comercio", "color": "#6B7280", "icon": "🏬"}}, {"type": "Feature", "geometry": {"type": "Point", "coordinates": [-99.19624058, 19.37520167]}, "properties": {"nombre": "IMPRENTA IMPRESORA DE PRODUCTOS ESPECIALES", "sector": "Impresión de formas continuas y otros impresos", "label": "Otro comercio", "color": "#6B7280", "icon": "🏬"}}, {"type": "Feature", "geometry": {"type": "Point", "coordinates": [-99.21807388, 19.37140543]}, "properties": {"nombre": "IMPRENTA OFFSET Y DISEÑO CID", "sector": "Impresión de formas continuas y otros impresos", "label": "Otro comercio", "color": "#6B7280", "icon": "🏬"}}, {"type": "Feature", "geometry": {"type": "Point", "coordinates": [-99.18972637, 19.34186235]}, "properties": {"nombre": "INVESTIGACION FARMACEUTICA", "sector": "Fabricación de preparaciones farmacéuticas", "label": "Otro comercio", "color": "#6B7280", "icon": "🏬"}}, {"type": "Feature", "geometry": {"type": "Point", "coordinates": [-99.19689618, 19.37251552]}, "properties": {"nombre": "LABORATORIOS DEL RIO", "sector": "Fabricación de jabones, limpiadores y dentífricos", "label": "Otro comercio", "color": "#6B7280", "icon": "🏬"}}, {"type": "Feature", "geometry": {"type": "Point", "coordinates": [-99.21289335, 19.38945062]}, "properties": {"nombre": "PLASTIC EXTRUSSION AND THERMOFORMING", "sector": "Fabricación de envases y contenedores de plástico para embalaje con y sin reforz", "label": "Otro comercio", "color": "#6B7280", "icon": "🏬"}}, {"type": "Feature", "geometry": {"type": "Point", "coordinates": [-99.18790061, 19.352929]}, "properties": {"nombre": "SELDER", "sector": "Fabricación de preparaciones farmacéuticas", "label": "Otro comercio", "color": "#6B7280", "icon": "🏬"}}, {"type": "Feature", "geometry": {"type": "Point", "coordinates": [-99.18862967, 19.34862948]}, "properties": {"nombre": "SEPSA FABRICACION", "sector": "Fabricación de productos preesforzados de concreto", "label": "Otro comercio", "color": "#6B7280", "icon": "🏬"}}, {"type": "Feature", "geometry": {"type": "Point", "coordinates": [-99.19920433, 19.37424295]}, "properties": {"nombre": "ARTESANIA LATONERA", "sector": "Recubrimientos y terminados metálicos", "label": "Otro comercio", "color": "#6B7280", "icon": "🏬"}}, {"type": "Feature", "geometry": {"type": "Point", "coordinates": [-99.18798826, 19.3583922]}, "properties": {"nombre": "CARPINTERIA", "sector": "Fabricación de muebles, excepto cocinas integrales, muebles modulares de baño y ", "label": "Otro comercio", "color": "#6B7280", "icon": "🏬"}}, {"type": "Feature", "geometry": {"type": "Point", "coordinates": [-99.2036537, 19.37519601]}, "properties": {"nombre": "CARPINTERIA", "sector": "Fabricación de muebles, excepto cocinas integrales, muebles modulares de baño y ", "label": "Otro comercio", "color": "#6B7280", "icon": "🏬"}}, {"type": "Feature", "geometry": {"type": "Point", "coordinates": [-99.20740856, 19.37497352]}, "properties": {"nombre": "CARPINTERIA DI MODULO", "sector": "Fabricación de anuncios y señalamientos", "label": "Otro comercio", "color": "#6B7280", "icon": "🏬"}}, {"type": "Feature", "geometry": {"type": "Point", "coordinates": [-99.20290017, 19.37575951]}, "properties": {"nombre": "CARPINTERIA DISEÑO EN MADERA", "sector": "Fabricación de muebles, excepto cocinas integrales, muebles modulares de baño y ", "label": "Otro comercio", "color": "#6B7280", "icon": "🏬"}}, {"type": "Feature", "geometry": {"type": "Point", "coordinates": [-99.20707593, 19.37475892]}, "properties": {"nombre": "CARPINTERIA ESTUDIO NEGRO", "sector": "Fabricación de muebles, excepto cocinas integrales, muebles modulares de baño y ", "label": "Otro comercio", "color": "#6B7280", "icon": "🏬"}}, {"type": "Feature", "geometry": {"type": "Point", "coordinates": [-99.19461065, 19.39712235]}, "properties": {"nombre": "COCINAS INTEGRALES LA BELLA COCINA CARPINTERIA", "sector": "Fabricación de cocinas integrales y muebles modulares de baño", "label": "Otro comercio", "color": "#6B7280", "icon": "🏬"}}, {"type": "Feature", "geometry": {"type": "Point", "coordinates": [-99.22148111, 19.37056185]}, "properties": {"nombre": "EMSA PUERTAS AUTOMATIZADAS", "sector": "Fabricación de productos de herrería", "label": "Otro comercio", "color": "#6B7280", "icon": "🏬"}}, {"type": "Feature", "geometry": {"type": "Point", "coordinates": [-99.22167046, 19.36944962]}, "properties": {"nombre": "FABRICA DE COCINAS SIN NOMBRE", "sector": "Fabricación de cocinas integrales y muebles modulares de baño", "label": "Otro comercio", "color": "#6B7280", "icon": "🏬"}}, {"type": "Feature", "geometry": {"type": "Point", "coordinates": [-99.22313563, 19.37639612]}, "properties": {"nombre": "FORJA DECORATIVA Y HERRERIA", "sector": "Fabricación de productos de herrería", "label": "Otro comercio", "color": "#6B7280", "icon": "🏬"}}, {"type": "Feature", "geometry": {"type": "Point", "coordinates": [-99.20413532, 19.37485955]}, "properties": {"nombre": "GRUPO MADIRA", "sector": "Fabricación de productos de herrería", "label": "Otro comercio", "color": "#6B7280", "icon": "🏬"}}, {"type": "Feature", "geometry": {"type": "Point", "coordinates": [-99.20337089, 19.37504589]}, "properties": {"nombre": "HERRERIA SIN NOMBRE", "sector": "Fabricación de productos de herrería", "label": "Otro comercio", "color": "#6B7280", "icon": "🏬"}}, {"type": "Feature", "geometry": {"type": "Point", "coordinates": [-99.2028147, 19.33906703]}, "properties": {"nombre": "HERRERIA TIZAPAN", "sector": "Fabricación de productos de herrería", "label": "Otro comercio", "color": "#6B7280", "icon": "🏬"}}, {"type": "Feature", "geometry": {"type": "Point", "coordinates": [-99.21834801, 19.37025902]}, "properties": {"nombre": "HERRERIA Y ALUMINIO METAL", "sector": "Fabricación de productos de herrería", "label": "Otro comercio", "color": "#6B7280", "icon": "🏬"}}, {"type": "Feature", "geometry": {"type": "Point", "coordinates": [-99.2017542, 19.38904083]}, "properties": {"nombre": "JR EQUIPOS", "sector": "Fabricación de equipo de aire acondicionado y calefacción", "label": "Otro comercio", "color": "#6B7280", "icon": "🏬"}}, {"type": "Feature", "geometry": {"type": "Point", "coordinates": [-99.20233946, 19.33936472]}, "properties": {"nombre": "LABORATORIO Y DEPOSITO DENTAL AMAYA", "sector": "Fabricación de equipo no electrónico para uso médico, dental y para laboratorio", "label": "Otro comercio", "color": "#6B7280", "icon": "🏬"}}, {"type": "Feature", "geometry": {"type": "Point", "coordinates": [-99.19489444, 19.39303203]}, "properties": {"nombre": "MAQUINADOS INDUSTRIALES", "sector": "Maquinado de piezas metálicas para maquinaria y equipo en general", "label": "Otro comercio", "color": "#6B7280", "icon": "🏬"}}, {"type": "Feature", "geometry": {"type": "Point", "coordinates": [-99.19412824, 19.37448493]}, "properties": {"nombre": "MAR DE NOMBRES", "sector": "Fabricación de muebles de oficina y estantería", "label": "Otro comercio", "color": "#6B7280", "icon": "🏬"}}, {"type": "Feature", "geometry": {"type": "Point", "coordinates": [-99.19381039, 19.39722567]}, "properties": {"nombre": "MONARCA INDUSTRIAL DEPORTIVA", "sector": "Fabricación de artículos deportivos", "label": "Otro comercio", "color": "#6B7280", "icon": "🏬"}}, {"type": "Feature", "geometry": {"type": "Point", "coordinates": [-99.21860274, 19.37114113]}, "properties": {"nombre": "MYASA MAQUINARIA Y ACCESORIOS", "sector": "Fabricación de maquinaria y equipo para otras industrias manufactureras", "label": "Otro comercio", "color": "#6B7280", "icon": "🏬"}}, {"type": "Feature", "geometry": {"type": "Point", "coordinates": [-99.18571056, 19.35245562]}, "properties": {"nombre": "NISSAN MEXICANA", "sector": "Fabricación de automóviles y camionetas", "label": "Otro comercio", "color": "#6B7280", "icon": "🏬"}}, {"type": "Feature", "geometry": {"type": "Point", "coordinates": [-99.21338793, 19.35642047]}, "properties": {"nombre": "PERSIANAS Y TOLDOS DE LUJO", "sector": "Fabricación de persianas y cortineros", "label": "Otro comercio", "color": "#6B7280", "icon": "🏬"}}, {"type": "Feature", "geometry": {"type": "Point", "coordinates": [-99.19326368, 19.37566495]}, "properties": {"nombre": "PULSO", "sector": "Fabricación de anuncios y señalamientos", "label": "Otro comercio", "color": "#6B7280", "icon": "🏬"}}, {"type": "Feature", "geometry": {"type": "Point", "coordinates": [-99.20115524, 19.38894222]}, "properties": {"nombre": "SERVICIO GARCIA", "sector": "Fabricación de estructuras metálicas", "label": "Otro comercio", "color": "#6B7280", "icon": "🏬"}}, {"type": "Feature", "geometry": {"type": "Point", "coordinates": [-99.19380032, 19.37619085]}, "properties": {"nombre": "TALLER DE CARPINTERIA JESUS", "sector": "Fabricación de muebles, excepto cocinas integrales, muebles modulares de baño y ", "label": "Otro comercio", "color": "#6B7280", "icon": "🏬"}}, {"type": "Feature", "geometry": {"type": "Point", "coordinates": [-99.20403301, 19.37481719]}, "properties": {"nombre": "TALLER DE CUCHILLOS EL TRIUNFO", "sector": "Fabricación de utensilios de cocina metálicos", "label": "Otro comercio", "color": "#6B7280", "icon": "🏬"}}, {"type": "Feature", "geometry": {"type": "Point", "coordinates": [-99.19341385, 19.37543418]}, "properties": {"nombre": "TALLER DE HERRERIA MANOFACTURA METALICA", "sector": "Fabricación de productos de herrería", "label": "Otro comercio", "color": "#6B7280", "icon": "🏬"}}, {"type": "Feature", "geometry": {"type": "Point", "coordinates": [-99.19730838, 19.38055163]}, "properties": {"nombre": "TALLER DE TORNO Y RECTIFICACIONES MERAS", "sector": "Maquinado de piezas metálicas para maquinaria y equipo en general", "label": "Otro comercio", "color": "#6B7280", "icon": "🏬"}}, {"type": "Feature", "geometry": {"type": "Point", "coordinates": [-99.1987828, 19.40173634]}, "properties": {"nombre": "TALLER TORNILLOS Y TUERCAS", "sector": "Fabricación de tornillos, tuercas, remaches y similares", "label": "Otro comercio", "color": "#6B7280", "icon": "🏬"}}, {"type": "Feature", "geometry": {"type": "Point", "coordinates": [-99.22119484, 19.36913568]}, "properties": {"nombre": "TECNO DAMAISXI", "sector": "Fabricación de persianas y cortineros", "label": "Otro comercio", "color": "#6B7280", "icon": "🏬"}}, {"type": "Feature", "geometry": {"type": "Point", "coordinates": [-99.20087858, 19.33793122]}, "properties": {"nombre": "ABARROTES MAGUI", "sector": "Comercio al por mayor de abarrotes", "label": "Otro comercio", "color": "#6B7280", "icon": "🏬"}}, {"type": "Feature", "geometry": {"type": "Point", "coordinates": [-99.19318342, 19.37426759]}, "properties": {"nombre": "ACEROS MIXCOAC", "sector": "Comercio al por mayor de materiales metálicos para la construcción y la manufact", "label": "Otro comercio", "color": "#6B7280", "icon": "🏬"}}, {"type": "Feature", "geometry": {"type": "Point", "coordinates": [-99.21590806, 19.37280689]}, "properties": {"nombre": "AM ROMA Y CIA OLIVAR", "sector": "Comercio al por mayor de fertilizantes, plaguicidas y semillas para siembra", "label": "Otro comercio", "color": "#6B7280", "icon": "🏬"}}, {"type": "Feature", "geometry": {"type": "Point", "coordinates": [-99.19045608, 19.33996514]}, "properties": {"nombre": "BEAUTYGE MEXICO", "sector": "Comercio al por mayor de artículos de perfumería y cosméticos", "label": "Otro comercio", "color": "#6B7280", "icon": "🏬"}}, {"type": "Feature", "geometry": {"type": "Point", "coordinates": [-99.18862967, 19.34862948]}, "properties": {"nombre": "BG EXPO GRUP", "sector": "Comercio al por mayor de equipo y material eléctrico", "label": "Otro comercio", "color": "#6B7280", "icon": "🏬"}}, {"type": "Feature", "geometry": {"type": "Point", "coordinates": [-99.20418451, 19.3758839]}, "properties": {"nombre": "BIO SER NATURAL", "sector": "Comercio al por mayor de productos farmacéuticos", "label": "Otro comercio", "color": "#6B7280", "icon": "🏬"}}, {"type": "Feature", "geometry": {"type": "Point", "coordinates": [-99.20566011, 19.34121977]}, "properties": {"nombre": "BODEGA TOLUCA", "sector": "Comercio al por mayor de desechos metálicos", "label": "Otro comercio", "color": "#6B7280", "icon": "🏬"}}, {"type": "Feature", "geometry": {"type": "Point", "coordinates": [-99.19108024, 19.33975822]}, "properties": {"nombre": "CELANESE COMERCIAL", "sector": "Comercio al por mayor de otras materias primas para otras industrias", "label": "Otro comercio", "color": "#6B7280", "icon": "🏬"}}, {"type": "Feature", "geometry": {"type": "Point", "coordinates": [-99.19000392, 19.34114074]}, "properties": {"nombre": "CELLMARK PAPER", "sector": "Comercio al por mayor de envases en general, papel y cartón para la industria", "label": "Otro comercio", "color": "#6B7280", "icon": "🏬"}}, {"type": "Feature", "geometry": {"type": "Point", "coordinates": [-99.18862967, 19.34862948]}, "properties": {"nombre": "CIRYDERM PRODUCTOS DE BELLEZA", "sector": "Comercio al por mayor de artículos de perfumería y cosméticos", "label": "Otro comercio", "color": "#6B7280", "icon": "🏬"}}, {"type": "Feature", "geometry": {"type": "Point", "coordinates": [-99.2067264, 19.37321232]}, "properties": {"nombre": "COMPRA VENTA DE ORO Y PLATA SIN NOMBRE", "sector": "Comercio al por mayor de artículos de joyería y relojes", "label": "Otro comercio", "color": "#6B7280", "icon": "🏬"}}, {"type": "Feature", "geometry": {"type": "Point", "coordinates": [-99.20241777, 19.33932259]}, "properties": {"nombre": "CONSTRUCCIONES MADERA", "sector": "Comercio al por mayor de madera para la construcción y la industria", "label": "Otro comercio", "color": "#6B7280", "icon": "🏬"}}, {"type": "Feature", "geometry": {"type": "Point", "coordinates": [-99.26259221, 19.3685184]}, "properties": {"nombre": "CORPORATIVO", "sector": "Comercio al por mayor de productos farmacéuticos", "label": "Otro comercio", "color": "#6B7280", "icon": "🏬"}}, {"type": "Feature", "geometry": {"type": "Point", "coordinates": [-99.21762983, 19.37166162]}, "properties": {"nombre": "DISTRIBUIDORA DE ENCHAPADOS Y TRIPLAY DUART", "sector": "Comercio al por mayor de madera para la construcción y la industria", "label": "Otro comercio", "color": "#6B7280", "icon": "🏬"}}, {"type": "Feature", "geometry": {"type": "Point", "coordinates": [-99.19217397, 19.39538925]}, "properties": {"nombre": "EL NIDO", "sector": "Comercio al por mayor de cemento, tabique y grava", "label": "Otro comercio", "color": "#6B7280", "icon": "🏬"}}, {"type": "Feature", "geometry": {"type": "Point", "coordinates": [-99.21321603, 19.30895538]}, "properties": {"nombre": "EMPACK CAJAS DE CARTON", "sector": "Comercio al por mayor de envases en general, papel y cartón para la industria", "label": "Otro comercio", "color": "#6B7280", "icon": "🏬"}}, {"type": "Feature", "geometry": {"type": "Point", "coordinates": [-99.21385387, 19.30740054]}, "properties": {"nombre": "EMPACK SANTA TERESA", "sector": "Comercio al por mayor de envases en general, papel y cartón para la industria", "label": "Otro comercio", "color": "#6B7280", "icon": "🏬"}}, {"type": "Feature", "geometry": {"type": "Point", "coordinates": [-99.18568417, 19.35583129]}, "properties": {"nombre": "ENEROIL", "sector": "Comercio al por mayor de combustibles de uso industrial", "label": "Otro comercio", "color": "#6B7280", "icon": "🏬"}}, {"type": "Feature", "geometry": {"type": "Point", "coordinates": [-99.19397642, 19.39218826]}, "properties": {"nombre": "EPM ELECTRO PRODUCTOS DE MEXICO", "sector": "Comercio al por mayor de equipo y material eléctrico", "label": "Otro comercio", "color": "#6B7280", "icon": "🏬"}}, {"type": "Feature", "geometry": {"type": "Point", "coordinates": [-99.20052146, 19.38804472]}, "properties": {"nombre": "EQUIPOS Y SOLDADURAS DEL SUR", "sector": "Comercio al por mayor de productos químicos para la industria farmacéutica y par", "label": "Otro comercio", "color": "#6B7280", "icon": "🏬"}}, {"type": "Feature", "geometry": {"type": "Point", "coordinates": [-99.17628666, 19.35334053]}, "properties": {"nombre": "EXPENDIO NUMERO 32", "sector": "Comercio al por mayor de revistas y periódicos", "label": "Otro comercio", "color": "#6B7280", "icon": "🏬"}}, {"type": "Feature", "geometry": {"type": "Point", "coordinates": [-99.20269194, 19.37505124]}, "properties": {"nombre": "FESTER ASPHALTUM", "sector": "Comercio al por mayor de pintura", "label": "Otro comercio", "color": "#6B7280", "icon": "🏬"}}, {"type": "Feature", "geometry": {"type": "Point", "coordinates": [-99.18430866, 19.35763847]}, "properties": {"nombre": "FISHER & PAYKEL HEALTHCARE MEXICO", "sector": "Comercio al por mayor de mobiliario, equipo e instrumental médico y de laborator", "label": "Otro comercio", "color": "#6B7280", "icon": "🏬"}}, {"type": "Feature", "geometry": {"type": "Point", "coordinates": [-99.17923989, 19.36275472]}, "properties": {"nombre": "FLUIDOS TECNICOS", "sector": "Comercio al por mayor de maquinaria y equipo para la industria manufacturera", "label": "Otro comercio", "color": "#6B7280", "icon": "🏬"}}, {"type": "Feature", "geometry": {"type": "Point", "coordinates": [-99.18448428, 19.35168247]}, "properties": {"nombre": "GLOBAL TRANSFORMATION", "sector": "Comercio al por mayor de partes y refacciones nuevas para automóviles, camioneta", "label": "Otro comercio", "color": "#6B7280", "icon": "🏬"}}, {"type": "Feature", "geometry": {"type": "Point", "coordinates": [-99.17972712, 19.35079053]}, "properties": {"nombre": "GRT PRODUCTS", "sector": "Comercio al por mayor de partes y refacciones nuevas para automóviles, camioneta", "label": "Otro comercio", "color": "#6B7280", "icon": "🏬"}}, {"type": "Feature", "geometry": {"type": "Point", "coordinates": [-99.18535071, 19.35440528]}, "properties": {"nombre": "GRUPO BIOTOSCANA DE ESPECIALIDAD", "sector": "Comercio al por mayor de productos farmacéuticos", "label": "Otro comercio", "color": "#6B7280", "icon": "🏬"}}, {"type": "Feature", "geometry": {"type": "Point", "coordinates": [-99.1850465, 19.35534017]}, "properties": {"nombre": "HTV LATINOAMERICA", "sector": "Comercio al por mayor de abarrotes", "label": "Otro comercio", "color": "#6B7280", "icon": "🏬"}}, {"type": "Feature", "geometry": {"type": "Point", "coordinates": [-99.19034877, 19.33919508]}, "properties": {"nombre": "IMPULSORA DE DESARROLLO DE MERCADOS DE MEXICO", "sector": "Comercio al por mayor de semillas y granos alimenticios, especias y chiles secos", "label": "Otro comercio", "color": "#6B7280", "icon": "🏬"}}, {"type": "Feature", "geometry": {"type": "Point", "coordinates": [-99.19218208, 19.37513539]}, "properties": {"nombre": "INFRA", "sector": "Comercio al por mayor de productos químicos para la industria farmacéutica y par", "label": "Otro comercio", "color": "#6B7280", "icon": "🏬"}}, {"type": "Feature", "geometry": {"type": "Point", "coordinates": [-99.19680797, 19.3755303]}, "properties": {"nombre": "INGENIERIA Y DESARROLLO ALIMENTARIO", "sector": "Comercio al por mayor de productos químicos para la industria farmacéutica y par", "label": "Otro comercio", "color": "#6B7280", "icon": "🏬"}}, {"type": "Feature", "geometry": {"type": "Point", "coordinates": [-99.18756252, 19.35631204]}, "properties": {"nombre": "INVESTAT", "sector": "Comercio al por mayor de otros materiales para la construcción, excepto de mader", "label": "Otro comercio", "color": "#6B7280", "icon": "🏬"}}, {"type": "Feature", "geometry": {"type": "Point", "coordinates": [-99.18932746, 19.36279153]}, "properties": {"nombre": "JAPAY", "sector": "Comercio al por mayor de mobiliario y equipo de oficina", "label": "Otro comercio", "color": "#6B7280", "icon": "🏬"}}, {"type": "Feature", "geometry": {"type": "Point", "coordinates": [-99.19044112, 19.34000405]}, "properties": {"nombre": "JAZWARES", "sector": "Comercio al por mayor de juguetes y bicicletas", "label": "Otro comercio", "color": "#6B7280", "icon": "🏬"}}, {"type": "Feature", "geometry": {"type": "Point", "coordinates": [-99.19661941, 19.37458567]}, "properties": {"nombre": "LA FAVORITA", "sector": "Comercio al por mayor de abarrotes", "label": "Otro comercio", "color": "#6B7280", "icon": "🏬"}}, {"type": "Feature", "geometry": {"type": "Point", "coordinates": [-99.19497187, 19.3733408]}, "properties": {"nombre": "LA PROVIDENCIA", "sector": "Comercio al por mayor de desechos metálicos", "label": "Otro comercio", "color": "#6B7280", "icon": "🏬"}}, {"type": "Feature", "geometry": {"type": "Point", "coordinates": [-99.19050489, 19.33983822]}, "properties": {"nombre": "LABORATORIOS ALFASIGMA MEXICO", "sector": "Comercio al por mayor de productos farmacéuticos", "label": "Otro comercio", "color": "#6B7280", "icon": "🏬"}}, {"type": "Feature", "geometry": {"type": "Point", "coordinates": [-99.18531201, 19.35696184]}, "properties": {"nombre": "LEACSA", "sector": "Comercio al por mayor de productos químicos para la industria farmacéutica y par", "label": "Otro comercio", "color": "#6B7280", "icon": "🏬"}}, {"type": "Feature", "geometry": {"type": "Point", "coordinates": [-99.18982457, 19.35544283]}, "properties": {"nombre": "LUO SMART", "sector": "Comercio al por mayor de mobiliario, equipo e instrumental médico y de laborator", "label": "Otro comercio", "color": "#6B7280", "icon": "🏬"}}, {"type": "Feature", "geometry": {"type": "Point", "coordinates": [-99.20630911, 19.34122597]}, "properties": {"nombre": "MADERAS BELTRAN", "sector": "Comercio al por mayor de madera para la construcción y la industria", "label": "Otro comercio", "color": "#6B7280", "icon": "🏬"}}, {"type": "Feature", "geometry": {"type": "Point", "coordinates": [-99.20246167, 19.37589781]}, "properties": {"nombre": "MADERERIA LA CIMA BODEGA", "sector": "Comercio al por mayor de madera para la construcción y la industria", "label": "Otro comercio", "color": "#6B7280", "icon": "🏬"}}, {"type": "Feature", "geometry": {"type": "Point", "coordinates": [-99.21957374, 19.35075342]}, "properties": {"nombre": "MATERIAL PARA TABLAROCA SIN NOMBRE", "sector": "Comercio al por mayor de otros materiales para la construcción, excepto de mader", "label": "Otro comercio", "color": "#6B7280", "icon": "🏬"}}, {"type": "Feature", "geometry": {"type": "Point", "coordinates": [-99.19661713, 19.37294145]}, "properties": {"nombre": "MATERIALES PARA CONSTRUCCION", "sector": "Comercio al por mayor de cemento, tabique y grava", "label": "Otro comercio", "color": "#6B7280", "icon": "🏬"}}, {"type": "Feature", "geometry": {"type": "Point", "coordinates": [-99.2010222, 19.3887516]}, "properties": {"nombre": "MATERIALES PARA CONSTRUCCION", "sector": "Comercio al por mayor de cemento, tabique y grava", "label": "Otro comercio", "color": "#6B7280", "icon": "🏬"}}, {"type": "Feature", "geometry": {"type": "Point", "coordinates": [-99.21602353, 19.3732068]}, "properties": {"nombre": "MATERIALES PARA CONSTRUCCION LA 23", "sector": "Comercio al por mayor de cemento, tabique y grava", "label": "Otro comercio", "color": "#6B7280", "icon": "🏬"}}, {"type": "Feature", "geometry": {"type": "Point", "coordinates": [-99.20975164, 19.39351201]}, "properties": {"nombre": "MATERIALES SANTO DOMINGO", "sector": "Comercio al por mayor de cemento, tabique y grava", "label": "Otro comercio", "color": "#6B7280", "icon": "🏬"}}, {"type": "Feature", "geometry": {"type": "Point", "coordinates": [-99.21025, 19.39353306]}, "properties": {"nombre": "MATERIALES Y ACERO STO DOMINGO", "sector": "Comercio al por mayor de cemento, tabique y grava", "label": "Otro comercio", "color": "#6B7280", "icon": "🏬"}}, {"type": "Feature", "geometry": {"type": "Point", "coordinates": [-99.18534428, 19.35361355]}, "properties": {"nombre": "MEDICAL INNOVATION SERVICE", "sector": "Comercio al por mayor de mobiliario, equipo e instrumental médico y de laborator", "label": "Otro comercio", "color": "#6B7280", "icon": "🏬"}}, {"type": "Feature", "geometry": {"type": "Point", "coordinates": [-99.1871217, 19.34894445]}, "properties": {"nombre": "MERCANTIL DE PRODUCTOS MORELOS", "sector": "Comercio al por mayor de semillas y granos alimenticios, especias y chiles secos", "label": "Otro comercio", "color": "#6B7280", "icon": "🏬"}}, {"type": "Feature", "geometry": {"type": "Point", "coordinates": [-99.1843019, 19.35766155]}, "properties": {"nombre": "MIDCHEM MEXICO", "sector": "Comercio al por mayor de productos químicos para la industria farmacéutica y par", "label": "Otro comercio", "color": "#6B7280", "icon": "🏬"}}, {"type": "Feature", "geometry": {"type": "Point", "coordinates": [-99.18948341, 19.34828509]}, "properties": {"nombre": "MOTIONCORP", "sector": "Comercio al por mayor de mobiliario, equipo e instrumental médico y de laborator", "label": "Otro comercio", "color": "#6B7280", "icon": "🏬"}}, {"type": "Feature", "geometry": {"type": "Point", "coordinates": [-99.20357587, 19.33877389]}, "properties": {"nombre": "MUROS LUZ", "sector": "Comercio al por mayor de otros materiales para la construcción, excepto de mader", "label": "Otro comercio", "color": "#6B7280", "icon": "🏬"}}, {"type": "Feature", "geometry": {"type": "Point", "coordinates": [-99.18516973, 19.35494064]}, "properties": {"nombre": "OUTSHINE MEXICO", "sector": "Comercio al por mayor de ropa, bisutería y accesorios de vestir", "label": "Otro comercio", "color": "#6B7280", "icon": "🏬"}}, {"type": "Feature", "geometry": {"type": "Point", "coordinates": [-99.20182999, 19.40137606]}, "properties": {"nombre": "PLAFORAMA CDMX OBSERVATORIO", "sector": "Comercio al por mayor de cemento, tabique y grava", "label": "Otro comercio", "color": "#6B7280", "icon": "🏬"}}, {"type": "Feature", "geometry": {"type": "Point", "coordinates": [-99.18460218, 19.35667042]}, "properties": {"nombre": "PLAYMOBIL MEXICO", "sector": "Comercio al por mayor de juguetes y bicicletas", "label": "Otro comercio", "color": "#6B7280", "icon": "🏬"}}, {"type": "Feature", "geometry": {"type": "Point", "coordinates": [-99.19850975, 19.37413797]}, "properties": {"nombre": "POLIACRIL", "sector": "Comercio al por mayor de otros materiales para la construcción, excepto de mader", "label": "Otro comercio", "color": "#6B7280", "icon": "🏬"}}, {"type": "Feature", "geometry": {"type": "Point", "coordinates": [-99.1922815, 19.37516372]}, "properties": {"nombre": "PRAXAIR MEXICO", "sector": "Comercio al por mayor de productos químicos para la industria farmacéutica y par", "label": "Otro comercio", "color": "#6B7280", "icon": "🏬"}}, {"type": "Feature", "geometry": {"type": "Point", "coordinates": [-99.19443391, 19.39260429]}, "properties": {"nombre": "PUBLICIDAD", "sector": "Comercio al por mayor de artículos y accesorios para diseño y pintura artística", "label": "Otro comercio", "color": "#6B7280", "icon": "🏬"}}, {"type": "Feature", "geometry": {"type": "Point", "coordinates": [-99.19045413, 19.33997022]}, "properties": {"nombre": "QIAGEN MEXICO", "sector": "Comercio al por mayor de mobiliario, equipo e instrumental médico y de laborator", "label": "Otro comercio", "color": "#6B7280", "icon": "🏬"}}, {"type": "Feature", "geometry": {"type": "Point", "coordinates": [-99.204395, 19.37386637]}, "properties": {"nombre": "RECICLABLES EL PARQUE", "sector": "Comercio al por mayor de desechos metálicos", "label": "Otro comercio", "color": "#6B7280", "icon": "🏬"}}, {"type": "Feature", "geometry": {"type": "Point", "coordinates": [-99.18862967, 19.34862948]}, "properties": {"nombre": "SAC GRUPO DE INGENIERIA", "sector": "Comercio al por mayor de mobiliario, equipo, y accesorios de cómputo", "label": "Otro comercio", "color": "#6B7280", "icon": "🏬"}}, {"type": "Feature", "geometry": {"type": "Point", "coordinates": [-99.19034877, 19.33919508]}, "properties": {"nombre": "SIATSA", "sector": "Comercio al por mayor de mobiliario, equipo, y accesorios de cómputo", "label": "Otro comercio", "color": "#6B7280", "icon": "🏬"}}, {"type": "Feature", "geometry": {"type": "Point", "coordinates": [-99.18862967, 19.34862948]}, "properties": {"nombre": "STRATUS TECHNOLOGIES MEXICO", "sector": "Comercio al por mayor de mobiliario, equipo, y accesorios de cómputo", "label": "Otro comercio", "color": "#6B7280", "icon": "🏬"}}, {"type": "Feature", "geometry": {"type": "Point", "coordinates": [-99.18983206, 19.35537642]}, "properties": {"nombre": "TALABARTERIA HIPODROMO", "sector": "Comercio al por mayor de cueros y pieles", "label": "Otro comercio", "color": "#6B7280", "icon": "🏬"}}, {"type": "Feature", "geometry": {"type": "Point", "coordinates": [-99.18535071, 19.35440528]}, "properties": {"nombre": "TECNOLOGIA QUIMICA ESPECIALIZADA", "sector": "Comercio al por mayor de productos químicos para la industria farmacéutica y par", "label": "Otro comercio", "color": "#6B7280", "icon": "🏬"}}, {"type": "Feature", "geometry": {"type": "Point", "coordinates": [-99.18534504, 19.35361127]}, "properties": {"nombre": "TEICO INNOVATIONS", "sector": "Comercio al por mayor de productos farmacéuticos", "label": "Otro comercio", "color": "#6B7280", "icon": "🏬"}}, {"type": "Feature", "geometry": {"type": "Point", "coordinates": [-99.21167304, 19.38798897]}, "properties": {"nombre": "TIENDA DE ARTICULOS ELECTRICOS SIN NOMBRE", "sector": "Comercio al por mayor de equipo y material eléctrico", "label": "Otro comercio", "color": "#6B7280", "icon": "🏬"}}, {"type": "Feature", "geometry": {"type": "Point", "coordinates": [-99.21698233, 19.37227191]}, "properties": {"nombre": "TIENDA DE PRODUCTOS DENTALES", "sector": "Comercio al por mayor de mobiliario, equipo e instrumental médico y de laborator", "label": "Otro comercio", "color": "#6B7280", "icon": "🏬"}}, {"type": "Feature", "geometry": {"type": "Point", "coordinates": [-99.21309831, 19.30941661]}, "properties": {"nombre": "TIENDA DE TRAJES DEPORTIVOS BLU LAGOON SWIM WEAR", "sector": "Comercio al por mayor de artículos y aparatos deportivos", "label": "Otro comercio", "color": "#6B7280", "icon": "🏬"}}, {"type": "Feature", "geometry": {"type": "Point", "coordinates": [-99.18491831, 19.35575583]}, "properties": {"nombre": "TUBOTELLA EN MEXICO", "sector": "Intermediación de comercio al por mayor de productos para la industria, el comer", "label": "Otro comercio", "color": "#6B7280", "icon": "🏬"}}, {"type": "Feature", "geometry": {"type": "Point", "coordinates": [-99.1845853, 19.35671925]}, "properties": {"nombre": "TUTUM TECH", "sector": "Comercio al por mayor de mobiliario, equipo, y accesorios de cómputo", "label": "Otro comercio", "color": "#6B7280", "icon": "🏬"}}, {"type": "Feature", "geometry": {"type": "Point", "coordinates": [-99.18967481, 19.35666038]}, "properties": {"nombre": "VIMAJA", "sector": "Comercio al por mayor de ropa, bisutería y accesorios de vestir", "label": "Otro comercio", "color": "#6B7280", "icon": "🏬"}}, {"type": "Feature", "geometry": {"type": "Point", "coordinates": [-99.19049857, 19.33985465]}, "properties": {"nombre": "WACKER MEXICANA", "sector": "Comercio al por mayor de productos químicos para la industria farmacéutica y par", "label": "Otro comercio", "color": "#6B7280", "icon": "🏬"}}, {"type": "Feature", "geometry": {"type": "Point", "coordinates": [-99.18508832, 19.35520455]}, "properties": {"nombre": "YATA PRODUCTS DE MEXICO", "sector": "Comercio al por mayor de mobiliario y equipo de oficina", "label": "Otro comercio", "color": "#6B7280", "icon": "🏬"}}, {"type": "Feature", "geometry": {"type": "Point", "coordinates": [-99.18577398, 19.35225214]}, "properties": {"nombre": "07498 EL GLOBO LA FLORIDA", "sector": "Comercio al por menor de otros alimentos", "label": "Otro comercio", "color": "#6B7280", "icon": "🏬"}}, {"type": "Feature", "geometry": {"type": "Point", "coordinates": [-99.18054123, 19.34923746]}, "properties": {"nombre": "07585 EL GLOBO CORPORATIVO SANTA FE", "sector": "Comercio al por menor de otros alimentos", "label": "Otro comercio", "color": "#6B7280", "icon": "🏬"}}, {"type": "Feature", "geometry": {"type": "Point", "coordinates": [-99.19095217, 19.34137906]}, "properties": {"nombre": "080 MODATELAS REVOLUCION", "sector": "Comercio al por menor de telas", "label": "Otro comercio", "color": "#6B7280", "icon": "🏬"}}, {"type": "Feature", "geometry": {"type": "Point", "coordinates": [-99.18768199, 19.34750209]}, "properties": {"nombre": "21 HD XXI", "sector": "Comercio al por menor de gasolina y diesel", "label": "Otro comercio", "color": "#6B7280", "icon": "🏬"}}, {"type": "Feature", "geometry": {"type": "Point", "coordinates": [-99.1899405, 19.34637314]}, "properties": {"nombre": "7 ELEVEN SUC 0655 SAN ANGEL", "sector": "Comercio al por menor en minisupers", "label": "Minisupers", "color": "#06B6D4", "icon": "🏪"}}, {"type": "Feature", "geometry": {"type": "Point", "coordinates": [-99.18943522, 19.3619632]}, "properties": {"nombre": "7 ELEVEN SUC 0749 CONDOR", "sector": "Comercio al por menor en minisupers", "label": "Minisupers", "color": "#06B6D4", "icon": "🏪"}}, {"type": "Feature", "geometry": {"type": "Point", "coordinates": [-99.18489524, 19.35583066]}, "properties": {"nombre": "7 ELEVEN SUC 1134 EL OLIVO", "sector": "Comercio al por menor en minisupers", "label": "Minisupers", "color": "#06B6D4", "icon": "🏪"}}, {"type": "Feature", "geometry": {"type": "Point", "coordinates": [-99.18996294, 19.34414066]}, "properties": {"nombre": "7 ELEVEN SUC 1461 DR. GALVEZ", "sector": "Comercio al por menor en minisupers", "label": "Minisupers", "color": "#06B6D4", "icon": "🏪"}}, {"type": "Feature", "geometry": {"type": "Point", "coordinates": [-99.1848984, 19.35582041]}, "properties": {"nombre": "7 ELEVEN SUC 2187 JUVENTINO ROSAS II", "sector": "Comercio al por menor en minisupers", "label": "Minisupers", "color": "#06B6D4", "icon": "🏪"}}, {"type": "Feature", "geometry": {"type": "Point", "coordinates": [-99.20278157, 19.38997986]}, "properties": {"nombre": "7 ELEVEN SUC 2522 REAL A TOLUCA", "sector": "Comercio al por menor en minisupers", "label": "Minisupers", "color": "#06B6D4", "icon": "🏪"}}, {"type": "Feature", "geometry": {"type": "Point", "coordinates": [-99.17516067, 19.35448998]}, "properties": {"nombre": "7 ELEVEN SUC 2625 NUEVA VIVEROS", "sector": "Comercio al por menor en minisupers", "label": "Minisupers", "color": "#06B6D4", "icon": "🏪"}}, {"type": "Feature", "geometry": {"type": "Point", "coordinates": [-99.19243181, 19.37533966]}, "properties": {"nombre": "A LA MONTAÑA", "sector": "Comercio al por menor de bicicletas", "label": "Otro comercio", "color": "#6B7280", "icon": "🏬"}}, {"type": "Feature", "geometry": {"type": "Point", "coordinates": [-99.18601798, 19.35482512]}, "properties": {"nombre": "ABARROTES ALADINO", "sector": "Comercio al por menor en tiendas de abarrotes, ultramarinos y misceláneas", "label": "Abarrotes/Misceláneas", "color": "#F59E0B", "icon": "🛒"}}, {"type": "Feature", "geometry": {"type": "Point", "coordinates": [-99.2019285, 19.33892532]}, "properties": {"nombre": "ABARROTES ANGELITOS", "sector": "Comercio al por menor en tiendas de abarrotes, ultramarinos y misceláneas", "label": "Abarrotes/Misceláneas", "color": "#F59E0B", "icon": "🛒"}}, {"type": "Feature", "geometry": {"type": "Point", "coordinates": [-99.20376296, 19.37582965]}, "properties": {"nombre": "ABARROTES BETY", "sector": "Comercio al por menor en tiendas de abarrotes, ultramarinos y misceláneas", "label": "Abarrotes/Misceláneas", "color": "#F59E0B", "icon": "🛒"}}, {"type": "Feature", "geometry": {"type": "Point", "coordinates": [-99.21557211, 19.37231845]}, "properties": {"nombre": "ABARROTES C23", "sector": "Comercio al por menor en tiendas de abarrotes, ultramarinos y misceláneas", "label": "Abarrotes/Misceláneas", "color": "#F59E0B", "icon": "🛒"}}, {"type": "Feature", "geometry": {"type": "Point", "coordinates": [-99.20541693, 19.37427693]}, "properties": {"nombre": "ABARROTES CASA GIL", "sector": "Comercio al por menor en tiendas de abarrotes, ultramarinos y misceláneas", "label": "Abarrotes/Misceláneas", "color": "#F59E0B", "icon": "🛒"}}, {"type": "Feature", "geometry": {"type": "Point", "coordinates": [-99.20604191, 19.34122342]}, "properties": {"nombre": "ABARROTES CHAYITO", "sector": "Comercio al por menor en tiendas de abarrotes, ultramarinos y misceláneas", "label": "Abarrotes/Misceláneas", "color": "#F59E0B", "icon": "🛒"}}, {"type": "Feature", "geometry": {"type": "Point", "coordinates": [-99.19505967, 19.39488553]}, "properties": {"nombre": "ABARROTES CHELA", "sector": "Comercio al por menor en tiendas de abarrotes, ultramarinos y misceláneas", "label": "Abarrotes/Misceláneas", "color": "#F59E0B", "icon": "🛒"}}, {"type": "Feature", "geometry": {"type": "Point", "coordinates": [-99.19824535, 19.37397271]}, "properties": {"nombre": "ABARROTES CUAUHNAHUAC", "sector": "Comercio al por menor en tiendas de abarrotes, ultramarinos y misceláneas", "label": "Abarrotes/Misceláneas", "color": "#F59E0B", "icon": "🛒"}}, {"type": "Feature", "geometry": {"type": "Point", "coordinates": [-99.20735506, 19.37534596]}, "properties": {"nombre": "ABARROTES DAMIN", "sector": "Comercio al por menor en tiendas de abarrotes, ultramarinos y misceláneas", "label": "Abarrotes/Misceláneas", "color": "#F59E0B", "icon": "🛒"}}, {"type": "Feature", "geometry": {"type": "Point", "coordinates": [-99.20883061, 19.37453732]}, "properties": {"nombre": "ABARROTES DON BETO", "sector": "Comercio al por menor en tiendas de abarrotes, ultramarinos y misceláneas", "label": "Abarrotes/Misceláneas", "color": "#F59E0B", "icon": "🛒"}}, {"type": "Feature", "geometry": {"type": "Point", "coordinates": [-99.22324437, 19.37729974]}, "properties": {"nombre": "ABARROTES DULCE", "sector": "Comercio al por menor en tiendas de abarrotes, ultramarinos y misceláneas", "label": "Abarrotes/Misceláneas", "color": "#F59E0B", "icon": "🛒"}}, {"type": "Feature", "geometry": {"type": "Point", "coordinates": [-99.22053562, 19.36935639]}, "properties": {"nombre": "ABARROTES EL ESFUERZO", "sector": "Comercio al por menor en tiendas de abarrotes, ultramarinos y misceláneas", "label": "Abarrotes/Misceláneas", "color": "#F59E0B", "icon": "🛒"}}, {"type": "Feature", "geometry": {"type": "Point", "coordinates": [-99.21670553, 19.37202469]}, "properties": {"nombre": "ABARROTES EL IMPERIO", "sector": "Comercio al por menor en tiendas de abarrotes, ultramarinos y misceláneas", "label": "Abarrotes/Misceláneas", "color": "#F59E0B", "icon": "🛒"}}, {"type": "Feature", "geometry": {"type": "Point", "coordinates": [-99.20209538, 19.38863469]}, "properties": {"nombre": "ABARROTES EL OASIS", "sector": "Comercio al por menor en tiendas de abarrotes, ultramarinos y misceláneas", "label": "Abarrotes/Misceláneas", "color": "#F59E0B", "icon": "🛒"}}, {"type": "Feature", "geometry": {"type": "Point", "coordinates": [-99.25180598, 19.32926242]}, "properties": {"nombre": "ABARROTES EL OASIS", "sector": "Comercio al por menor en tiendas de abarrotes, ultramarinos y misceláneas", "label": "Abarrotes/Misceláneas", "color": "#F59E0B", "icon": "🛒"}}, {"type": "Feature", "geometry": {"type": "Point", "coordinates": [-99.19440609, 19.39631895]}, "properties": {"nombre": "ABARROTES EL PAYASITO", "sector": "Comercio al por menor en tiendas de abarrotes, ultramarinos y misceláneas", "label": "Abarrotes/Misceláneas", "color": "#F59E0B", "icon": "🛒"}}, {"type": "Feature", "geometry": {"type": "Point", "coordinates": [-99.2028145, 19.37543562]}, "properties": {"nombre": "ABARROTES EL RETORNO", "sector": "Comercio al por menor en tiendas de abarrotes, ultramarinos y misceláneas", "label": "Abarrotes/Misceláneas", "color": "#F59E0B", "icon": "🛒"}}, {"type": "Feature", "geometry": {"type": "Point", "coordinates": [-99.20214693, 19.38880036]}, "properties": {"nombre": "ABARROTES EL TIO", "sector": "Comercio al por menor en tiendas de abarrotes, ultramarinos y misceláneas", "label": "Abarrotes/Misceláneas", "color": "#F59E0B", "icon": "🛒"}}, {"type": "Feature", "geometry": {"type": "Point", "coordinates": [-99.19372409, 19.39709002]}, "properties": {"nombre": "ABARROTES ERICKA", "sector": "Comercio al por menor en tiendas de abarrotes, ultramarinos y misceláneas", "label": "Abarrotes/Misceláneas", "color": "#F59E0B", "icon": "🛒"}}, {"type": "Feature", "geometry": {"type": "Point", "coordinates": [-99.2164539, 19.3871622]}, "properties": {"nombre": "ABARROTES ESTRELLA LUNA", "sector": "Comercio al por menor en tiendas de abarrotes, ultramarinos y misceláneas", "label": "Abarrotes/Misceláneas", "color": "#F59E0B", "icon": "🛒"}}, {"type": "Feature", "geometry": {"type": "Point", "coordinates": [-99.20237978, 19.38942785]}, "properties": {"nombre": "ABARROTES FLASH", "sector": "Comercio al por menor en tiendas de abarrotes, ultramarinos y misceláneas", "label": "Abarrotes/Misceláneas", "color": "#F59E0B", "icon": "🛒"}}, {"type": "Feature", "geometry": {"type": "Point", "coordinates": [-99.19777025, 19.37390421]}, "properties": {"nombre": "ABARROTES GARCIA", "sector": "Comercio al por menor en tiendas de abarrotes, ultramarinos y misceláneas", "label": "Abarrotes/Misceláneas", "color": "#F59E0B", "icon": "🛒"}}, {"type": "Feature", "geometry": {"type": "Point", "coordinates": [-99.21297433, 19.38724648]}, "properties": {"nombre": "ABARROTES GEMINIS", "sector": "Comercio al por menor en tiendas de abarrotes, ultramarinos y misceláneas", "label": "Abarrotes/Misceláneas", "color": "#F59E0B", "icon": "🛒"}}, {"type": "Feature", "geometry": {"type": "Point", "coordinates": [-99.21792024, 19.36998589]}, "properties": {"nombre": "ABARROTES KARLA", "sector": "Comercio al por menor en tiendas de abarrotes, ultramarinos y misceláneas", "label": "Abarrotes/Misceláneas", "color": "#F59E0B", "icon": "🛒"}}, {"type": "Feature", "geometry": {"type": "Point", "coordinates": [-99.21128808, 19.38757291]}, "properties": {"nombre": "ABARROTES KIMBRY", "sector": "Comercio al por menor en tiendas de abarrotes, ultramarinos y misceláneas", "label": "Abarrotes/Misceláneas", "color": "#F59E0B", "icon": "🛒"}}, {"type": "Feature", "geometry": {"type": "Point", "coordinates": [-99.21551391, 19.37233353]}, "properties": {"nombre": "ABARROTES LA ADELITA", "sector": "Comercio al por menor en tiendas de abarrotes, ultramarinos y misceláneas", "label": "Abarrotes/Misceláneas", "color": "#F59E0B", "icon": "🛒"}}, {"type": "Feature", "geometry": {"type": "Point", "coordinates": [-99.19726837, 19.38066544]}, "properties": {"nombre": "ABARROTES LA ADELITA", "sector": "Comercio al por menor en tiendas de abarrotes, ultramarinos y misceláneas", "label": "Abarrotes/Misceláneas", "color": "#F59E0B", "icon": "🛒"}}, {"type": "Feature", "geometry": {"type": "Point", "coordinates": [-99.19362814, 19.39514455]}, "properties": {"nombre": "ABARROTES LA CAMPANITA", "sector": "Comercio al por menor en tiendas de abarrotes, ultramarinos y misceláneas", "label": "Abarrotes/Misceláneas", "color": "#F59E0B", "icon": "🛒"}}, {"type": "Feature", "geometry": {"type": "Point", "coordinates": [-99.19497187, 19.3733408]}, "properties": {"nombre": "ABARROTES LA CRESTA DE ORO", "sector": "Comercio al por menor en tiendas de abarrotes, ultramarinos y misceláneas", "label": "Abarrotes/Misceláneas", "color": "#F59E0B", "icon": "🛒"}}, {"type": "Feature", "geometry": {"type": "Point", "coordinates": [-99.19653236, 19.3724814]}, "properties": {"nombre": "ABARROTES LA ESPERANZA", "sector": "Comercio al por menor en tiendas de abarrotes, ultramarinos y misceláneas", "label": "Abarrotes/Misceláneas", "color": "#F59E0B", "icon": "🛒"}}, {"type": "Feature", "geometry": {"type": "Point", "coordinates": [-99.19887602, 19.3777356]}, "properties": {"nombre": "ABARROTES LA ESPERANZA", "sector": "Comercio al por menor en tiendas de abarrotes, ultramarinos y misceláneas", "label": "Abarrotes/Misceláneas", "color": "#F59E0B", "icon": "🛒"}}, {"type": "Feature", "geometry": {"type": "Point", "coordinates": [-99.19410521, 19.39533912]}, "properties": {"nombre": "ABARROTES LA ESPIGA", "sector": "Comercio al por menor en tiendas de abarrotes, ultramarinos y misceláneas", "label": "Abarrotes/Misceláneas", "color": "#F59E0B", "icon": "🛒"}}, {"type": "Feature", "geometry": {"type": "Point", "coordinates": [-99.19517075, 19.3968061]}, "properties": {"nombre": "ABARROTES LA ESTRELLA", "sector": "Comercio al por menor en tiendas de abarrotes, ultramarinos y misceláneas", "label": "Abarrotes/Misceláneas", "color": "#F59E0B", "icon": "🛒"}}, {"type": "Feature", "geometry": {"type": "Point", "coordinates": [-99.21890175, 19.37008897]}, "properties": {"nombre": "ABARROTES LA ESTRELLA", "sector": "Comercio al por menor en tiendas de abarrotes, ultramarinos y misceláneas", "label": "Abarrotes/Misceláneas", "color": "#F59E0B", "icon": "🛒"}}, {"type": "Feature", "geometry": {"type": "Point", "coordinates": [-99.21689589, 19.38661097]}, "properties": {"nombre": "ABARROTES LA IDEAL", "sector": "Comercio al por menor en tiendas de abarrotes, ultramarinos y misceláneas", "label": "Abarrotes/Misceláneas", "color": "#F59E0B", "icon": "🛒"}}, {"type": "Feature", "geometry": {"type": "Point", "coordinates": [-99.21986836, 19.36956279]}, "properties": {"nombre": "ABARROTES LA MAR", "sector": "Comercio al por menor en tiendas de abarrotes, ultramarinos y misceláneas", "label": "Abarrotes/Misceláneas", "color": "#F59E0B", "icon": "🛒"}}, {"type": "Feature", "geometry": {"type": "Point", "coordinates": [-99.19645703, 19.37365839]}, "properties": {"nombre": "ABARROTES LA MIXTECA", "sector": "Comercio al por menor en tiendas de abarrotes, ultramarinos y misceláneas", "label": "Abarrotes/Misceláneas", "color": "#F59E0B", "icon": "🛒"}}, {"type": "Feature", "geometry": {"type": "Point", "coordinates": [-99.21576796, 19.38708633]}, "properties": {"nombre": "ABARROTES LA NUEVA GUERRERENSE", "sector": "Comercio al por menor en tiendas de abarrotes, ultramarinos y misceláneas", "label": "Abarrotes/Misceláneas", "color": "#F59E0B", "icon": "🛒"}}, {"type": "Feature", "geometry": {"type": "Point", "coordinates": [-99.19874968, 19.37278427]}, "properties": {"nombre": "ABARROTES LA SURTIDITA", "sector": "Comercio al por menor en tiendas de abarrotes, ultramarinos y misceláneas", "label": "Abarrotes/Misceláneas", "color": "#F59E0B", "icon": "🛒"}}, {"type": "Feature", "geometry": {"type": "Point", "coordinates": [-99.2160289, 19.38691804]}, "properties": {"nombre": "ABARROTES LA VENTANITA", "sector": "Comercio al por menor en tiendas de abarrotes, ultramarinos y misceláneas", "label": "Abarrotes/Misceláneas", "color": "#F59E0B", "icon": "🛒"}}, {"type": "Feature", "geometry": {"type": "Point", "coordinates": [-99.2135112, 19.38751283]}, "properties": {"nombre": "ABARROTES LA VENTANITA", "sector": "Comercio al por menor en tiendas de abarrotes, ultramarinos y misceláneas", "label": "Abarrotes/Misceláneas", "color": "#F59E0B", "icon": "🛒"}}, {"type": "Feature", "geometry": {"type": "Point", "coordinates": [-99.19469934, 19.39491619]}, "properties": {"nombre": "ABARROTES LAS GEMELAS", "sector": "Comercio al por menor en tiendas de abarrotes, ultramarinos y misceláneas", "label": "Abarrotes/Misceláneas", "color": "#F59E0B", "icon": "🛒"}}, {"type": "Feature", "geometry": {"type": "Point", "coordinates": [-99.20172949, 19.38810519]}, "properties": {"nombre": "ABARROTES LAS TIAS", "sector": "Comercio al por menor en tiendas de abarrotes, ultramarinos y misceláneas", "label": "Abarrotes/Misceláneas", "color": "#F59E0B", "icon": "🛒"}}, {"type": "Feature", "geometry": {"type": "Point", "coordinates": [-99.22313563, 19.37639612]}, "properties": {"nombre": "ABARROTES LEO", "sector": "Comercio al por menor en tiendas de abarrotes, ultramarinos y misceláneas", "label": "Abarrotes/Misceláneas", "color": "#F59E0B", "icon": "🛒"}}, {"type": "Feature", "geometry": {"type": "Point", "coordinates": [-99.2157892, 19.38728227]}, "properties": {"nombre": "ABARROTES LOS ABUELITOS", "sector": "Comercio al por menor en tiendas de abarrotes, ultramarinos y misceláneas", "label": "Abarrotes/Misceláneas", "color": "#F59E0B", "icon": "🛒"}}, {"type": "Feature", "geometry": {"type": "Point", "coordinates": [-99.2195124, 19.35030025]}, "properties": {"nombre": "ABARROTES LOS COMPADRES", "sector": "Comercio al por menor en tiendas de abarrotes, ultramarinos y misceláneas", "label": "Abarrotes/Misceláneas", "color": "#F59E0B", "icon": "🛒"}}, {"type": "Feature", "geometry": {"type": "Point", "coordinates": [-99.20142588, 19.38762729]}, "properties": {"nombre": "ABARROTES LUIGIS", "sector": "Comercio al por menor en tiendas de abarrotes, ultramarinos y misceláneas", "label": "Abarrotes/Misceláneas", "color": "#F59E0B", "icon": "🛒"}}, {"type": "Feature", "geometry": {"type": "Point", "coordinates": [-99.20132021, 19.33913317]}, "properties": {"nombre": "ABARROTES MARK", "sector": "Comercio al por menor en tiendas de abarrotes, ultramarinos y misceláneas", "label": "Abarrotes/Misceláneas", "color": "#F59E0B", "icon": "🛒"}}, {"type": "Feature", "geometry": {"type": "Point", "coordinates": [-99.22169856, 19.37070709]}, "properties": {"nombre": "ABARROTES MARTITA II", "sector": "Comercio al por menor en tiendas de abarrotes, ultramarinos y misceláneas", "label": "Abarrotes/Misceláneas", "color": "#F59E0B", "icon": "🛒"}}, {"type": "Feature", "geometry": {"type": "Point", "coordinates": [-99.19746045, 19.37690598]}, "properties": {"nombre": "ABARROTES NINA", "sector": "Comercio al por menor en tiendas de abarrotes, ultramarinos y misceláneas", "label": "Abarrotes/Misceláneas", "color": "#F59E0B", "icon": "🛒"}}, {"type": "Feature", "geometry": {"type": "Point", "coordinates": [-99.19201049, 19.37807919]}, "properties": {"nombre": "ABARROTES RAMIREZ", "sector": "Comercio al por menor en tiendas de abarrotes, ultramarinos y misceláneas", "label": "Abarrotes/Misceláneas", "color": "#F59E0B", "icon": "🛒"}}, {"type": "Feature", "geometry": {"type": "Point", "coordinates": [-99.19435861, 19.39647586]}, "properties": {"nombre": "ABARROTES ROY", "sector": "Comercio al por menor en tiendas de abarrotes, ultramarinos y misceláneas", "label": "Abarrotes/Misceláneas", "color": "#F59E0B", "icon": "🛒"}}, {"type": "Feature", "geometry": {"type": "Point", "coordinates": [-99.2208865, 19.36921706]}, "properties": {"nombre": "ABARROTES SAN JUANE", "sector": "Comercio al por menor en tiendas de abarrotes, ultramarinos y misceláneas", "label": "Abarrotes/Misceláneas", "color": "#F59E0B", "icon": "🛒"}}, {"type": "Feature", "geometry": {"type": "Point", "coordinates": [-99.1977429, 19.37294978]}, "properties": {"nombre": "ABARROTES SANTA RITA", "sector": "Comercio al por menor en tiendas de abarrotes, ultramarinos y misceláneas", "label": "Abarrotes/Misceláneas", "color": "#F59E0B", "icon": "🛒"}}, {"type": "Feature", "geometry": {"type": "Point", "coordinates": [-99.19914942, 19.40180073]}, "properties": {"nombre": "ABARROTES SURIANITA", "sector": "Comercio al por menor en tiendas de abarrotes, ultramarinos y misceláneas", "label": "Abarrotes/Misceláneas", "color": "#F59E0B", "icon": "🛒"}}, {"type": "Feature", "geometry": {"type": "Point", "coordinates": [-99.20209224, 19.39014003]}, "properties": {"nombre": "ABARROTES TREJO", "sector": "Comercio al por menor en tiendas de abarrotes, ultramarinos y misceláneas", "label": "Abarrotes/Misceláneas", "color": "#F59E0B", "icon": "🛒"}}, {"type": "Feature", "geometry": {"type": "Point", "coordinates": [-99.21739618, 19.37184571]}, "properties": {"nombre": "ABARROTES TRIOS", "sector": "Comercio al por menor en tiendas de abarrotes, ultramarinos y misceláneas", "label": "Abarrotes/Misceláneas", "color": "#F59E0B", "icon": "🛒"}}, {"type": "Feature", "geometry": {"type": "Point", "coordinates": [-99.20670632, 19.34836811]}, "properties": {"nombre": "ABARROTES VICTORIA", "sector": "Comercio al por menor en tiendas de abarrotes, ultramarinos y misceláneas", "label": "Abarrotes/Misceláneas", "color": "#F59E0B", "icon": "🛒"}}, {"type": "Feature", "geometry": {"type": "Point", "coordinates": [-99.19611626, 19.37314313]}, "properties": {"nombre": "ABARROTES VINOS Y LICORES PLATEROS", "sector": "Comercio al por menor en tiendas de abarrotes, ultramarinos y misceláneas", "label": "Abarrotes/Misceláneas", "color": "#F59E0B", "icon": "🛒"}}, {"type": "Feature", "geometry": {"type": "Point", "coordinates": [-99.19706193, 19.37567023]}, "properties": {"nombre": "ABARROTES VINOS Y LICORES QUIK", "sector": "Comercio al por menor en tiendas de abarrotes, ultramarinos y misceláneas", "label": "Abarrotes/Misceláneas", "color": "#F59E0B", "icon": "🛒"}}, {"type": "Feature", "geometry": {"type": "Point", "coordinates": [-99.21336808, 19.38716561]}, "properties": {"nombre": "ABARROTES VINOS Y LICORES SAGITARIO", "sector": "Comercio al por menor en tiendas de abarrotes, ultramarinos y misceláneas", "label": "Abarrotes/Misceláneas", "color": "#F59E0B", "icon": "🛒"}}, {"type": "Feature", "geometry": {"type": "Point", "coordinates": [-99.20123486, 19.37443079]}, "properties": {"nombre": "ABARROTES XOCHITL", "sector": "Comercio al por menor en tiendas de abarrotes, ultramarinos y misceláneas", "label": "Abarrotes/Misceláneas", "color": "#F59E0B", "icon": "🛒"}}, {"type": "Feature", "geometry": {"type": "Point", "coordinates": [-99.20732351, 19.37394162]}, "properties": {"nombre": "ABARROTES Y CREMERIA EL ARBOLITO", "sector": "Comercio al por menor de leche, otros productos lácteos y embutidos", "label": "Otro comercio", "color": "#6B7280", "icon": "🏬"}}, {"type": "Feature", "geometry": {"type": "Point", "coordinates": [-99.20209224, 19.39014003]}, "properties": {"nombre": "ABARROTES Y SEMILLAS", "sector": "Comercio al por menor en tiendas de abarrotes, ultramarinos y misceláneas", "label": "Abarrotes/Misceláneas", "color": "#F59E0B", "icon": "🛒"}}, {"type": "Feature", "geometry": {"type": "Point", "coordinates": [-99.21357831, 19.38814078]}, "properties": {"nombre": "ABARROTES Y VERDULERIA EL RANCHITO", "sector": "Comercio al por menor en tiendas de abarrotes, ultramarinos y misceláneas", "label": "Abarrotes/Misceláneas", "color": "#F59E0B", "icon": "🛒"}}, {"type": "Feature", "geometry": {"type": "Point", "coordinates": [-99.2172133, 19.38689426]}, "properties": {"nombre": "ACCESORIOS DE MOTOS Y CARROS BIKER", "sector": "Comercio al por menor de partes y refacciones nuevas para automóviles, camioneta", "label": "Otro comercio", "color": "#6B7280", "icon": "🏬"}}, {"type": "Feature", "geometry": {"type": "Point", "coordinates": [-99.17550648, 19.35402188]}, "properties": {"nombre": "ACCESORIOS ELECTRONICOS", "sector": "Comercio al por menor de teléfonos y otros aparatos de comunicación", "label": "Otro comercio", "color": "#6B7280", "icon": "🏬"}}, {"type": "Feature", "geometry": {"type": "Point", "coordinates": [-99.18943257, 19.36198392]}, "properties": {"nombre": "ACCESORIOS PARA DAMA", "sector": "Comercio al por menor de ropa, excepto de bebé y lencería", "label": "Otro comercio", "color": "#6B7280", "icon": "🏬"}}, {"type": "Feature", "geometry": {"type": "Point", "coordinates": [-99.20839935, 19.40006761]}, "properties": {"nombre": "ACCESORIOS TELEFONICOS", "sector": "Comercio al por menor de teléfonos y otros aparatos de comunicación", "label": "Otro comercio", "color": "#6B7280", "icon": "🏬"}}, {"type": "Feature", "geometry": {"type": "Point", "coordinates": [-99.1884658, 19.36285534]}, "properties": {"nombre": "ACUARIO MASKOTA MEX MF BARRANCA DE MUERTO", "sector": "Comercio al por menor de mascotas", "label": "Otro comercio", "color": "#6B7280", "icon": "🏬"}}, {"type": "Feature", "geometry": {"type": "Point", "coordinates": [-99.1901497, 19.34741902]}, "properties": {"nombre": "ACUARIO SAN ANGEL", "sector": "Comercio al por menor de mascotas", "label": "Otro comercio", "color": "#6B7280", "icon": "🏬"}}, {"type": "Feature", "geometry": {"type": "Point", "coordinates": [-99.22217823, 19.37048213]}, "properties": {"nombre": "ADRIAN PUEBLA ROMAN", "sector": "Comercio al por menor de motocicletas", "label": "Otro comercio", "color": "#6B7280", "icon": "🏬"}}, {"type": "Feature", "geometry": {"type": "Point", "coordinates": [-99.18913779, 19.35474736]}, "properties": {"nombre": "AGROMORA", "sector": "Comercio al por menor de semillas y granos alimenticios, especias y chiles secos", "label": "Otro comercio", "color": "#6B7280", "icon": "🏬"}}, {"type": "Feature", "geometry": {"type": "Point", "coordinates": [-99.18868453, 19.34694733]}, "properties": {"nombre": "ALEKEL", "sector": "Comercio al por menor de otros artículos para la decoración de interiores", "label": "Otro comercio", "color": "#6B7280", "icon": "🏬"}}, {"type": "Feature", "geometry": {"type": "Point", "coordinates": [-99.18505034, 19.3553277]}, "properties": {"nombre": "ALFAPARF CIUDAD DE MEXICO", "sector": "Comercio al por menor de artículos de perfumería y cosméticos", "label": "Otro comercio", "color": "#6B7280", "icon": "🏬"}}, {"type": "Feature", "geometry": {"type": "Point", "coordinates": [-99.21315827, 19.3091817]}, "properties": {"nombre": "ALICIA PLATA", "sector": "Comercio al por menor de artículos de joyería y relojes", "label": "Otro comercio", "color": "#6B7280", "icon": "🏬"}}, {"type": "Feature", "geometry": {"type": "Point", "coordinates": [-99.20209224, 19.39014003]}, "properties": {"nombre": "ALIMENTOS DAYSI", "sector": "Comercio al por menor de mascotas", "label": "Otro comercio", "color": "#6B7280", "icon": "🏬"}}, {"type": "Feature", "geometry": {"type": "Point", "coordinates": [-99.21707694, 19.38654684]}, "properties": {"nombre": "ALIMENTOS PARA MASCOTAS", "sector": "Comercio al por menor de mascotas", "label": "Otro comercio", "color": "#6B7280", "icon": "🏬"}}, {"type": "Feature", "geometry": {"type": "Point", "coordinates": [-99.18709113, 19.34902316]}, "properties": {"nombre": "ALMACENES ANFORA INSURGENTES SUR", "sector": "Comercio al por menor de cristalería, loza y utensilios de cocina", "label": "Otro comercio", "color": "#6B7280", "icon": "🏬"}}, {"type": "Feature", "geometry": {"type": "Point", "coordinates": [-99.20394803, 19.37299384]}, "properties": {"nombre": "ALZUR ALUMINIOS", "sector": "Comercio al por menor de vidrios y espejos", "label": "Otro comercio", "color": "#6B7280", "icon": "🏬"}}, {"type": "Feature", "geometry": {"type": "Point", "coordinates": [-99.20254391, 19.37301186]}, "properties": {"nombre": "AMERICA TRECK", "sector": "Comercio al por menor de motocicletas", "label": "Otro comercio", "color": "#6B7280", "icon": "🏬"}}, {"type": "Feature", "geometry": {"type": "Point", "coordinates": [-99.19671401, 19.37373862]}, "properties": {"nombre": "AMO MIS MASCOTAS ACESORIOS Y COMIDA", "sector": "Comercio al por menor de mascotas", "label": "Otro comercio", "color": "#6B7280", "icon": "🏬"}}, {"type": "Feature", "geometry": {"type": "Point", "coordinates": [-99.18833589, 19.36285482]}, "properties": {"nombre": "APARATOS ORTOPEDICOS", "sector": "Comercio al por menor de artículos ortopédicos", "label": "Otro comercio", "color": "#6B7280", "icon": "🏬"}}, {"type": "Feature", "geometry": {"type": "Point", "coordinates": [-99.21695357, 19.37217232]}, "properties": {"nombre": "AQUAFAUNA", "sector": "Comercio al por menor de mascotas", "label": "Otro comercio", "color": "#6B7280", "icon": "🏬"}}, {"type": "Feature", "geometry": {"type": "Point", "coordinates": [-99.21248711, 19.38843847]}, "properties": {"nombre": "AQUI LOS TINTES", "sector": "Comercio al por menor de artículos de perfumería y cosméticos", "label": "Otro comercio", "color": "#6B7280", "icon": "🏬"}}, {"type": "Feature", "geometry": {"type": "Point", "coordinates": [-99.19069868, 19.34282564]}, "properties": {"nombre": "ARTESANIAS Y REGALOS", "sector": "Comercio al por menor de regalos", "label": "Otro comercio", "color": "#6B7280", "icon": "🏬"}}, {"type": "Feature", "geometry": {"type": "Point", "coordinates": [-99.1907021, 19.34281496]}, "properties": {"nombre": "ARTICULOS DE DEPORTES", "sector": "Comercio al por menor de artículos y aparatos deportivos", "label": "Otro comercio", "color": "#6B7280", "icon": "🏬"}}, {"type": "Feature", "geometry": {"type": "Point", "coordinates": [-99.2010222, 19.3887516]}, "properties": {"nombre": "ARTICULOS DE LIMPIEZA PROLINMEX", "sector": "Comercio al por menor de artículos para la limpieza", "label": "Otro comercio", "color": "#6B7280", "icon": "🏬"}}, {"type": "Feature", "geometry": {"type": "Point", "coordinates": [-99.20363203, 19.37566561]}, "properties": {"nombre": "ARTICULOS DELIMPIEZA YJARCERIA", "sector": "Comercio al por menor de artículos para la limpieza", "label": "Otro comercio", "color": "#6B7280", "icon": "🏬"}}, {"type": "Feature", "geometry": {"type": "Point", "coordinates": [-99.19377363, 19.39557515]}, "properties": {"nombre": "ARTICULOS ORTOPEDICOS N Y N", "sector": "Comercio al por menor de artículos ortopédicos", "label": "Otro comercio", "color": "#6B7280", "icon": "🏬"}}, {"type": "Feature", "geometry": {"type": "Point", "coordinates": [-99.1907021, 19.34281496]}, "properties": {"nombre": "ARTICULOS PARA EL HOGAR", "sector": "Comercio al por menor de cristalería, loza y utensilios de cocina", "label": "Otro comercio", "color": "#6B7280", "icon": "🏬"}}, {"type": "Feature", "geometry": {"type": "Point", "coordinates": [-99.19298172, 19.39590292]}, "properties": {"nombre": "ARTICULOS PARA FIESTA", "sector": "Comercio al por menor de dulces y materias primas para repostería", "label": "Dulcerías", "color": "#A855F7", "icon": "🍬"}}, {"type": "Feature", "geometry": {"type": "Point", "coordinates": [-99.1907021, 19.34281496]}, "properties": {"nombre": "ARTICULOS PARA FIESTAS INFANTILES", "sector": "Comercio al por menor de juguetes", "label": "Otro comercio", "color": "#6B7280", "icon": "🏬"}}, {"type": "Feature", "geometry": {"type": "Point", "coordinates": [-99.20209224, 19.39014003]}, "properties": {"nombre": "ARTICULOS RELIGIOSOS", "sector": "Comercio al por menor de artículos religiosos", "label": "Otro comercio", "color": "#6B7280", "icon": "🏬"}}, {"type": "Feature", "geometry": {"type": "Point", "coordinates": [-99.19681888, 19.37291251]}, "properties": {"nombre": "AUTOLUBRICANTES MADRID", "sector": "Comercio al por menor de aceites y grasas lubricantes, aditivos y similares para", "label": "Otro comercio", "color": "#6B7280", "icon": "🏬"}}, {"type": "Feature", "geometry": {"type": "Point", "coordinates": [-99.21349135, 19.38817473]}, "properties": {"nombre": "AUTOPARTES CASTRO", "sector": "Comercio al por menor de partes y refacciones nuevas para automóviles, camioneta", "label": "Otro comercio", "color": "#6B7280", "icon": "🏬"}}, {"type": "Feature", "geometry": {"type": "Point", "coordinates": [-99.20895358, 19.37302638]}, "properties": {"nombre": "AUTOPARTES EL MONJE", "sector": "Comercio al por menor de partes y refacciones nuevas para automóviles, camioneta", "label": "Otro comercio", "color": "#6B7280", "icon": "🏬"}}, {"type": "Feature", "geometry": {"type": "Point", "coordinates": [-99.20909054, 19.37389504]}, "properties": {"nombre": "BA EXPRESS OLIVAR DEL CONDE 1533", "sector": "Comercio al por menor en minisupers", "label": "Minisupers", "color": "#06B6D4", "icon": "🏪"}}, {"type": "Feature", "geometry": {"type": "Point", "coordinates": [-99.20254391, 19.37301186]}, "properties": {"nombre": "BALATAS EUROPA", "sector": "Comercio al por menor de partes y refacciones nuevas para automóviles, camioneta", "label": "Otro comercio", "color": "#6B7280", "icon": "🏬"}}, {"type": "Feature", "geometry": {"type": "Point", "coordinates": [-99.19042518, 19.36309723]}, "properties": {"nombre": "BARRANCA DEL MUERTO", "sector": "Comercio al por menor de blancos", "label": "Otro comercio", "color": "#6B7280", "icon": "🏬"}}, {"type": "Feature", "geometry": {"type": "Point", "coordinates": [-99.19000622, 19.34670165]}, "properties": {"nombre": "BAZAR DE MANO EN MANO", "sector": "Comercio al por menor de artículos usados", "label": "Otro comercio", "color": "#6B7280", "icon": "🏬"}}, {"type": "Feature", "geometry": {"type": "Point", "coordinates": [-99.17392233, 19.35588683]}, "properties": {"nombre": "BAZAR TEMPORAL", "sector": "Comercio al por menor de artículos usados", "label": "Otro comercio", "color": "#6B7280", "icon": "🏬"}}, {"type": "Feature", "geometry": {"type": "Point", "coordinates": [-99.19069868, 19.34282564]}, "properties": {"nombre": "BEBIDAS CON VENTA DE HIELO", "sector": "Comercio al por menor de bebidas no alcohólicas y hielo", "label": "Otro comercio", "color": "#6B7280", "icon": "🏬"}}, {"type": "Feature", "geometry": {"type": "Point", "coordinates": [-99.19930525, 19.3737291]}, "properties": {"nombre": "BETA OMEGA FARMA GENERICOS", "sector": "Farmacias sin minisúper", "label": "Otro comercio", "color": "#6B7280", "icon": "🏬"}}, {"type": "Feature", "geometry": {"type": "Point", "coordinates": [-99.1907021, 19.34281496]}, "properties": {"nombre": "BISUTERIA", "sector": "Comercio al por menor de bisutería y accesorios de vestir", "label": "Otro comercio", "color": "#6B7280", "icon": "🏬"}}, {"type": "Feature", "geometry": {"type": "Point", "coordinates": [-99.22175506, 19.36973354]}, "properties": {"nombre": "BISUTERIA Y ESTAMBRES MATIFA", "sector": "Comercio al por menor de bisutería y accesorios de vestir", "label": "Otro comercio", "color": "#6B7280", "icon": "🏬"}}, {"type": "Feature", "geometry": {"type": "Point", "coordinates": [-99.18981071, 19.34421261]}, "properties": {"nombre": "BLANCOS CONCORD", "sector": "Comercio al por menor de blancos", "label": "Otro comercio", "color": "#6B7280", "icon": "🏬"}}, {"type": "Feature", "geometry": {"type": "Point", "coordinates": [-99.20209224, 19.39014003]}, "properties": {"nombre": "BONETERIA", "sector": "Comercio al por menor de artículos de mercería y bonetería", "label": "Otro comercio", "color": "#6B7280", "icon": "🏬"}}, {"type": "Feature", "geometry": {"type": "Point", "coordinates": [-99.21371556, 19.3089384]}, "properties": {"nombre": "BOUTIQUE DE CARNE RANCHO 17", "sector": "Comercio al por menor de carnes rojas", "label": "Carnicerías", "color": "#EF4444", "icon": "🥩"}}, {"type": "Feature", "geometry": {"type": "Point", "coordinates": [-99.19910977, 19.37422809]}, "properties": {"nombre": "BRISA", "sector": "Comercio al por menor de dulces y materias primas para repostería", "label": "Dulcerías", "color": "#A855F7", "icon": "🍬"}}, {"type": "Feature", "geometry": {"type": "Point", "coordinates": [-99.18505387, 19.35531627]}, "properties": {"nombre": "BVLGARI MATRIZ", "sector": "Comercio al por menor de artículos de joyería y relojes", "label": "Otro comercio", "color": "#6B7280", "icon": "🏬"}}, {"type": "Feature", "geometry": {"type": "Point", "coordinates": [-99.20288275, 19.37460177]}, "properties": {"nombre": "CACHITO DE QUESO", "sector": "Comercio al por menor de leche, otros productos lácteos y embutidos", "label": "Otro comercio", "color": "#6B7280", "icon": "🏬"}}, {"type": "Feature", "geometry": {"type": "Point", "coordinates": [-99.17700271, 19.35278134]}, "properties": {"nombre": "CAISSA", "sector": "Comercio al por menor de juguetes", "label": "Otro comercio", "color": "#6B7280", "icon": "🏬"}}, {"type": "Feature", "geometry": {"type": "Point", "coordinates": [-99.19081623, 19.34177068]}, "properties": {"nombre": "CALZADOS SANTILLANA", "sector": "Comercio al por menor de calzado", "label": "Otro comercio", "color": "#6B7280", "icon": "🏬"}}, {"type": "Feature", "geometry": {"type": "Point", "coordinates": [-99.19921717, 19.37482389]}, "properties": {"nombre": "CANCELERIA FINA JAF ALUMINIO VIDRIO", "sector": "Comercio al por menor de vidrios y espejos", "label": "Otro comercio", "color": "#6B7280", "icon": "🏬"}}, {"type": "Feature", "geometry": {"type": "Point", "coordinates": [-99.19489025, 19.3954322]}, "properties": {"nombre": "CARBONERIA SOLIS", "sector": "Comercio al por menor de otros combustibles", "label": "Otro comercio", "color": "#6B7280", "icon": "🏬"}}, {"type": "Feature", "geometry": {"type": "Point", "coordinates": [-99.211594, 19.3875215]}, "properties": {"nombre": "CARNICERIA BETOS", "sector": "Comercio al por menor de carnes rojas", "label": "Carnicerías", "color": "#EF4444", "icon": "🥩"}}, {"type": "Feature", "geometry": {"type": "Point", "coordinates": [-99.19347421, 19.39578829]}, "properties": {"nombre": "CARNICERIA CARNES SELECTAS", "sector": "Comercio al por menor de carnes rojas", "label": "Carnicerías", "color": "#EF4444", "icon": "🥩"}}, {"type": "Feature", "geometry": {"type": "Point", "coordinates": [-99.20209224, 19.39014003]}, "properties": {"nombre": "CARNICERIA DON NIKO", "sector": "Comercio al por menor de carnes rojas", "label": "Carnicerías", "color": "#EF4444", "icon": "🥩"}}, {"type": "Feature", "geometry": {"type": "Point", "coordinates": [-99.20209224, 19.39014003]}, "properties": {"nombre": "CARNICERIA EL MATADOR", "sector": "Comercio al por menor de carnes rojas", "label": "Carnicerías", "color": "#EF4444", "icon": "🥩"}}, {"type": "Feature", "geometry": {"type": "Point", "coordinates": [-99.2067264, 19.37321232]}, "properties": {"nombre": "CARNICERIA EL PALACIO DEL BISTEC", "sector": "Comercio al por menor de carnes rojas", "label": "Carnicerías", "color": "#EF4444", "icon": "🥩"}}, {"type": "Feature", "geometry": {"type": "Point", "coordinates": [-99.21350525, 19.38763265]}, "properties": {"nombre": "CARNICERIA EL TRIUNFO", "sector": "Comercio al por menor de carnes rojas", "label": "Carnicerías", "color": "#EF4444", "icon": "🥩"}}, {"type": "Feature", "geometry": {"type": "Point", "coordinates": [-99.20752104, 19.37512672]}, "properties": {"nombre": "CARNICERIA FABIOLA", "sector": "Comercio al por menor de carnes rojas", "label": "Carnicerías", "color": "#EF4444", "icon": "🥩"}}, {"type": "Feature", "geometry": {"type": "Point", "coordinates": [-99.1907021, 19.34281496]}, "properties": {"nombre": "CARNICERIA LA CHIQUITA", "sector": "Comercio al por menor de carnes rojas", "label": "Carnicerías", "color": "#EF4444", "icon": "🥩"}}, {"type": "Feature", "geometry": {"type": "Point", "coordinates": [-99.20209224, 19.39014003]}, "properties": {"nombre": "CARNICERIA LA ELEGANCIA", "sector": "Comercio al por menor de carnes rojas", "label": "Carnicerías", "color": "#EF4444", "icon": "🥩"}}, {"type": "Feature", "geometry": {"type": "Point", "coordinates": [-99.1907021, 19.34281496]}, "properties": {"nombre": "CARNICERIA LA FLOR DE SAN ANGEL", "sector": "Comercio al por menor de carnes rojas", "label": "Carnicerías", "color": "#EF4444", "icon": "🥩"}}, {"type": "Feature", "geometry": {"type": "Point", "coordinates": [-99.20794044, 19.37418545]}, "properties": {"nombre": "CARNICERIA LA HERRADURA", "sector": "Comercio al por menor de carnes rojas", "label": "Carnicerías", "color": "#EF4444", "icon": "🥩"}}, {"type": "Feature", "geometry": {"type": "Point", "coordinates": [-99.20377517, 19.37614895]}, "properties": {"nombre": "CARNICERIA LA MEJOR", "sector": "Comercio al por menor de carnes rojas", "label": "Carnicerías", "color": "#EF4444", "icon": "🥩"}}, {"type": "Feature", "geometry": {"type": "Point", "coordinates": [-99.21787798, 19.37158919]}, "properties": {"nombre": "CARNICERIA LA REINA", "sector": "Comercio al por menor de carnes rojas", "label": "Carnicerías", "color": "#EF4444", "icon": "🥩"}}, {"type": "Feature", "geometry": {"type": "Point", "coordinates": [-99.1907021, 19.34281496]}, "properties": {"nombre": "CARNICERIA LA REYNA", "sector": "Comercio al por menor de carnes rojas", "label": "Carnicerías", "color": "#EF4444", "icon": "🥩"}}, {"type": "Feature", "geometry": {"type": "Point", "coordinates": [-99.1907021, 19.34281496]}, "properties": {"nombre": "CARNICERIA LA VICTORIA", "sector": "Comercio al por menor de carnes rojas", "label": "Carnicerías", "color": "#EF4444", "icon": "🥩"}}, {"type": "Feature", "geometry": {"type": "Point", "coordinates": [-99.22093801, 19.37074982]}, "properties": {"nombre": "CARNICERIA LOS NENES", "sector": "Comercio al por menor de carnes rojas", "label": "Carnicerías", "color": "#EF4444", "icon": "🥩"}}, {"type": "Feature", "geometry": {"type": "Point", "coordinates": [-99.20674705, 19.37471271]}, "properties": {"nombre": "CARNICERIA MAGGI", "sector": "Comercio al por menor de carne de aves", "label": "Pollerías", "color": "#EAB308", "icon": "🍗"}}, {"type": "Feature", "geometry": {"type": "Point", "coordinates": [-99.20662456, 19.37457061]}, "properties": {"nombre": "CARNICERIA MAGUI", "sector": "Comercio al por menor de carnes rojas", "label": "Carnicerías", "color": "#EF4444", "icon": "🥩"}}, {"type": "Feature", "geometry": {"type": "Point", "coordinates": [-99.21659172, 19.37205419]}, "properties": {"nombre": "CARNICERIA MAS KARNE", "sector": "Comercio al por menor de carnes rojas", "label": "Carnicerías", "color": "#EF4444", "icon": "🥩"}}, {"type": "Feature", "geometry": {"type": "Point", "coordinates": [-99.20281964, 19.38968934]}, "properties": {"nombre": "CARNICERIA MEAT SELLER", "sector": "Comercio al por menor de carnes rojas", "label": "Carnicerías", "color": "#EF4444", "icon": "🥩"}}, {"type": "Feature", "geometry": {"type": "Point", "coordinates": [-99.20927723, 19.37347983]}, "properties": {"nombre": "CARNICERIA NOVILLERO", "sector": "Comercio al por menor de carnes rojas", "label": "Carnicerías", "color": "#EF4444", "icon": "🥩"}}, {"type": "Feature", "geometry": {"type": "Point", "coordinates": [-99.19533387, 19.39470099]}, "properties": {"nombre": "CARNICERIA PEPE", "sector": "Comercio al por menor de carnes rojas", "label": "Carnicerías", "color": "#EF4444", "icon": "🥩"}}, {"type": "Feature", "geometry": {"type": "Point", "coordinates": [-99.1907021, 19.34281496]}, "properties": {"nombre": "CARNICERIA ROSITA", "sector": "Comercio al por menor de carnes rojas", "label": "Carnicerías", "color": "#EF4444", "icon": "🥩"}}, {"type": "Feature", "geometry": {"type": "Point", "coordinates": [-99.22542252, 19.33827697]}, "properties": {"nombre": "CARNICERIA RUBEN", "sector": "Comercio al por menor de carnes rojas", "label": "Carnicerías", "color": "#EF4444", "icon": "🥩"}}, {"type": "Feature", "geometry": {"type": "Point", "coordinates": [-99.19592083, 19.37518894]}, "properties": {"nombre": "CARNICERIA SUPER CARNES DANY", "sector": "Comercio al por menor de carnes rojas", "label": "Carnicerías", "color": "#EF4444", "icon": "🥩"}}, {"type": "Feature", "geometry": {"type": "Point", "coordinates": [-99.20209224, 19.39014003]}, "properties": {"nombre": "CARNICERIA TOMAS", "sector": "Comercio al por menor de carnes rojas", "label": "Carnicerías", "color": "#EF4444", "icon": "🥩"}}, {"type": "Feature", "geometry": {"type": "Point", "coordinates": [-99.19795842, 19.37301567]}, "properties": {"nombre": "CARNICERIA Y TOCINERIA CALIFORNIA", "sector": "Comercio al por menor de carnes rojas", "label": "Carnicerías", "color": "#EF4444", "icon": "🥩"}}, {"type": "Feature", "geometry": {"type": "Point", "coordinates": [-99.1907021, 19.34281496]}, "properties": {"nombre": "CARNICERIA Y TOCINERIA EL TRIUNFO", "sector": "Comercio al por menor de carnes rojas", "label": "Carnicerías", "color": "#EF4444", "icon": "🥩"}}, {"type": "Feature", "geometry": {"type": "Point", "coordinates": [-99.1907021, 19.34281496]}, "properties": {"nombre": "CARNICERIA Y TOCINERIA EL TRIUNFO", "sector": "Comercio al por menor de carnes rojas", "label": "Carnicerías", "color": "#EF4444", "icon": "🥩"}}, {"type": "Feature", "geometry": {"type": "Point", "coordinates": [-99.20209224, 19.39014003]}, "properties": {"nombre": "CARNICERIA Y TOCINERIA JANET", "sector": "Comercio al por menor de carnes rojas", "label": "Carnicerías", "color": "#EF4444", "icon": "🥩"}}, {"type": "Feature", "geometry": {"type": "Point", "coordinates": [-99.21357831, 19.38814078]}, "properties": {"nombre": "CARNICERIA Y TOCINERIA LOS 3 COCHINITOS", "sector": "Comercio al por menor de carnes rojas", "label": "Carnicerías", "color": "#EF4444", "icon": "🥩"}}, {"type": "Feature", "geometry": {"type": "Point", "coordinates": [-99.2014364, 19.33785515]}, "properties": {"nombre": "CARNICERIAN Y TOCINERIA LA ESTRELLA", "sector": "Comercio al por menor de carnes rojas", "label": "Carnicerías", "color": "#EF4444", "icon": "🥩"}}, {"type": "Feature", "geometry": {"type": "Point", "coordinates": [-99.18129745, 19.34729183]}, "properties": {"nombre": "CASA GALVEZ", "sector": "Comercio al por menor de plantas y flores naturales", "label": "Flores y plantas", "color": "#EC4899", "icon": "🌸"}}, {"type": "Feature", "geometry": {"type": "Point", "coordinates": [-99.17616006, 19.35343783]}, "properties": {"nombre": "CASA MIRANDA", "sector": "Comercio al por menor en ferreterías y tlapalerías", "label": "Otro comercio", "color": "#6B7280", "icon": "🏬"}}, {"type": "Feature", "geometry": {"type": "Point", "coordinates": [-99.18868453, 19.34694733]}, "properties": {"nombre": "CASA ROMA", "sector": "Comercio al por menor de artículos de joyería y relojes", "label": "Otro comercio", "color": "#6B7280", "icon": "🏬"}}, {"type": "Feature", "geometry": {"type": "Point", "coordinates": [-99.18504212, 19.35535438]}, "properties": {"nombre": "CAUDALIE MEXICO", "sector": "Comercio al por menor de artículos de perfumería y cosméticos", "label": "Otro comercio", "color": "#6B7280", "icon": "🏬"}}, {"type": "Feature", "geometry": {"type": "Point", "coordinates": [-99.18862967, 19.34862948]}, "properties": {"nombre": "CELLALLURE", "sector": "Comercio al por menor de teléfonos y otros aparatos de comunicación", "label": "Otro comercio", "color": "#6B7280", "icon": "🏬"}}, {"type": "Feature", "geometry": {"type": "Point", "coordinates": [-99.1889703, 19.34682326]}, "properties": {"nombre": "CELULAR EXPRESS SAN ANGEL", "sector": "Comercio al por menor de teléfonos y otros aparatos de comunicación", "label": "Otro comercio", "color": "#6B7280", "icon": "🏬"}}, {"type": "Feature", "geometry": {"type": "Point", "coordinates": [-99.1907021, 19.34281496]}, "properties": {"nombre": "CERERIA Y ARTICULOS RELIGIOSOS", "sector": "Comercio al por menor de artículos religiosos", "label": "Otro comercio", "color": "#6B7280", "icon": "🏬"}}, {"type": "Feature", "geometry": {"type": "Point", "coordinates": [-99.19271184, 19.39618036]}, "properties": {"nombre": "CHEDRAUI MEXICO CAMINO REAL A TOLUCA T798", "sector": "Comercio al por menor en minisupers", "label": "Minisupers", "color": "#06B6D4", "icon": "🏪"}}, {"type": "Feature", "geometry": {"type": "Point", "coordinates": [-99.20209224, 19.39014003]}, "properties": {"nombre": "CHILES Y SEMILLAS Y MATERIAS PRIMAS", "sector": "Comercio al por menor de semillas y granos alimenticios, especias y chiles secos", "label": "Otro comercio", "color": "#6B7280", "icon": "🏬"}}, {"type": "Feature", "geometry": {"type": "Point", "coordinates": [-99.21372803, 19.30738075]}, "properties": {"nombre": "CHILIM BALAM", "sector": "Comercio al por menor de dulces y materias primas para repostería", "label": "Dulcerías", "color": "#A855F7", "icon": "🍬"}}, {"type": "Feature", "geometry": {"type": "Point", "coordinates": [-99.21379134, 19.3083902]}, "properties": {"nombre": "CHILIM BALAM DULCERIA Y FUENTE DE SODAS", "sector": "Comercio al por menor de otros alimentos", "label": "Otro comercio", "color": "#6B7280", "icon": "🏬"}}, {"type": "Feature", "geometry": {"type": "Point", "coordinates": [-99.19423648, 19.39524567]}, "properties": {"nombre": "CHOCOLATERIA GOURMET", "sector": "Comercio al por menor de dulces y materias primas para repostería", "label": "Dulcerías", "color": "#A855F7", "icon": "🍬"}}, {"type": "Feature", "geometry": {"type": "Point", "coordinates": [-99.18896878, 19.34404198]}, "properties": {"nombre": "COLECCION RODOLFO BLAS", "sector": "Comercio al por menor de muebles para el hogar", "label": "Otro comercio", "color": "#6B7280", "icon": "🏬"}}, {"type": "Feature", "geometry": {"type": "Point", "coordinates": [-99.19944023, 19.37187412]}, "properties": {"nombre": "COMERCIALIZADORA DRAGON", "sector": "Comercio al por menor de ropa, excepto de bebé y lencería", "label": "Otro comercio", "color": "#6B7280", "icon": "🏬"}}, {"type": "Feature", "geometry": {"type": "Point", "coordinates": [-99.21790302, 19.37081375]}, "properties": {"nombre": "COMERCIO AL POR MENOR DE FRUTAS Y VERDURAS FRESCAS SIN NOMBR", "sector": "Comercio al por menor de frutas y verduras frescas", "label": "Frutas y verduras", "color": "#10B981", "icon": "🥦"}}, {"type": "Feature", "geometry": {"type": "Point", "coordinates": [-99.18978569, 19.36294311]}, "properties": {"nombre": "COMEX", "sector": "Comercio al por menor de pintura", "label": "Otro comercio", "color": "#6B7280", "icon": "🏬"}}, {"type": "Feature", "geometry": {"type": "Point", "coordinates": [-99.18565192, 19.34843899]}, "properties": {"nombre": "COMEX QUEVEDO", "sector": "Comercio al por menor de pintura", "label": "Otro comercio", "color": "#6B7280", "icon": "🏬"}}, {"type": "Feature", "geometry": {"type": "Point", "coordinates": [-99.18708432, 19.34904068]}, "properties": {"nombre": "COMPAÑIA SHERWIN WILLIAMS GME044", "sector": "Comercio al por menor de pintura", "label": "Otro comercio", "color": "#6B7280", "icon": "🏬"}}, {"type": "Feature", "geometry": {"type": "Point", "coordinates": [-99.20697637, 19.37479588]}, "properties": {"nombre": "COMPRA VENTA DE LUBRICANTES", "sector": "Comercio al por menor de aceites y grasas lubricantes, aditivos y similares para", "label": "Otro comercio", "color": "#6B7280", "icon": "🏬"}}, {"type": "Feature", "geometry": {"type": "Point", "coordinates": [-99.20296741, 19.33907077]}, "properties": {"nombre": "COPIAS CHUCHERIAS", "sector": "Comercio al por menor de artículos de papelería", "label": "Papelería", "color": "#8B5CF6", "icon": "📚"}}, {"type": "Feature", "geometry": {"type": "Point", "coordinates": [-99.1903992, 19.34230232]}, "properties": {"nombre": "COPPEL TIENDA DEPARTAMENTAL SAN ANGEL 1411", "sector": "Comercio al por menor en tiendas departamentales", "label": "Otro comercio", "color": "#6B7280", "icon": "🏬"}}, {"type": "Feature", "geometry": {"type": "Point", "coordinates": [-99.21389918, 19.30802686]}, "properties": {"nombre": "CORN ER", "sector": "Comercio al por menor de otros alimentos", "label": "Otro comercio", "color": "#6B7280", "icon": "🏬"}}, {"type": "Feature", "geometry": {"type": "Point", "coordinates": [-99.19839801, 19.37257077]}, "properties": {"nombre": "COSMOPHARMEX", "sector": "Comercio al por menor de artículos de perfumería y cosméticos", "label": "Otro comercio", "color": "#6B7280", "icon": "🏬"}}, {"type": "Feature", "geometry": {"type": "Point", "coordinates": [-99.1907021, 19.34281496]}, "properties": {"nombre": "CREMERIA", "sector": "Comercio al por menor de leche, otros productos lácteos y embutidos", "label": "Otro comercio", "color": "#6B7280", "icon": "🏬"}}, {"type": "Feature", "geometry": {"type": "Point", "coordinates": [-99.1907021, 19.34281496]}, "properties": {"nombre": "CREMERIA", "sector": "Comercio al por menor de leche, otros productos lácteos y embutidos", "label": "Otro comercio", "color": "#6B7280", "icon": "🏬"}}, {"type": "Feature", "geometry": {"type": "Point", "coordinates": [-99.19070109, 19.34281813]}, "properties": {"nombre": "CREMERIA", "sector": "Comercio al por menor de leche, otros productos lácteos y embutidos", "label": "Otro comercio", "color": "#6B7280", "icon": "🏬"}}, {"type": "Feature", "geometry": {"type": "Point", "coordinates": [-99.1907021, 19.34281496]}, "properties": {"nombre": "CREMERIA EL FAMOSO", "sector": "Comercio al por menor de leche, otros productos lácteos y embutidos", "label": "Otro comercio", "color": "#6B7280", "icon": "🏬"}}, {"type": "Feature", "geometry": {"type": "Point", "coordinates": [-99.19764614, 19.3738864]}, "properties": {"nombre": "CREMERIA MOLINOS", "sector": "Comercio al por menor de leche, otros productos lácteos y embutidos", "label": "Otro comercio", "color": "#6B7280", "icon": "🏬"}}, {"type": "Feature", "geometry": {"type": "Point", "coordinates": [-99.20209224, 19.39014003]}, "properties": {"nombre": "CREMERIA SALCHICHONERIA Y ABARROTES LA ESTRELLA", "sector": "Comercio al por menor de leche, otros productos lácteos y embutidos", "label": "Otro comercio", "color": "#6B7280", "icon": "🏬"}}, {"type": "Feature", "geometry": {"type": "Point", "coordinates": [-99.22132843, 19.36909939]}, "properties": {"nombre": "CREMERIA Y EMBUTIDOS 3KS", "sector": "Comercio al por menor de leche, otros productos lácteos y embutidos", "label": "Otro comercio", "color": "#6B7280", "icon": "🏬"}}, {"type": "Feature", "geometry": {"type": "Point", "coordinates": [-99.1907021, 19.34281496]}, "properties": {"nombre": "CREMERIA Y SALCHICHONERIA", "sector": "Comercio al por menor de leche, otros productos lácteos y embutidos", "label": "Otro comercio", "color": "#6B7280", "icon": "🏬"}}, {"type": "Feature", "geometry": {"type": "Point", "coordinates": [-99.20209224, 19.39014003]}, "properties": {"nombre": "CREMERIA Y SALCHICHONERIA LAS BONITAS", "sector": "Comercio al por menor de leche, otros productos lácteos y embutidos", "label": "Otro comercio", "color": "#6B7280", "icon": "🏬"}}, {"type": "Feature", "geometry": {"type": "Point", "coordinates": [-99.21379153, 19.30739059]}, "properties": {"nombre": "CROCHET PEDREGAL", "sector": "Comercio al por menor de artículos de mercería y bonetería", "label": "Otro comercio", "color": "#6B7280", "icon": "🏬"}}, {"type": "Feature", "geometry": {"type": "Point", "coordinates": [-99.21338793, 19.35642047]}, "properties": {"nombre": "DECA ALUMINIO Y VIDRIO", "sector": "Comercio al por menor de vidrios y espejos", "label": "Otro comercio", "color": "#6B7280", "icon": "🏬"}}, {"type": "Feature", "geometry": {"type": "Point", "coordinates": [-99.18862967, 19.34862948]}, "properties": {"nombre": "DELTA NETWORKS SISTEMS", "sector": "Comercio al por menor de mobiliario, equipo y accesorios de cómputo", "label": "Otro comercio", "color": "#6B7280", "icon": "🏬"}}, {"type": "Feature", "geometry": {"type": "Point", "coordinates": [-99.19211641, 19.39614052]}, "properties": {"nombre": "DEPOSITO ALEX", "sector": "Comercio al por menor de cerveza", "label": "Otro comercio", "color": "#6B7280", "icon": "🏬"}}, {"type": "Feature", "geometry": {"type": "Point", "coordinates": [-99.20163944, 19.38797487]}, "properties": {"nombre": "DEPOSITO LA PERLITA", "sector": "Comercio al por menor de cerveza", "label": "Otro comercio", "color": "#6B7280", "icon": "🏬"}}, {"type": "Feature", "geometry": {"type": "Point", "coordinates": [-99.20805923, 19.37314106]}, "properties": {"nombre": "DESECHABLES CASA SALDIVAR", "sector": "Comercio al por menor de artículos desechables", "label": "Otro comercio", "color": "#6B7280", "icon": "🏬"}}, {"type": "Feature", "geometry": {"type": "Point", "coordinates": [-99.19273004, 19.39617404]}, "properties": {"nombre": "DESECHABLES Y VELADORAS CAMINO REAL A TOLUCA", "sector": "Comercio al por menor de artículos desechables", "label": "Otro comercio", "color": "#6B7280", "icon": "🏬"}}, {"type": "Feature", "geometry": {"type": "Point", "coordinates": [-99.20755047, 19.37371842]}, "properties": {"nombre": "DIANA TREJO PLAZA", "sector": "Comercio al por menor en tiendas de abarrotes, ultramarinos y misceláneas", "label": "Abarrotes/Misceláneas", "color": "#F59E0B", "icon": "🛒"}}, {"type": "Feature", "geometry": {"type": "Point", "coordinates": [-99.20715871, 19.37286116]}, "properties": {"nombre": "DISTRIBUIDOR TUCELL", "sector": "Comercio al por menor de teléfonos y otros aparatos de comunicación", "label": "Otro comercio", "color": "#6B7280", "icon": "🏬"}}, {"type": "Feature", "geometry": {"type": "Point", "coordinates": [-99.21559595, 19.37346233]}, "properties": {"nombre": "DISTRIBUIDORA CARMONA HERNANDEZ", "sector": "Comercio al por menor en ferreterías y tlapalerías", "label": "Otro comercio", "color": "#6B7280", "icon": "🏬"}}, {"type": "Feature", "geometry": {"type": "Point", "coordinates": [-99.21578962, 19.37239667]}, "properties": {"nombre": "DISTRIBUIDORA LATINA ARTICULOS DE BELLEZA", "sector": "Comercio al por menor de artículos de perfumería y cosméticos", "label": "Otro comercio", "color": "#6B7280", "icon": "🏬"}}, {"type": "Feature", "geometry": {"type": "Point", "coordinates": [-99.18883061, 19.36259001]}, "properties": {"nombre": "DORMIMUNDO", "sector": "Comercio al por menor de muebles para el hogar", "label": "Otro comercio", "color": "#6B7280", "icon": "🏬"}}, {"type": "Feature", "geometry": {"type": "Point", "coordinates": [-99.19533387, 19.39470099]}, "properties": {"nombre": "DULCE LUNA", "sector": "Comercio al por menor de dulces y materias primas para repostería", "label": "Dulcerías", "color": "#A855F7", "icon": "🍬"}}, {"type": "Feature", "geometry": {"type": "Point", "coordinates": [-99.21000521, 19.39373493]}, "properties": {"nombre": "DULCE SONRISA", "sector": "Comercio al por menor de dulces y materias primas para repostería", "label": "Dulcerías", "color": "#A855F7", "icon": "🍬"}}, {"type": "Feature", "geometry": {"type": "Point", "coordinates": [-99.22155962, 19.37087166]}, "properties": {"nombre": "DULCERIA CHETO", "sector": "Comercio al por menor de dulces y materias primas para repostería", "label": "Dulcerías", "color": "#A855F7", "icon": "🍬"}}, {"type": "Feature", "geometry": {"type": "Point", "coordinates": [-99.19922302, 19.37475174]}, "properties": {"nombre": "DULCERIA KIDS", "sector": "Comercio al por menor de dulces y materias primas para repostería", "label": "Dulcerías", "color": "#A855F7", "icon": "🍬"}}, {"type": "Feature", "geometry": {"type": "Point", "coordinates": [-99.18991774, 19.35461715]}, "properties": {"nombre": "DULCERIA LA JOCOCITA", "sector": "Comercio al por menor de dulces y materias primas para repostería", "label": "Dulcerías", "color": "#A855F7", "icon": "🍬"}}, {"type": "Feature", "geometry": {"type": "Point", "coordinates": [-99.20258731, 19.38933222]}, "properties": {"nombre": "DULCERIA MONY", "sector": "Comercio al por menor de dulces y materias primas para repostería", "label": "Dulcerías", "color": "#A855F7", "icon": "🍬"}}, {"type": "Feature", "geometry": {"type": "Point", "coordinates": [-99.20209224, 19.39014003]}, "properties": {"nombre": "DULCERIA SIN NOMBRE", "sector": "Comercio al por menor de dulces y materias primas para repostería", "label": "Dulcerías", "color": "#A855F7", "icon": "🍬"}}, {"type": "Feature", "geometry": {"type": "Point", "coordinates": [-99.19092043, 19.36308897]}, "properties": {"nombre": "DULCERIA VAMYG", "sector": "Comercio al por menor de dulces y materias primas para repostería", "label": "Dulcerías", "color": "#A855F7", "icon": "🍬"}}, {"type": "Feature", "geometry": {"type": "Point", "coordinates": [-99.20187232, 19.3875588]}, "properties": {"nombre": "DULCERIA Y PIÑATAS GOTITAS", "sector": "Comercio al por menor de dulces y materias primas para repostería", "label": "Dulcerías", "color": "#A855F7", "icon": "🍬"}}, {"type": "Feature", "geometry": {"type": "Point", "coordinates": [-99.18121064, 19.34726797]}, "properties": {"nombre": "DULCES BOTANAS Y REFRESCOS", "sector": "Comercio al por menor de dulces y materias primas para repostería", "label": "Dulcerías", "color": "#A855F7", "icon": "🍬"}}, {"type": "Feature", "geometry": {"type": "Point", "coordinates": [-99.1907021, 19.34281496]}, "properties": {"nombre": "DULCES TIPICOS EL OASIS DEL SABOR", "sector": "Comercio al por menor de dulces y materias primas para repostería", "label": "Dulcerías", "color": "#A855F7", "icon": "🍬"}}, {"type": "Feature", "geometry": {"type": "Point", "coordinates": [-99.19069868, 19.34282564]}, "properties": {"nombre": "DULCES TIPICOS LA NENA", "sector": "Comercio al por menor de dulces y materias primas para repostería", "label": "Dulcerías", "color": "#A855F7", "icon": "🍬"}}, {"type": "Feature", "geometry": {"type": "Point", "coordinates": [-99.17518124, 19.35445922]}, "properties": {"nombre": "DULCES Y REFRESCOS", "sector": "Comercio al por menor de bebidas no alcohólicas y hielo", "label": "Otro comercio", "color": "#6B7280", "icon": "🏬"}}, {"type": "Feature", "geometry": {"type": "Point", "coordinates": [-99.1858199, 19.35928741]}, "properties": {"nombre": "EL CHUPIN", "sector": "Comercio al por menor de vinos y licores", "label": "Otro comercio", "color": "#6B7280", "icon": "🏬"}}, {"type": "Feature", "geometry": {"type": "Point", "coordinates": [-99.17384525, 19.35596773]}, "properties": {"nombre": "EL MERCADER", "sector": "Comercio al por menor de frutas y verduras frescas", "label": "Frutas y verduras", "color": "#10B981", "icon": "🥦"}}, {"type": "Feature", "geometry": {"type": "Point", "coordinates": [-99.22155962, 19.37087166]}, "properties": {"nombre": "EL PALACIO DE LA LIMPIEZA PRODUCTOS DE LIMPIEZA Y JARCIERIA", "sector": "Comercio al por menor de artículos para la limpieza", "label": "Otro comercio", "color": "#6B7280", "icon": "🏬"}}, {"type": "Feature", "geometry": {"type": "Point", "coordinates": [-99.19069868, 19.34282564]}, "properties": {"nombre": "EL TAROT DE ETEYLA", "sector": "Comercio al por menor de otros artículos de uso personal", "label": "Otro comercio", "color": "#6B7280", "icon": "🏬"}}, {"type": "Feature", "geometry": {"type": "Point", "coordinates": [-99.18702092, 19.35813457]}, "properties": {"nombre": "ENFLORES", "sector": "Comercio al por menor de plantas y flores naturales", "label": "Flores y plantas", "color": "#EC4899", "icon": "🌸"}}, {"type": "Feature", "geometry": {"type": "Point", "coordinates": [-99.1907021, 19.34281496]}, "properties": {"nombre": "ESOTERICOS", "sector": "Comercio al por menor de otros artículos de uso personal", "label": "Otro comercio", "color": "#6B7280", "icon": "🏬"}}, {"type": "Feature", "geometry": {"type": "Point", "coordinates": [-99.21848313, 19.35111469]}, "properties": {"nombre": "ESTACION DE SERVICIO LAS AGUILAS", "sector": "Comercio al por menor de gasolina y diesel", "label": "Otro comercio", "color": "#6B7280", "icon": "🏬"}}, {"type": "Feature", "geometry": {"type": "Point", "coordinates": [-99.20372841, 19.33819333]}, "properties": {"nombre": "EXPENDIO DE PAN", "sector": "Comercio al por menor de otros alimentos", "label": "Otro comercio", "color": "#6B7280", "icon": "🏬"}}, {"type": "Feature", "geometry": {"type": "Point", "coordinates": [-99.25187276, 19.32926406]}, "properties": {"nombre": "EXPENDIO DE PAN", "sector": "Comercio al por menor de otros alimentos", "label": "Otro comercio", "color": "#6B7280", "icon": "🏬"}}, {"type": "Feature", "geometry": {"type": "Point", "coordinates": [-99.20535902, 19.37534]}, "properties": {"nombre": "EXPENDIO DE PAN Y TIENDA DE ABARROTES EL POBLANO", "sector": "Comercio al por menor de otros alimentos", "label": "Otro comercio", "color": "#6B7280", "icon": "🏬"}}, {"type": "Feature", "geometry": {"type": "Point", "coordinates": [-99.20290017, 19.37575951]}, "properties": {"nombre": "EXPENDIO DE PETROLEO", "sector": "Comercio al por menor de otros combustibles", "label": "Otro comercio", "color": "#6B7280", "icon": "🏬"}}, {"type": "Feature", "geometry": {"type": "Point", "coordinates": [-99.21573529, 19.37227616]}, "properties": {"nombre": "FARMACIA CALLE 23", "sector": "Farmacias sin minisúper", "label": "Otro comercio", "color": "#6B7280", "icon": "🏬"}}, {"type": "Feature", "geometry": {"type": "Point", "coordinates": [-99.1891985, 19.35329773]}, "properties": {"nombre": "FARMACIA CNSF", "sector": "Farmacias sin minisúper", "label": "Otro comercio", "color": "#6B7280", "icon": "🏬"}}, {"type": "Feature", "geometry": {"type": "Point", "coordinates": [-99.19377363, 19.39557515]}, "properties": {"nombre": "FARMACIA DE GEENERICOS", "sector": "Farmacias sin minisúper", "label": "Otro comercio", "color": "#6B7280", "icon": "🏬"}}, {"type": "Feature", "geometry": {"type": "Point", "coordinates": [-99.207264, 19.37285874]}, "properties": {"nombre": "FARMACIA DE GENERICOS", "sector": "Farmacias sin minisúper", "label": "Otro comercio", "color": "#6B7280", "icon": "🏬"}}, {"type": "Feature", "geometry": {"type": "Point", "coordinates": [-99.19664892, 19.37504836]}, "properties": {"nombre": "FARMACIA DE GENERICOS SIN NOMBRE", "sector": "Farmacias sin minisúper", "label": "Otro comercio", "color": "#6B7280", "icon": "🏬"}}, {"type": "Feature", "geometry": {"type": "Point", "coordinates": [-99.20823337, 19.37430122]}, "properties": {"nombre": "FARMACIA DE GENERICOS XISA", "sector": "Farmacias sin minisúper", "label": "Otro comercio", "color": "#6B7280", "icon": "🏬"}}, {"type": "Feature", "geometry": {"type": "Point", "coordinates": [-99.21755193, 19.37168435]}, "properties": {"nombre": "FARMACIA DE LA SALUD", "sector": "Farmacias sin minisúper", "label": "Otro comercio", "color": "#6B7280", "icon": "🏬"}}, {"type": "Feature", "geometry": {"type": "Point", "coordinates": [-99.22148227, 19.3690576]}, "properties": {"nombre": "FARMACIA ECONOFARMA", "sector": "Farmacias con minisúper", "label": "Otro comercio", "color": "#6B7280", "icon": "🏬"}}, {"type": "Feature", "geometry": {"type": "Point", "coordinates": [-99.2207869, 19.37058442]}, "properties": {"nombre": "FARMACIA G I", "sector": "Farmacias sin minisúper", "label": "Otro comercio", "color": "#6B7280", "icon": "🏬"}}, {"type": "Feature", "geometry": {"type": "Point", "coordinates": [-99.1986337, 19.37415692]}, "properties": {"nombre": "FARMACIA GENERICOS", "sector": "Farmacias sin minisúper", "label": "Otro comercio", "color": "#6B7280", "icon": "🏬"}}, {"type": "Feature", "geometry": {"type": "Point", "coordinates": [-99.22082432, 19.37083636]}, "properties": {"nombre": "FARMACIA GENERICOS", "sector": "Farmacias sin minisúper", "label": "Otro comercio", "color": "#6B7280", "icon": "🏬"}}, {"type": "Feature", "geometry": {"type": "Point", "coordinates": [-99.20109182, 19.37441175]}, "properties": {"nombre": "FARMACIA GRAN SALUD", "sector": "Farmacias sin minisúper", "label": "Otro comercio", "color": "#6B7280", "icon": "🏬"}}, {"type": "Feature", "geometry": {"type": "Point", "coordinates": [-99.20981201, 19.39348095]}, "properties": {"nombre": "FARMACIA MARIA SELENE", "sector": "Farmacias sin minisúper", "label": "Otro comercio", "color": "#6B7280", "icon": "🏬"}}, {"type": "Feature", "geometry": {"type": "Point", "coordinates": [-99.21206588, 19.38854755]}, "properties": {"nombre": "FARMACIA PAULINA", "sector": "Farmacias sin minisúper", "label": "Otro comercio", "color": "#6B7280", "icon": "🏬"}}, {"type": "Feature", "geometry": {"type": "Point", "coordinates": [-99.22168688, 19.36950474]}, "properties": {"nombre": "FARMACIA REGINA", "sector": "Farmacias sin minisúper", "label": "Otro comercio", "color": "#6B7280", "icon": "🏬"}}, {"type": "Feature", "geometry": {"type": "Point", "coordinates": [-99.1979088, 19.37246184]}, "properties": {"nombre": "FARMACIA REGINA", "sector": "Farmacias sin minisúper", "label": "Otro comercio", "color": "#6B7280", "icon": "🏬"}}, {"type": "Feature", "geometry": {"type": "Point", "coordinates": [-99.21762983, 19.37166162]}, "properties": {"nombre": "FARMACIA SANTA LUCIA", "sector": "Farmacias sin minisúper", "label": "Otro comercio", "color": "#6B7280", "icon": "🏬"}}, {"type": "Feature", "geometry": {"type": "Point", "coordinates": [-99.21523106, 19.38760827]}, "properties": {"nombre": "FARMACIA TANIA", "sector": "Farmacias sin minisúper", "label": "Otro comercio", "color": "#6B7280", "icon": "🏬"}}, {"type": "Feature", "geometry": {"type": "Point", "coordinates": [-99.21837667, 19.37147077]}, "properties": {"nombre": "FARMACIA VAZELI", "sector": "Farmacias sin minisúper", "label": "Otro comercio", "color": "#6B7280", "icon": "🏬"}}, {"type": "Feature", "geometry": {"type": "Point", "coordinates": [-99.19098103, 19.36268016]}, "properties": {"nombre": "FARMACIAS DE SIMILARES ALPES 1 DF", "sector": "Farmacias sin minisúper", "label": "Otro comercio", "color": "#6B7280", "icon": "🏬"}}, {"type": "Feature", "geometry": {"type": "Point", "coordinates": [-99.18982443, 19.34160742]}, "properties": {"nombre": "FARMACIAS DE SIMILARES INSURGENTES 4", "sector": "Farmacias sin minisúper", "label": "Otro comercio", "color": "#6B7280", "icon": "🏬"}}, {"type": "Feature", "geometry": {"type": "Point", "coordinates": [-99.21404768, 19.30743928]}, "properties": {"nombre": "FARMACIAS DE SIMILARES PEDREGAL", "sector": "Farmacias sin minisúper", "label": "Otro comercio", "color": "#6B7280", "icon": "🏬"}}, {"type": "Feature", "geometry": {"type": "Point", "coordinates": [-99.17520458, 19.35442431]}, "properties": {"nombre": "FARMACIAS DE SIMILARES UNIVERSIDAD 4", "sector": "Farmacias sin minisúper", "label": "Otro comercio", "color": "#6B7280", "icon": "🏬"}}, {"type": "Feature", "geometry": {"type": "Point", "coordinates": [-99.22310395, 19.37715231]}, "properties": {"nombre": "FARMACIAS GI PRESIDENTES", "sector": "Farmacias sin minisúper", "label": "Otro comercio", "color": "#6B7280", "icon": "🏬"}}, {"type": "Feature", "geometry": {"type": "Point", "coordinates": [-99.20919727, 19.37282493]}, "properties": {"nombre": "FARMACIAS GUADALAJARA", "sector": "Farmacias con minisúper", "label": "Otro comercio", "color": "#6B7280", "icon": "🏬"}}, {"type": "Feature", "geometry": {"type": "Point", "coordinates": [-99.19928287, 19.37405241]}, "properties": {"nombre": "FARMACIAS SIMILARES MOLINO DE ROSAS 1 A OBREGON", "sector": "Farmacias sin minisúper", "label": "Otro comercio", "color": "#6B7280", "icon": "🏬"}}, {"type": "Feature", "geometry": {"type": "Point", "coordinates": [-99.18517027, 19.35493889]}, "properties": {"nombre": "FARMACIAS YZA SUC 0119 MODULO GUADALUPE INN", "sector": "Farmacias sin minisúper", "label": "Otro comercio", "color": "#6B7280", "icon": "🏬"}}, {"type": "Feature", "geometry": {"type": "Point", "coordinates": [-99.20248814, 19.38935075]}, "properties": {"nombre": "FARPA CRISTO REY 1 ALVARO OBREGON", "sector": "Farmacias sin minisúper", "label": "Otro comercio", "color": "#6B7280", "icon": "🏬"}}, {"type": "Feature", "geometry": {"type": "Point", "coordinates": [-99.22091908, 19.37068428]}, "properties": {"nombre": "FARPA OLIVAR DEL CONDE 3 ALVARO OBREGON", "sector": "Farmacias sin minisúper", "label": "Otro comercio", "color": "#6B7280", "icon": "🏬"}}, {"type": "Feature", "geometry": {"type": "Point", "coordinates": [-99.22022303, 19.3704211]}, "properties": {"nombre": "FERRE MAXI TLAPALERIA", "sector": "Comercio al por menor en ferreterías y tlapalerías", "label": "Otro comercio", "color": "#6B7280", "icon": "🏬"}}, {"type": "Feature", "geometry": {"type": "Point", "coordinates": [-99.19569694, 19.37726889]}, "properties": {"nombre": "FERREPLO MEX", "sector": "Comercio al por menor en ferreterías y tlapalerías", "label": "Otro comercio", "color": "#6B7280", "icon": "🏬"}}, {"type": "Feature", "geometry": {"type": "Point", "coordinates": [-99.19893483, 19.40174681]}, "properties": {"nombre": "FERRETERIA", "sector": "Comercio al por menor en ferreterías y tlapalerías", "label": "Otro comercio", "color": "#6B7280", "icon": "🏬"}}, {"type": "Feature", "geometry": {"type": "Point", "coordinates": [-99.19581926, 19.39525078]}, "properties": {"nombre": "FERRETERIA BELLAVISTA", "sector": "Comercio al por menor en ferreterías y tlapalerías", "label": "Otro comercio", "color": "#6B7280", "icon": "🏬"}}, {"type": "Feature", "geometry": {"type": "Point", "coordinates": [-99.2195799, 19.3505113]}, "properties": {"nombre": "FERRETERIA FERRETIRNILLOS CATILLO", "sector": "Comercio al por menor en ferreterías y tlapalerías", "label": "Otro comercio", "color": "#6B7280", "icon": "🏬"}}, {"type": "Feature", "geometry": {"type": "Point", "coordinates": [-99.19336569, 19.39586554]}, "properties": {"nombre": "FERRETERIA MORALES", "sector": "Comercio al por menor en ferreterías y tlapalerías", "label": "Otro comercio", "color": "#6B7280", "icon": "🏬"}}, {"type": "Feature", "geometry": {"type": "Point", "coordinates": [-99.20220394, 19.39026914]}, "properties": {"nombre": "FERRETERIA Y MATERIALES CRISTO REY", "sector": "Comercio al por menor en ferreterías y tlapalerías", "label": "Otro comercio", "color": "#6B7280", "icon": "🏬"}}, {"type": "Feature", "geometry": {"type": "Point", "coordinates": [-99.20782249, 19.37527234]}, "properties": {"nombre": "FERRETERIA Y PLOMERIA DEL OIVAR", "sector": "Comercio al por menor en ferreterías y tlapalerías", "label": "Otro comercio", "color": "#6B7280", "icon": "🏬"}}, {"type": "Feature", "geometry": {"type": "Point", "coordinates": [-99.21986836, 19.36956279]}, "properties": {"nombre": "FERRETERIA Y TLAPALERIA GROBE", "sector": "Comercio al por menor en ferreterías y tlapalerías", "label": "Otro comercio", "color": "#6B7280", "icon": "🏬"}}, {"type": "Feature", "geometry": {"type": "Point", "coordinates": [-99.18994023, 19.35441816]}, "properties": {"nombre": "FIRENTONE", "sector": "Comercio al por menor de llantas y cámaras para automóviles, camionetas y camion", "label": "Otro comercio", "color": "#6B7280", "icon": "🏬"}}, {"type": "Feature", "geometry": {"type": "Point", "coordinates": [-99.1907021, 19.34281496]}, "properties": {"nombre": "FLORERIA ALEX", "sector": "Comercio al por menor de plantas y flores naturales", "label": "Flores y plantas", "color": "#EC4899", "icon": "🌸"}}, {"type": "Feature", "geometry": {"type": "Point", "coordinates": [-99.213881, 19.30808813]}, "properties": {"nombre": "FLORERIA AMARILIS", "sector": "Comercio al por menor de plantas y flores naturales", "label": "Flores y plantas", "color": "#EC4899", "icon": "🌸"}}, {"type": "Feature", "geometry": {"type": "Point", "coordinates": [-99.1901497, 19.34741902]}, "properties": {"nombre": "FLORERIA ANGELICA", "sector": "Comercio al por menor de plantas y flores naturales", "label": "Flores y plantas", "color": "#EC4899", "icon": "🌸"}}, {"type": "Feature", "geometry": {"type": "Point", "coordinates": [-99.1901497, 19.34741902]}, "properties": {"nombre": "FLORERIA ARMANDO", "sector": "Comercio al por menor de plantas y flores naturales", "label": "Flores y plantas", "color": "#EC4899", "icon": "🌸"}}, {"type": "Feature", "geometry": {"type": "Point", "coordinates": [-99.1901497, 19.34741902]}, "properties": {"nombre": "FLORERIA DANY", "sector": "Comercio al por menor de plantas y flores naturales", "label": "Flores y plantas", "color": "#EC4899", "icon": "🌸"}}, {"type": "Feature", "geometry": {"type": "Point", "coordinates": [-99.1901497, 19.34741902]}, "properties": {"nombre": "FLORERIA FRANCIS", "sector": "Comercio al por menor de plantas y flores naturales", "label": "Flores y plantas", "color": "#EC4899", "icon": "🌸"}}, {"type": "Feature", "geometry": {"type": "Point", "coordinates": [-99.17824258, 19.35794679]}, "properties": {"nombre": "FLORERIA GARCIA", "sector": "Comercio al por menor de plantas y flores naturales", "label": "Flores y plantas", "color": "#EC4899", "icon": "🌸"}}, {"type": "Feature", "geometry": {"type": "Point", "coordinates": [-99.1901497, 19.34741902]}, "properties": {"nombre": "FLORERIA GOYA", "sector": "Comercio al por menor de plantas y flores naturales", "label": "Flores y plantas", "color": "#EC4899", "icon": "🌸"}}, {"type": "Feature", "geometry": {"type": "Point", "coordinates": [-99.1901497, 19.34741902]}, "properties": {"nombre": "FLORERIA GUTIERREZ HERMANOS", "sector": "Comercio al por menor de plantas y flores naturales", "label": "Flores y plantas", "color": "#EC4899", "icon": "🌸"}}, {"type": "Feature", "geometry": {"type": "Point", "coordinates": [-99.1901497, 19.34741902]}, "properties": {"nombre": "FLORERIA HECTOR VELASCO", "sector": "Comercio al por menor de plantas y flores naturales", "label": "Flores y plantas", "color": "#EC4899", "icon": "🌸"}}, {"type": "Feature", "geometry": {"type": "Point", "coordinates": [-99.19007499, 19.34704543]}, "properties": {"nombre": "FLORERIA IVONNE MARIELEM", "sector": "Comercio al por menor de plantas y flores naturales", "label": "Flores y plantas", "color": "#EC4899", "icon": "🌸"}}, {"type": "Feature", "geometry": {"type": "Point", "coordinates": [-99.1901497, 19.34741902]}, "properties": {"nombre": "FLORERIA KELINA", "sector": "Comercio al por menor de plantas y flores naturales", "label": "Flores y plantas", "color": "#EC4899", "icon": "🌸"}}, {"type": "Feature", "geometry": {"type": "Point", "coordinates": [-99.1901497, 19.34741902]}, "properties": {"nombre": "FLORERIA LOS CRISANTEMOS", "sector": "Comercio al por menor de plantas y flores naturales", "label": "Flores y plantas", "color": "#EC4899", "icon": "🌸"}}, {"type": "Feature", "geometry": {"type": "Point", "coordinates": [-99.19301284, 19.36380849]}, "properties": {"nombre": "FLORERIA LOS GIRASOLES", "sector": "Comercio al por menor de plantas y flores naturales", "label": "Flores y plantas", "color": "#EC4899", "icon": "🌸"}}, {"type": "Feature", "geometry": {"type": "Point", "coordinates": [-99.19069868, 19.34282564]}, "properties": {"nombre": "FLORERIA LUPITA", "sector": "Comercio al por menor de plantas y flores naturales", "label": "Flores y plantas", "color": "#EC4899", "icon": "🌸"}}, {"type": "Feature", "geometry": {"type": "Point", "coordinates": [-99.1901497, 19.34741902]}, "properties": {"nombre": "FLORERIA MAGY", "sector": "Comercio al por menor de plantas y flores naturales", "label": "Flores y plantas", "color": "#EC4899", "icon": "🌸"}}, {"type": "Feature", "geometry": {"type": "Point", "coordinates": [-99.1901497, 19.34741902]}, "properties": {"nombre": "FLORERIA MARIA ISABEL", "sector": "Comercio al por menor de plantas y flores naturales", "label": "Flores y plantas", "color": "#EC4899", "icon": "🌸"}}, {"type": "Feature", "geometry": {"type": "Point", "coordinates": [-99.1901497, 19.34741902]}, "properties": {"nombre": "FLORERIA MARIA ISABEL", "sector": "Comercio al por menor de plantas y flores naturales", "label": "Flores y plantas", "color": "#EC4899", "icon": "🌸"}}, {"type": "Feature", "geometry": {"type": "Point", "coordinates": [-99.20636853, 19.37356649]}, "properties": {"nombre": "FLORERIA MARTINEZ", "sector": "Comercio al por menor de plantas y flores naturales", "label": "Flores y plantas", "color": "#EC4899", "icon": "🌸"}}, {"type": "Feature", "geometry": {"type": "Point", "coordinates": [-99.1901497, 19.34741902]}, "properties": {"nombre": "FLORERIA MARY", "sector": "Comercio al por menor de plantas y flores naturales", "label": "Flores y plantas", "color": "#EC4899", "icon": "🌸"}}, {"type": "Feature", "geometry": {"type": "Point", "coordinates": [-99.1901497, 19.34741902]}, "properties": {"nombre": "FLORERIA MILI", "sector": "Comercio al por menor de plantas y flores naturales", "label": "Flores y plantas", "color": "#EC4899", "icon": "🌸"}}, {"type": "Feature", "geometry": {"type": "Point", "coordinates": [-99.1901497, 19.34741902]}, "properties": {"nombre": "FLORERIA MILI", "sector": "Comercio al por menor de plantas y flores naturales", "label": "Flores y plantas", "color": "#EC4899", "icon": "🌸"}}, {"type": "Feature", "geometry": {"type": "Point", "coordinates": [-99.1901497, 19.34741902]}, "properties": {"nombre": "FLORERIA PAOLA", "sector": "Comercio al por menor de plantas y flores naturales", "label": "Flores y plantas", "color": "#EC4899", "icon": "🌸"}}, {"type": "Feature", "geometry": {"type": "Point", "coordinates": [-99.1901497, 19.34741902]}, "properties": {"nombre": "FLORERIA PAOLA", "sector": "Comercio al por menor de plantas y flores naturales", "label": "Flores y plantas", "color": "#EC4899", "icon": "🌸"}}, {"type": "Feature", "geometry": {"type": "Point", "coordinates": [-99.1901497, 19.34741902]}, "properties": {"nombre": "FLORERIA PATY", "sector": "Comercio al por menor de plantas y flores naturales", "label": "Flores y plantas", "color": "#EC4899", "icon": "🌸"}}, {"type": "Feature", "geometry": {"type": "Point", "coordinates": [-99.19377363, 19.39557515]}, "properties": {"nombre": "FLORERIA S DE J", "sector": "Comercio al por menor de plantas y flores naturales", "label": "Flores y plantas", "color": "#EC4899", "icon": "🌸"}}, {"type": "Feature", "geometry": {"type": "Point", "coordinates": [-99.1901497, 19.34741902]}, "properties": {"nombre": "FLORERIA TERESITA", "sector": "Comercio al por menor de plantas y flores naturales", "label": "Flores y plantas", "color": "#EC4899", "icon": "🌸"}}, {"type": "Feature", "geometry": {"type": "Point", "coordinates": [-99.1901497, 19.34741902]}, "properties": {"nombre": "FLORERIA VALDOS", "sector": "Comercio al por menor de plantas y flores naturales", "label": "Flores y plantas", "color": "#EC4899", "icon": "🌸"}}, {"type": "Feature", "geometry": {"type": "Point", "coordinates": [-99.20209224, 19.39014003]}, "properties": {"nombre": "FLORERIA YIRET", "sector": "Comercio al por menor de plantas y flores naturales", "label": "Flores y plantas", "color": "#EC4899", "icon": "🌸"}}, {"type": "Feature", "geometry": {"type": "Point", "coordinates": [-99.1901497, 19.34741902]}, "properties": {"nombre": "FLORES ASELITA", "sector": "Comercio al por menor de plantas y flores naturales", "label": "Flores y plantas", "color": "#EC4899", "icon": "🌸"}}, {"type": "Feature", "geometry": {"type": "Point", "coordinates": [-99.21089278, 19.39300299]}, "properties": {"nombre": "FRUTA VERDURA Y ANTOJITOS", "sector": "Comercio al por menor de frutas y verduras frescas", "label": "Frutas y verduras", "color": "#10B981", "icon": "🥦"}}, {"type": "Feature", "geometry": {"type": "Point", "coordinates": [-99.20209224, 19.39014003]}, "properties": {"nombre": "FRUTAS Y LEGUMBRES", "sector": "Comercio al por menor de frutas y verduras frescas", "label": "Frutas y verduras", "color": "#10B981", "icon": "🥦"}}, {"type": "Feature", "geometry": {"type": "Point", "coordinates": [-99.20209224, 19.39014003]}, "properties": {"nombre": "FRUTAS Y LEGUMBRES SIN NOMBRE", "sector": "Comercio al por menor de frutas y verduras frescas", "label": "Frutas y verduras", "color": "#10B981", "icon": "🥦"}}, {"type": "Feature", "geometry": {"type": "Point", "coordinates": [-99.20209224, 19.39014003]}, "properties": {"nombre": "FRUTAS Y LEGUMBRES SIN NOMBRE", "sector": "Comercio al por menor de frutas y verduras frescas", "label": "Frutas y verduras", "color": "#10B981", "icon": "🥦"}}, {"type": "Feature", "geometry": {"type": "Point", "coordinates": [-99.20209224, 19.39014003]}, "properties": {"nombre": "FRUTAS Y VERDURAS", "sector": "Comercio al por menor de frutas y verduras frescas", "label": "Frutas y verduras", "color": "#10B981", "icon": "🥦"}}, {"type": "Feature", "geometry": {"type": "Point", "coordinates": [-99.20209224, 19.39014003]}, "properties": {"nombre": "FRUTAS Y VERDURAS", "sector": "Comercio al por menor de frutas y verduras frescas", "label": "Frutas y verduras", "color": "#10B981", "icon": "🥦"}}, {"type": "Feature", "geometry": {"type": "Point", "coordinates": [-99.19335833, 19.38136639]}, "properties": {"nombre": "FRUTAS Y VERDURAS ALEX", "sector": "Comercio al por menor de frutas y verduras frescas", "label": "Frutas y verduras", "color": "#10B981", "icon": "🥦"}}, {"type": "Feature", "geometry": {"type": "Point", "coordinates": [-99.2230058, 19.37661719]}, "properties": {"nombre": "FRUTAS Y VERDURAS NUEVO AMANECER", "sector": "Comercio al por menor de frutas y verduras frescas", "label": "Frutas y verduras", "color": "#10B981", "icon": "🥦"}}, {"type": "Feature", "geometry": {"type": "Point", "coordinates": [-99.22126164, 19.36911753]}, "properties": {"nombre": "FRUTAS Y VERDURAS RAUL", "sector": "Comercio al por menor de frutas y verduras frescas", "label": "Frutas y verduras", "color": "#10B981", "icon": "🥦"}}, {"type": "Feature", "geometry": {"type": "Point", "coordinates": [-99.19069868, 19.34282564]}, "properties": {"nombre": "FRUTERIA", "sector": "Comercio al por menor de frutas y verduras frescas", "label": "Frutas y verduras", "color": "#10B981", "icon": "🥦"}}, {"type": "Feature", "geometry": {"type": "Point", "coordinates": [-99.1907021, 19.34281496]}, "properties": {"nombre": "FRUTERIA", "sector": "Comercio al por menor de frutas y verduras frescas", "label": "Frutas y verduras", "color": "#10B981", "icon": "🥦"}}, {"type": "Feature", "geometry": {"type": "Point", "coordinates": [-99.20218541, 19.38885452]}, "properties": {"nombre": "FRUTERIA ROJAS", "sector": "Comercio al por menor de frutas y verduras frescas", "label": "Frutas y verduras", "color": "#10B981", "icon": "🥦"}}, {"type": "Feature", "geometry": {"type": "Point", "coordinates": [-99.18594702, 19.35259953]}, "properties": {"nombre": "GASOLINERIA MURCIA ESTACION 119", "sector": "Comercio al por menor de gasolina y diesel", "label": "Otro comercio", "color": "#6B7280", "icon": "🏬"}}, {"type": "Feature", "geometry": {"type": "Point", "coordinates": [-99.18606444, 19.34894807]}, "properties": {"nombre": "GERS CENTRAL", "sector": "Comercio al por menor de motocicletas", "label": "Otro comercio", "color": "#6B7280", "icon": "🏬"}}, {"type": "Feature", "geometry": {"type": "Point", "coordinates": [-99.21755193, 19.37168435]}, "properties": {"nombre": "GLOBOS SHALALA", "sector": "Comercio al por menor de dulces y materias primas para repostería", "label": "Dulcerías", "color": "#A855F7", "icon": "🍬"}}, {"type": "Feature", "geometry": {"type": "Point", "coordinates": [-99.21367744, 19.30924545]}, "properties": {"nombre": "GNC VIVE MEJOR", "sector": "Comercio al por menor de productos naturistas, medicamentos homeopáticos y de co", "label": "Otro comercio", "color": "#6B7280", "icon": "🏬"}}, {"type": "Feature", "geometry": {"type": "Point", "coordinates": [-99.21848294, 19.35111475]}, "properties": {"nombre": "GO MART CENTRO LAS AGUILAS G52", "sector": "Comercio al por menor en minisupers", "label": "Minisupers", "color": "#06B6D4", "icon": "🏪"}}, {"type": "Feature", "geometry": {"type": "Point", "coordinates": [-99.18595103, 19.35258755]}, "properties": {"nombre": "GO MART CENTRO MURCIA G114", "sector": "Comercio al por menor en minisupers", "label": "Minisupers", "color": "#06B6D4", "icon": "🏪"}}, {"type": "Feature", "geometry": {"type": "Point", "coordinates": [-99.18729504, 19.35820757]}, "properties": {"nombre": "GRUPO CID", "sector": "Comercio al por menor de mobiliario, equipo y accesorios de cómputo", "label": "Otro comercio", "color": "#6B7280", "icon": "🏬"}}, {"type": "Feature", "geometry": {"type": "Point", "coordinates": [-99.21841721, 19.37146026]}, "properties": {"nombre": "GRUPO MOVIL", "sector": "Comercio al por menor de teléfonos y otros aparatos de comunicación", "label": "Otro comercio", "color": "#6B7280", "icon": "🏬"}}, {"type": "Feature", "geometry": {"type": "Point", "coordinates": [-99.18608153, 19.35422907]}, "properties": {"nombre": "GRUPO SR AGENTE DE SEGUROS", "sector": "Comercio al por menor de cigarros, puros y tabaco", "label": "Otro comercio", "color": "#6B7280", "icon": "🏬"}}, {"type": "Feature", "geometry": {"type": "Point", "coordinates": [-99.18924275, 19.36023037]}, "properties": {"nombre": "GUADALUPE INN", "sector": "Comercio al por menor de muebles para el hogar", "label": "Otro comercio", "color": "#6B7280", "icon": "🏬"}}, {"type": "Feature", "geometry": {"type": "Point", "coordinates": [-99.19034877, 19.33919508]}, "properties": {"nombre": "GUAYABERAS FINAS CAB", "sector": "Comercio al por menor de ropa, excepto de bebé y lencería", "label": "Otro comercio", "color": "#6B7280", "icon": "🏬"}}, {"type": "Feature", "geometry": {"type": "Point", "coordinates": [-99.18948472, 19.35356055]}, "properties": {"nombre": "GUAYABERAS NOVELO BOUTIQUE", "sector": "Comercio al por menor en tiendas de artesanías", "label": "Otro comercio", "color": "#6B7280", "icon": "🏬"}}, {"type": "Feature", "geometry": {"type": "Point", "coordinates": [-99.20870959, 19.37438143]}, "properties": {"nombre": "HELADERIA HELADIN", "sector": "Comercio al por menor de paletas de hielo y helados", "label": "Otro comercio", "color": "#6B7280", "icon": "🏬"}}, {"type": "Feature", "geometry": {"type": "Point", "coordinates": [-99.20209224, 19.39014003]}, "properties": {"nombre": "HERBOLARIA MISTICA", "sector": "Comercio al por menor de otros artículos de uso personal", "label": "Otro comercio", "color": "#6B7280", "icon": "🏬"}}, {"type": "Feature", "geometry": {"type": "Point", "coordinates": [-99.1907021, 19.34281496]}, "properties": {"nombre": "HERBOLARIA SANTERIA Y PRODUCTOS MISTICOS", "sector": "Comercio al por menor de otros artículos de uso personal", "label": "Otro comercio", "color": "#6B7280", "icon": "🏬"}}, {"type": "Feature", "geometry": {"type": "Point", "coordinates": [-99.20209224, 19.39014003]}, "properties": {"nombre": "HIGIENE PERSONAL", "sector": "Comercio al por menor de pañales desechables", "label": "Otro comercio", "color": "#6B7280", "icon": "🏬"}}, {"type": "Feature", "geometry": {"type": "Point", "coordinates": [-99.19609216, 19.37455689]}, "properties": {"nombre": "HOLA LA REGALOS", "sector": "Comercio al por menor de artículos de papelería", "label": "Papelería", "color": "#8B5CF6", "icon": "📚"}}, {"type": "Feature", "geometry": {"type": "Point", "coordinates": [-99.21343982, 19.309539]}, "properties": {"nombre": "HOSPITAL VETERINARIO PEDREGAL", "sector": "Comercio al por menor de mascotas", "label": "Otro comercio", "color": "#6B7280", "icon": "🏬"}}, {"type": "Feature", "geometry": {"type": "Point", "coordinates": [-99.2027147, 19.37499824]}, "properties": {"nombre": "HULES AUTOMOTRICES ALTA TENSION", "sector": "Comercio al por menor de partes y refacciones nuevas para automóviles, camioneta", "label": "Otro comercio", "color": "#6B7280", "icon": "🏬"}}, {"type": "Feature", "geometry": {"type": "Point", "coordinates": [-99.19460624, 19.39498246]}, "properties": {"nombre": "HULES Y NEOPRENOS", "sector": "Comercio al por menor de partes y refacciones nuevas para automóviles, camioneta", "label": "Otro comercio", "color": "#6B7280", "icon": "🏬"}}, {"type": "Feature", "geometry": {"type": "Point", "coordinates": [-99.21960621, 19.35059353]}, "properties": {"nombre": "IMPERMEABILIZANTES FESTER MANCIRA", "sector": "Comercio al por menor de pintura", "label": "Otro comercio", "color": "#6B7280", "icon": "🏬"}}, {"type": "Feature", "geometry": {"type": "Point", "coordinates": [-99.22061835, 19.36928656]}, "properties": {"nombre": "INFOTEL REPARACION Y VENTA DE ACCESORIOS PARA CELULAR", "sector": "Comercio al por menor de teléfonos y otros aparatos de comunicación", "label": "Otro comercio", "color": "#6B7280", "icon": "🏬"}}, {"type": "Feature", "geometry": {"type": "Point", "coordinates": [-99.18535071, 19.35440528]}, "properties": {"nombre": "INSURGENTES SUR OLIVO", "sector": "Comercio al por menor de semillas y granos alimenticios, especias y chiles secos", "label": "Otro comercio", "color": "#6B7280", "icon": "🏬"}}, {"type": "Feature", "geometry": {"type": "Point", "coordinates": [-99.18748445, 19.34801063]}, "properties": {"nombre": "INTERNATIONAL KITCHENS", "sector": "Comercio al por menor de muebles para el hogar", "label": "Otro comercio", "color": "#6B7280", "icon": "🏬"}}, {"type": "Feature", "geometry": {"type": "Point", "coordinates": [-99.19916974, 19.37411831]}, "properties": {"nombre": "INTERSOL", "sector": "Comercio al por menor de pisos y recubrimientos cerámicos", "label": "Otro comercio", "color": "#6B7280", "icon": "🏬"}}, {"type": "Feature", "geometry": {"type": "Point", "coordinates": [-99.20113275, 19.37289171]}, "properties": {"nombre": "JARCERIA", "sector": "Comercio al por menor de artículos para la limpieza", "label": "Otro comercio", "color": "#6B7280", "icon": "🏬"}}, {"type": "Feature", "geometry": {"type": "Point", "coordinates": [-99.2071816, 19.37488675]}, "properties": {"nombre": "JARCERIA PRODUCTOS DE BELLEZA SIN NOMBRE", "sector": "Comercio al por menor de artículos para la limpieza", "label": "Otro comercio", "color": "#6B7280", "icon": "🏬"}}, {"type": "Feature", "geometry": {"type": "Point", "coordinates": [-99.2208865, 19.36921706]}, "properties": {"nombre": "JARCERIA Y PRODUCTOS DE LIMPIEZA", "sector": "Comercio al por menor de artículos para la limpieza", "label": "Otro comercio", "color": "#6B7280", "icon": "🏬"}}, {"type": "Feature", "geometry": {"type": "Point", "coordinates": [-99.21938473, 19.37011428]}, "properties": {"nombre": "JARCIERIA JOSEMI", "sector": "Comercio al por menor de artículos para la limpieza", "label": "Otro comercio", "color": "#6B7280", "icon": "🏬"}}, {"type": "Feature", "geometry": {"type": "Point", "coordinates": [-99.19707469, 19.37380535]}, "properties": {"nombre": "JI ESTUDIO &CO", "sector": "Comercio al por menor de artículos de perfumería y cosméticos", "label": "Otro comercio", "color": "#6B7280", "icon": "🏬"}}, {"type": "Feature", "geometry": {"type": "Point", "coordinates": [-99.21309173, 19.30944239]}, "properties": {"nombre": "JOYERIA PIETTRA", "sector": "Comercio al por menor de artículos de joyería y relojes", "label": "Otro comercio", "color": "#6B7280", "icon": "🏬"}}, {"type": "Feature", "geometry": {"type": "Point", "coordinates": [-99.22187041, 19.37056521]}, "properties": {"nombre": "JR", "sector": "Comercio al por menor de ropa, excepto de bebé y lencería", "label": "Otro comercio", "color": "#6B7280", "icon": "🏬"}}, {"type": "Feature", "geometry": {"type": "Point", "coordinates": [-99.17926859, 19.36289593]}, "properties": {"nombre": "JRK GLOBAL TRADING", "sector": "Comercio al por menor de artículos de papelería", "label": "Papelería", "color": "#8B5CF6", "icon": "📚"}}, {"type": "Feature", "geometry": {"type": "Point", "coordinates": [-99.19033107, 19.33942594]}, "properties": {"nombre": "JTEKT VENTAS MEXICO", "sector": "Comercio al por menor de partes y refacciones nuevas para automóviles, camioneta", "label": "Otro comercio", "color": "#6B7280", "icon": "🏬"}}, {"type": "Feature", "geometry": {"type": "Point", "coordinates": [-99.21336867, 19.38924068]}, "properties": {"nombre": "JUGUETERIA KIIPPU", "sector": "Comercio al por menor de juguetes", "label": "Otro comercio", "color": "#6B7280", "icon": "🏬"}}, {"type": "Feature", "geometry": {"type": "Point", "coordinates": [-99.2136741, 19.30927231]}, "properties": {"nombre": "KOKOLETTY", "sector": "Comercio al por menor de ropa de bebé", "label": "Otro comercio", "color": "#6B7280", "icon": "🏬"}}, {"type": "Feature", "geometry": {"type": "Point", "coordinates": [-99.18860596, 19.35855578]}, "properties": {"nombre": "KRAKEN BIKES", "sector": "Comercio al por menor de bicicletas", "label": "Otro comercio", "color": "#6B7280", "icon": "🏬"}}, {"type": "Feature", "geometry": {"type": "Point", "coordinates": [-99.19662591, 19.37534658]}, "properties": {"nombre": "KROQUETERIA HUELLITAS SANAS", "sector": "Comercio al por menor de mascotas", "label": "Otro comercio", "color": "#6B7280", "icon": "🏬"}}, {"type": "Feature", "geometry": {"type": "Point", "coordinates": [-99.18881466, 19.35717858]}, "properties": {"nombre": "LA ASTURIANA 1", "sector": "Comercio al por menor en tiendas de abarrotes, ultramarinos y misceláneas", "label": "Abarrotes/Misceláneas", "color": "#F59E0B", "icon": "🛒"}}, {"type": "Feature", "geometry": {"type": "Point", "coordinates": [-99.20167789, 19.33898848]}, "properties": {"nombre": "LA CASA DEL AHUACATL VENTA DE AGUACATE", "sector": "Comercio al por menor de frutas y verduras frescas", "label": "Frutas y verduras", "color": "#10B981", "icon": "🥦"}}, {"type": "Feature", "geometry": {"type": "Point", "coordinates": [-99.22272781, 19.37033637]}, "properties": {"nombre": "LA ESCOBA", "sector": "Comercio al por menor de artículos para la limpieza", "label": "Otro comercio", "color": "#6B7280", "icon": "🏬"}}, {"type": "Feature", "geometry": {"type": "Point", "coordinates": [-99.18664476, 19.34891039]}, "properties": {"nombre": "LA EUROPEA INSURGENTES", "sector": "Comercio al por menor de vinos y licores", "label": "Otro comercio", "color": "#6B7280", "icon": "🏬"}}, {"type": "Feature", "geometry": {"type": "Point", "coordinates": [-99.1907021, 19.34281496]}, "properties": {"nombre": "LA FERIA DEL MOLE", "sector": "Comercio al por menor de semillas y granos alimenticios, especias y chiles secos", "label": "Otro comercio", "color": "#6B7280", "icon": "🏬"}}, {"type": "Feature", "geometry": {"type": "Point", "coordinates": [-99.18129745, 19.34729183]}, "properties": {"nombre": "LA MANZANA EL ARTE DE LA SALUD TIENDA NATURISTA", "sector": "Comercio al por menor de productos naturistas, medicamentos homeopáticos y de co", "label": "Otro comercio", "color": "#6B7280", "icon": "🏬"}}, {"type": "Feature", "geometry": {"type": "Point", "coordinates": [-99.186067, 19.35483862]}, "properties": {"nombre": "LA REALEZA MICHOACAN", "sector": "Comercio al por menor de paletas de hielo y helados", "label": "Otro comercio", "color": "#6B7280", "icon": "🏬"}}, {"type": "Feature", "geometry": {"type": "Point", "coordinates": [-99.22231366, 19.36958929]}, "properties": {"nombre": "LA TIENDITA", "sector": "Comercio al por menor en tiendas de abarrotes, ultramarinos y misceláneas", "label": "Abarrotes/Misceláneas", "color": "#F59E0B", "icon": "🛒"}}, {"type": "Feature", "geometry": {"type": "Point", "coordinates": [-99.20718273, 19.37572246]}, "properties": {"nombre": "LA TIENDITA DE ABY", "sector": "Comercio al por menor en tiendas de abarrotes, ultramarinos y misceláneas", "label": "Abarrotes/Misceláneas", "color": "#F59E0B", "icon": "🛒"}}, {"type": "Feature", "geometry": {"type": "Point", "coordinates": [-99.19094976, 19.34138601]}, "properties": {"nombre": "LA VEGA SAN ANGEL 1", "sector": "Comercio al por menor de calzado", "label": "Otro comercio", "color": "#6B7280", "icon": "🏬"}}, {"type": "Feature", "geometry": {"type": "Point", "coordinates": [-99.1907021, 19.34281496]}, "properties": {"nombre": "LEGUMBRES", "sector": "Comercio al por menor de frutas y verduras frescas", "label": "Frutas y verduras", "color": "#10B981", "icon": "🥦"}}, {"type": "Feature", "geometry": {"type": "Point", "coordinates": [-99.18229353, 19.34737596]}, "properties": {"nombre": "LIBRERIAS GANDHI MAURICIO ACHAR", "sector": "Comercio al por menor de libros", "label": "Otro comercio", "color": "#6B7280", "icon": "🏬"}}, {"type": "Feature", "geometry": {"type": "Point", "coordinates": [-99.18173512, 19.347412]}, "properties": {"nombre": "LIBRERIAS GANDHI OPORTUNIDADES", "sector": "Comercio al por menor de libros", "label": "Otro comercio", "color": "#6B7280", "icon": "🏬"}}, {"type": "Feature", "geometry": {"type": "Point", "coordinates": [-99.18862967, 19.34862948]}, "properties": {"nombre": "LIBROS DE LUJO", "sector": "Comercio al por menor de libros", "label": "Otro comercio", "color": "#6B7280", "icon": "🏬"}}, {"type": "Feature", "geometry": {"type": "Point", "coordinates": [-99.22131736, 19.37704522]}, "properties": {"nombre": "LICONSA", "sector": "Comercio al por menor de leche, otros productos lácteos y embutidos", "label": "Otro comercio", "color": "#6B7280", "icon": "🏬"}}, {"type": "Feature", "geometry": {"type": "Point", "coordinates": [-99.20162876, 19.38959504]}, "properties": {"nombre": "LICONSA", "sector": "Comercio al por menor de leche, otros productos lácteos y embutidos", "label": "Otro comercio", "color": "#6B7280", "icon": "🏬"}}, {"type": "Feature", "geometry": {"type": "Point", "coordinates": [-99.21840085, 19.36986099]}, "properties": {"nombre": "LLANTERA LEON", "sector": "Comercio al por menor de llantas y cámaras para automóviles, camionetas y camion", "label": "Otro comercio", "color": "#6B7280", "icon": "🏬"}}, {"type": "Feature", "geometry": {"type": "Point", "coordinates": [-99.20209224, 19.39014003]}, "properties": {"nombre": "LOCAL DE CRISTALERIA Y PLASTICOS", "sector": "Comercio al por menor de cristalería, loza y utensilios de cocina", "label": "Otro comercio", "color": "#6B7280", "icon": "🏬"}}, {"type": "Feature", "geometry": {"type": "Point", "coordinates": [-99.20209224, 19.39014003]}, "properties": {"nombre": "LOCAL DE JUGUETES SIN NOMBRE", "sector": "Comercio al por menor de juguetes", "label": "Otro comercio", "color": "#6B7280", "icon": "🏬"}}, {"type": "Feature", "geometry": {"type": "Point", "coordinates": [-99.20209224, 19.39014003]}, "properties": {"nombre": "LOCAL DE PRODUCTOS NATURISTAS SIN NOMBRE", "sector": "Comercio al por menor de productos naturistas, medicamentos homeopáticos y de co", "label": "Otro comercio", "color": "#6B7280", "icon": "🏬"}}, {"type": "Feature", "geometry": {"type": "Point", "coordinates": [-99.20421819, 19.37600876]}, "properties": {"nombre": "LUMANIA TIENDA DE BISUTERIA", "sector": "Comercio al por menor de bisutería y accesorios de vestir", "label": "Otro comercio", "color": "#6B7280", "icon": "🏬"}}, {"type": "Feature", "geometry": {"type": "Point", "coordinates": [-99.19393284, 19.39237747]}, "properties": {"nombre": "LUMZAR GARAGE", "sector": "Comercio al por menor de motocicletas", "label": "Otro comercio", "color": "#6B7280", "icon": "🏬"}}, {"type": "Feature", "geometry": {"type": "Point", "coordinates": [-99.21316753, 19.30914541]}, "properties": {"nombre": "LUNNA", "sector": "Comercio al por menor de muebles para el hogar", "label": "Otro comercio", "color": "#6B7280", "icon": "🏬"}}, {"type": "Feature", "geometry": {"type": "Point", "coordinates": [-99.19044656, 19.3399899]}, "properties": {"nombre": "MAAR TRADING", "sector": "Comercio al por menor de mobiliario, equipo y accesorios de cómputo", "label": "Otro comercio", "color": "#6B7280", "icon": "🏬"}}, {"type": "Feature", "geometry": {"type": "Point", "coordinates": [-99.21322261, 19.3089296]}, "properties": {"nombre": "MAC CARE", "sector": "Comercio al por menor de mobiliario, equipo y accesorios de cómputo", "label": "Otro comercio", "color": "#6B7280", "icon": "🏬"}}, {"type": "Feature", "geometry": {"type": "Point", "coordinates": [-99.20287387, 19.38977273]}, "properties": {"nombre": "MACRO PHARMA", "sector": "Farmacias sin minisúper", "label": "Otro comercio", "color": "#6B7280", "icon": "🏬"}}, {"type": "Feature", "geometry": {"type": "Point", "coordinates": [-99.19518275, 19.3948027]}, "properties": {"nombre": "MANGUERAS Y CONEXIONES MANGUERAS Y CONEXIONES FAUSTO", "sector": "Comercio al por menor en ferreterías y tlapalerías", "label": "Otro comercio", "color": "#6B7280", "icon": "🏬"}}, {"type": "Feature", "geometry": {"type": "Point", "coordinates": [-99.19942786, 19.37205516]}, "properties": {"nombre": "MANUALIDADES PILI", "sector": "Comercio al por menor de otros artículos para la decoración de interiores", "label": "Otro comercio", "color": "#6B7280", "icon": "🏬"}}, {"type": "Feature", "geometry": {"type": "Point", "coordinates": [-99.21332181, 19.30854094]}, "properties": {"nombre": "MARCOS GALLERY", "sector": "Comercio al por menor de vidrios y espejos", "label": "Otro comercio", "color": "#6B7280", "icon": "🏬"}}, {"type": "Feature", "geometry": {"type": "Point", "coordinates": [-99.18710559, 19.35815712]}, "properties": {"nombre": "MARCOS VENUS", "sector": "Comercio al por menor de otros artículos para la decoración de interiores", "label": "Otro comercio", "color": "#6B7280", "icon": "🏬"}}, {"type": "Feature", "geometry": {"type": "Point", "coordinates": [-99.20133472, 19.37377604]}, "properties": {"nombre": "MARCOS Y CUADROS TAURO", "sector": "Comercio al por menor de equipo y material fotográfico", "label": "Otro comercio", "color": "#6B7280", "icon": "🏬"}}, {"type": "Feature", "geometry": {"type": "Point", "coordinates": [-99.19675152, 19.37374375]}, "properties": {"nombre": "MARIQUITA LINDA", "sector": "Comercio al por menor de dulces y materias primas para repostería", "label": "Dulcerías", "color": "#A855F7", "icon": "🍬"}}, {"type": "Feature", "geometry": {"type": "Point", "coordinates": [-99.19816162, 19.37483708]}, "properties": {"nombre": "MAS NATURAL SALUD Y BIENESTAR SUPLEMENTOS ALIMENTICIOS", "sector": "Comercio al por menor de productos naturistas, medicamentos homeopáticos y de co", "label": "Otro comercio", "color": "#6B7280", "icon": "🏬"}}, {"type": "Feature", "geometry": {"type": "Point", "coordinates": [-99.22272781, 19.37033637]}, "properties": {"nombre": "MASCOTAS CONSENTIDAS", "sector": "Comercio al por menor de bisutería y accesorios de vestir", "label": "Otro comercio", "color": "#6B7280", "icon": "🏬"}}, {"type": "Feature", "geometry": {"type": "Point", "coordinates": [-99.17598799, 19.35356743]}, "properties": {"nombre": "MASCOTAS Y COMPAÑIA", "sector": "Comercio al por menor de mascotas", "label": "Otro comercio", "color": "#6B7280", "icon": "🏬"}}, {"type": "Feature", "geometry": {"type": "Point", "coordinates": [-99.18638938, 19.35492746]}, "properties": {"nombre": "MATERIA ELECTRICO Y PLOMERIA", "sector": "Comercio al por menor en ferreterías y tlapalerías", "label": "Otro comercio", "color": "#6B7280", "icon": "🏬"}}, {"type": "Feature", "geometry": {"type": "Point", "coordinates": [-99.2013795, 19.37319669]}, "properties": {"nombre": "MATERIALES CARRERA", "sector": "Comercio al por menor en ferreterías y tlapalerías", "label": "Otro comercio", "color": "#6B7280", "icon": "🏬"}}, {"type": "Feature", "geometry": {"type": "Point", "coordinates": [-99.20209224, 19.39014003]}, "properties": {"nombre": "MATERIAS PRIMAS", "sector": "Comercio al por menor de dulces y materias primas para repostería", "label": "Dulcerías", "color": "#A855F7", "icon": "🍬"}}, {"type": "Feature", "geometry": {"type": "Point", "coordinates": [-99.20175997, 19.38814929]}, "properties": {"nombre": "MATERIAS PRIMAS CRISTO REY", "sector": "Comercio al por menor de artículos desechables", "label": "Otro comercio", "color": "#6B7280", "icon": "🏬"}}, {"type": "Feature", "geometry": {"type": "Point", "coordinates": [-99.21283369, 19.38733039]}, "properties": {"nombre": "MATERIAS PRIMAS LEO", "sector": "Comercio al por menor de artículos desechables", "label": "Otro comercio", "color": "#6B7280", "icon": "🏬"}}, {"type": "Feature", "geometry": {"type": "Point", "coordinates": [-99.20363203, 19.37566561]}, "properties": {"nombre": "MATERIAS PRIMAS SIN NOMBRE", "sector": "Comercio al por menor de artículos desechables", "label": "Otro comercio", "color": "#6B7280", "icon": "🏬"}}, {"type": "Feature", "geometry": {"type": "Point", "coordinates": [-99.20764972, 19.37351165]}, "properties": {"nombre": "MATERIAS PRIMAS YESHUA", "sector": "Comercio al por menor de semillas y granos alimenticios, especias y chiles secos", "label": "Otro comercio", "color": "#6B7280", "icon": "🏬"}}, {"type": "Feature", "geometry": {"type": "Point", "coordinates": [-99.19033064, 19.33906813]}, "properties": {"nombre": "MAZATECH", "sector": "Comercio al por menor de teléfonos y otros aparatos de comunicación", "label": "Otro comercio", "color": "#6B7280", "icon": "🏬"}}, {"type": "Feature", "geometry": {"type": "Point", "coordinates": [-99.20209224, 19.39014003]}, "properties": {"nombre": "MERCERIA CRISTY", "sector": "Comercio al por menor de artículos de mercería y bonetería", "label": "Otro comercio", "color": "#6B7280", "icon": "🏬"}}, {"type": "Feature", "geometry": {"type": "Point", "coordinates": [-99.1907021, 19.34281496]}, "properties": {"nombre": "MERCERIA DANI", "sector": "Comercio al por menor de artículos de mercería y bonetería", "label": "Otro comercio", "color": "#6B7280", "icon": "🏬"}}, {"type": "Feature", "geometry": {"type": "Point", "coordinates": [-99.20209224, 19.39014003]}, "properties": {"nombre": "MERCERIA ROSITA", "sector": "Comercio al por menor de artículos de mercería y bonetería", "label": "Otro comercio", "color": "#6B7280", "icon": "🏬"}}, {"type": "Feature", "geometry": {"type": "Point", "coordinates": [-99.20209224, 19.39014003]}, "properties": {"nombre": "MERCERIA SIN NOMBRE", "sector": "Comercio al por menor de artículos de mercería y bonetería", "label": "Otro comercio", "color": "#6B7280", "icon": "🏬"}}, {"type": "Feature", "geometry": {"type": "Point", "coordinates": [-99.1907021, 19.34281496]}, "properties": {"nombre": "MERCERIA SIN NOMBRE", "sector": "Comercio al por menor de artículos de mercería y bonetería", "label": "Otro comercio", "color": "#6B7280", "icon": "🏬"}}, {"type": "Feature", "geometry": {"type": "Point", "coordinates": [-99.1907021, 19.34281496]}, "properties": {"nombre": "MERCERIA SIN NOMBRE", "sector": "Comercio al por menor de artículos de mercería y bonetería", "label": "Otro comercio", "color": "#6B7280", "icon": "🏬"}}, {"type": "Feature", "geometry": {"type": "Point", "coordinates": [-99.1907021, 19.34281496]}, "properties": {"nombre": "MERCERIA Y REGALOS", "sector": "Comercio al por menor de regalos", "label": "Otro comercio", "color": "#6B7280", "icon": "🏬"}}, {"type": "Feature", "geometry": {"type": "Point", "coordinates": [-99.18876779, 19.36282907]}, "properties": {"nombre": "MET DIGITAL", "sector": "Comercio al por menor de artículos de papelería", "label": "Papelería", "color": "#8B5CF6", "icon": "📚"}}, {"type": "Feature", "geometry": {"type": "Point", "coordinates": [-99.1907021, 19.34281496]}, "properties": {"nombre": "MIGUEL Y MARYCARMEN", "sector": "Comercio al por menor de dulces y materias primas para repostería", "label": "Dulcerías", "color": "#A855F7", "icon": "🍬"}}, {"type": "Feature", "geometry": {"type": "Point", "coordinates": [-99.20443196, 19.37486324]}, "properties": {"nombre": "MINI ABARROTES RECAUDERIA GARCIA", "sector": "Comercio al por menor en tiendas de abarrotes, ultramarinos y misceláneas", "label": "Abarrotes/Misceláneas", "color": "#F59E0B", "icon": "🛒"}}, {"type": "Feature", "geometry": {"type": "Point", "coordinates": [-99.21565058, 19.37229811]}, "properties": {"nombre": "MINI SUPER LA AVENIDA", "sector": "Comercio al por menor en tiendas de abarrotes, ultramarinos y misceláneas", "label": "Abarrotes/Misceláneas", "color": "#F59E0B", "icon": "🛒"}}, {"type": "Feature", "geometry": {"type": "Point", "coordinates": [-99.19599889, 19.37599436]}, "properties": {"nombre": "MINISUPER KONY", "sector": "Comercio al por menor en tiendas de abarrotes, ultramarinos y misceláneas", "label": "Abarrotes/Misceláneas", "color": "#F59E0B", "icon": "🛒"}}, {"type": "Feature", "geometry": {"type": "Point", "coordinates": [-99.1987365, 19.37430783]}, "properties": {"nombre": "MISCELANEA ARCOIRIS", "sector": "Comercio al por menor en tiendas de abarrotes, ultramarinos y misceláneas", "label": "Abarrotes/Misceláneas", "color": "#F59E0B", "icon": "🛒"}}, {"type": "Feature", "geometry": {"type": "Point", "coordinates": [-99.20785229, 19.37516503]}, "properties": {"nombre": "MISCELANEA LA CONDESA", "sector": "Comercio al por menor en tiendas de abarrotes, ultramarinos y misceláneas", "label": "Abarrotes/Misceláneas", "color": "#F59E0B", "icon": "🛒"}}, {"type": "Feature", "geometry": {"type": "Point", "coordinates": [-99.22365241, 19.37718779]}, "properties": {"nombre": "MISCELANEA LA PEQUEÑITA", "sector": "Comercio al por menor en tiendas de abarrotes, ultramarinos y misceláneas", "label": "Abarrotes/Misceláneas", "color": "#F59E0B", "icon": "🛒"}}, {"type": "Feature", "geometry": {"type": "Point", "coordinates": [-99.19527542, 19.3945061]}, "properties": {"nombre": "MISCELANEA LA ROSITA", "sector": "Comercio al por menor en tiendas de abarrotes, ultramarinos y misceláneas", "label": "Abarrotes/Misceláneas", "color": "#F59E0B", "icon": "🛒"}}, {"type": "Feature", "geometry": {"type": "Point", "coordinates": [-99.20286193, 19.37327875]}, "properties": {"nombre": "MISCELANEA LUPITA", "sector": "Comercio al por menor en tiendas de abarrotes, ultramarinos y misceláneas", "label": "Abarrotes/Misceláneas", "color": "#F59E0B", "icon": "🛒"}}, {"type": "Feature", "geometry": {"type": "Point", "coordinates": [-99.19672157, 19.37987938]}, "properties": {"nombre": "MISCELANEA MARIA ISABEL", "sector": "Comercio al por menor en tiendas de abarrotes, ultramarinos y misceláneas", "label": "Abarrotes/Misceláneas", "color": "#F59E0B", "icon": "🛒"}}, {"type": "Feature", "geometry": {"type": "Point", "coordinates": [-99.19894048, 19.37409318]}, "properties": {"nombre": "MISCELANEA SAN LUIS", "sector": "Comercio al por menor en tiendas de abarrotes, ultramarinos y misceláneas", "label": "Abarrotes/Misceláneas", "color": "#F59E0B", "icon": "🛒"}}, {"type": "Feature", "geometry": {"type": "Point", "coordinates": [-99.2022155, 19.33742987]}, "properties": {"nombre": "MISCELANEA SUSY", "sector": "Comercio al por menor en tiendas de abarrotes, ultramarinos y misceláneas", "label": "Abarrotes/Misceláneas", "color": "#F59E0B", "icon": "🛒"}}, {"type": "Feature", "geometry": {"type": "Point", "coordinates": [-99.18501013, 19.35545812]}, "properties": {"nombre": "MIXAR STAR", "sector": "Comercio al por menor de motocicletas", "label": "Otro comercio", "color": "#6B7280", "icon": "🏬"}}, {"type": "Feature", "geometry": {"type": "Point", "coordinates": [-99.1907021, 19.34281496]}, "properties": {"nombre": "MOCHILAS BETO", "sector": "Comercio al por menor de artículos y aparatos deportivos", "label": "Otro comercio", "color": "#6B7280", "icon": "🏬"}}, {"type": "Feature", "geometry": {"type": "Point", "coordinates": [-99.20209224, 19.39014003]}, "properties": {"nombre": "MOLES EN PASTA Y CHILES SECOS", "sector": "Comercio al por menor de semillas y granos alimenticios, especias y chiles secos", "label": "Otro comercio", "color": "#6B7280", "icon": "🏬"}}, {"type": "Feature", "geometry": {"type": "Point", "coordinates": [-99.1907021, 19.34281496]}, "properties": {"nombre": "MOLES Y CHILES SECOS MONY", "sector": "Comercio al por menor de semillas y granos alimenticios, especias y chiles secos", "label": "Otro comercio", "color": "#6B7280", "icon": "🏬"}}, {"type": "Feature", "geometry": {"type": "Point", "coordinates": [-99.213859, 19.30816223]}, "properties": {"nombre": "MONILU", "sector": "Comercio al por menor de artículos usados", "label": "Otro comercio", "color": "#6B7280", "icon": "🏬"}}, {"type": "Feature", "geometry": {"type": "Point", "coordinates": [-99.19512442, 19.37348457]}, "properties": {"nombre": "MORCAR FRENOS", "sector": "Comercio al por menor de partes y refacciones nuevas para automóviles, camioneta", "label": "Otro comercio", "color": "#6B7280", "icon": "🏬"}}, {"type": "Feature", "geometry": {"type": "Point", "coordinates": [-99.19069868, 19.34282564]}, "properties": {"nombre": "MOTOS BEBO", "sector": "Comercio al por menor de motocicletas", "label": "Otro comercio", "color": "#6B7280", "icon": "🏬"}}, {"type": "Feature", "geometry": {"type": "Point", "coordinates": [-99.20785229, 19.37516503]}, "properties": {"nombre": "MOTOZOOM", "sector": "Comercio al por menor de motocicletas", "label": "Otro comercio", "color": "#6B7280", "icon": "🏬"}}, {"type": "Feature", "geometry": {"type": "Point", "coordinates": [-99.21364932, 19.30947193]}, "properties": {"nombre": "MR BEEF", "sector": "Comercio al por menor de carnes rojas", "label": "Carnicerías", "color": "#EF4444", "icon": "🥩"}}, {"type": "Feature", "geometry": {"type": "Point", "coordinates": [-99.19312455, 19.3955792]}, "properties": {"nombre": "MUEBLERIA RAMOS", "sector": "Comercio al por menor de muebles para el hogar", "label": "Otro comercio", "color": "#6B7280", "icon": "🏬"}}, {"type": "Feature", "geometry": {"type": "Point", "coordinates": [-99.19310978, 19.39586891]}, "properties": {"nombre": "MULTIFARMACIAS GENERICOS", "sector": "Farmacias con minisúper", "label": "Otro comercio", "color": "#6B7280", "icon": "🏬"}}, {"type": "Feature", "geometry": {"type": "Point", "coordinates": [-99.22286987, 19.37029682]}, "properties": {"nombre": "NAILS OLY", "sector": "Comercio al por menor de artículos de perfumería y cosméticos", "label": "Otro comercio", "color": "#6B7280", "icon": "🏬"}}, {"type": "Feature", "geometry": {"type": "Point", "coordinates": [-99.18972637, 19.34186235]}, "properties": {"nombre": "NATURES SUNSHINE PRODUCTS DE MEXICO", "sector": "Comercio al por menor de productos naturistas, medicamentos homeopáticos y de co", "label": "Otro comercio", "color": "#6B7280", "icon": "🏬"}}, {"type": "Feature", "geometry": {"type": "Point", "coordinates": [-99.18761398, 19.35527514]}, "properties": {"nombre": "NEXIRA", "sector": "Comercio al por menor de otros alimentos", "label": "Otro comercio", "color": "#6B7280", "icon": "🏬"}}, {"type": "Feature", "geometry": {"type": "Point", "coordinates": [-99.2153419, 19.37237811]}, "properties": {"nombre": "NOVEDADES JOSELYN", "sector": "Comercio al por menor de regalos", "label": "Otro comercio", "color": "#6B7280", "icon": "🏬"}}, {"type": "Feature", "geometry": {"type": "Point", "coordinates": [-99.21212161, 19.38862112]}, "properties": {"nombre": "NOVEDADES Y REGALOS ITZEL", "sector": "Comercio al por menor de juguetes", "label": "Otro comercio", "color": "#6B7280", "icon": "🏬"}}, {"type": "Feature", "geometry": {"type": "Point", "coordinates": [-99.20214693, 19.38880036]}, "properties": {"nombre": "OASIS LUPITA", "sector": "Comercio al por menor de cerveza", "label": "Otro comercio", "color": "#6B7280", "icon": "🏬"}}, {"type": "Feature", "geometry": {"type": "Point", "coordinates": [-99.19069868, 19.34282564]}, "properties": {"nombre": "OBSESION JEANS", "sector": "Comercio al por menor de ropa, excepto de bebé y lencería", "label": "Otro comercio", "color": "#6B7280", "icon": "🏬"}}, {"type": "Feature", "geometry": {"type": "Point", "coordinates": [-99.17687857, 19.35287608]}, "properties": {"nombre": "OFFICE DEPOT DE MEXICO 127 VIVEROS", "sector": "Comercio al por menor de artículos de papelería", "label": "Papelería", "color": "#8B5CF6", "icon": "📚"}}, {"type": "Feature", "geometry": {"type": "Point", "coordinates": [-99.22262513, 19.36876416]}, "properties": {"nombre": "OPTICA COLINAS", "sector": "Comercio al por menor de lentes", "label": "Otro comercio", "color": "#6B7280", "icon": "🏬"}}, {"type": "Feature", "geometry": {"type": "Point", "coordinates": [-99.20209224, 19.39014003]}, "properties": {"nombre": "OPTICA DUO VISION", "sector": "Comercio al por menor de artículos de mercería y bonetería", "label": "Otro comercio", "color": "#6B7280", "icon": "🏬"}}, {"type": "Feature", "geometry": {"type": "Point", "coordinates": [-99.2030155, 19.3746587]}, "properties": {"nombre": "OPTICA EL ROSAL", "sector": "Comercio al por menor de lentes", "label": "Otro comercio", "color": "#6B7280", "icon": "🏬"}}, {"type": "Feature", "geometry": {"type": "Point", "coordinates": [-99.18572925, 19.35634938]}, "properties": {"nombre": "OPTICA VELASCO", "sector": "Comercio al por menor de lentes", "label": "Otro comercio", "color": "#6B7280", "icon": "🏬"}}, {"type": "Feature", "geometry": {"type": "Point", "coordinates": [-99.20199701, 19.33757528]}, "properties": {"nombre": "OPTICAS CUKIE", "sector": "Comercio al por menor de lentes", "label": "Otro comercio", "color": "#6B7280", "icon": "🏬"}}, {"type": "Feature", "geometry": {"type": "Point", "coordinates": [-99.21399337, 19.38797879]}, "properties": {"nombre": "OPTILIGHT", "sector": "Comercio al por menor de lentes", "label": "Otro comercio", "color": "#6B7280", "icon": "🏬"}}, {"type": "Feature", "geometry": {"type": "Point", "coordinates": [-99.20175997, 19.38814929]}, "properties": {"nombre": "OSO MEXICANO", "sector": "Comercio al por menor de ropa, excepto de bebé y lencería", "label": "Otro comercio", "color": "#6B7280", "icon": "🏬"}}, {"type": "Feature", "geometry": {"type": "Point", "coordinates": [-99.17527977, 19.35434053]}, "properties": {"nombre": "OXXO SUC 5082R PARQUE VIVEROS MEX", "sector": "Comercio al por menor en minisupers", "label": "Minisupers", "color": "#06B6D4", "icon": "🏪"}}, {"type": "Feature", "geometry": {"type": "Point", "coordinates": [-99.18591674, 19.35179419]}, "properties": {"nombre": "OXXO SUC 5089C VITO ALESSIO MEX", "sector": "Comercio al por menor en minisupers", "label": "Minisupers", "color": "#06B6D4", "icon": "🏪"}}, {"type": "Feature", "geometry": {"type": "Point", "coordinates": [-99.19032555, 19.33947848]}, "properties": {"nombre": "OXXO SUC 50BHN TORRE GINZA MEX", "sector": "Comercio al por menor en minisupers", "label": "Minisupers", "color": "#06B6D4", "icon": "🏪"}}, {"type": "Feature", "geometry": {"type": "Point", "coordinates": [-99.17424808, 19.35554496]}, "properties": {"nombre": "OXXO SUC 50CCY CINCO DE MAYO MEX", "sector": "Comercio al por menor en minisupers", "label": "Minisupers", "color": "#06B6D4", "icon": "🏪"}}, {"type": "Feature", "geometry": {"type": "Point", "coordinates": [-99.21376401, 19.38803454]}, "properties": {"nombre": "OXXO SUC 50D6O CHILENOS MEX", "sector": "Comercio al por menor en minisupers", "label": "Minisupers", "color": "#06B6D4", "icon": "🏪"}}, {"type": "Feature", "geometry": {"type": "Point", "coordinates": [-99.19937066, 19.37278512]}, "properties": {"nombre": "OXXO SUC 50EFH ROSA BLANCA MEX", "sector": "Comercio al por menor en minisupers", "label": "Minisupers", "color": "#06B6D4", "icon": "🏪"}}, {"type": "Feature", "geometry": {"type": "Point", "coordinates": [-99.19866554, 19.40267031]}, "properties": {"nombre": "OXXO SUC 50EQB BLANQUE MEX", "sector": "Comercio al por menor en minisupers", "label": "Minisupers", "color": "#06B6D4", "icon": "🏪"}}, {"type": "Feature", "geometry": {"type": "Point", "coordinates": [-99.19001989, 19.35379077]}, "properties": {"nombre": "OXXO SUC 50FXS HELENICO MEX", "sector": "Comercio al por menor en minisupers", "label": "Minisupers", "color": "#06B6D4", "icon": "🏪"}}, {"type": "Feature", "geometry": {"type": "Point", "coordinates": [-99.18410629, 19.35832985]}, "properties": {"nombre": "OXXO SUC 50G75 VILLA NUEVA MEX", "sector": "Comercio al por menor en minisupers", "label": "Minisupers", "color": "#06B6D4", "icon": "🏪"}}, {"type": "Feature", "geometry": {"type": "Point", "coordinates": [-99.2031061, 19.37527697]}, "properties": {"nombre": "OXXO SUC 50I8L CALLE 18 MEX", "sector": "Comercio al por menor en minisupers", "label": "Minisupers", "color": "#06B6D4", "icon": "🏪"}}, {"type": "Feature", "geometry": {"type": "Point", "coordinates": [-99.18551546, 19.34822732]}, "properties": {"nombre": "OXXO SUC 50MPA LA PAZ MEX", "sector": "Comercio al por menor en minisupers", "label": "Minisupers", "color": "#06B6D4", "icon": "🏪"}}, {"type": "Feature", "geometry": {"type": "Point", "coordinates": [-99.20206967, 19.39010404]}, "properties": {"nombre": "OXXO SUC 50NOI ROQUE MEX", "sector": "Comercio al por menor en minisupers", "label": "Minisupers", "color": "#06B6D4", "icon": "🏪"}}, {"type": "Feature", "geometry": {"type": "Point", "coordinates": [-99.19302485, 19.39534743]}, "properties": {"nombre": "OXXO SUC 50OWC CANARIO MEX", "sector": "Comercio al por menor en minisupers", "label": "Minisupers", "color": "#06B6D4", "icon": "🏪"}}, {"type": "Feature", "geometry": {"type": "Point", "coordinates": [-99.18974778, 19.34363967]}, "properties": {"nombre": "OXXO SUC 50PZJ PLAZA DEL CARMEN MEX", "sector": "Comercio al por menor en minisupers", "label": "Minisupers", "color": "#06B6D4", "icon": "🏪"}}, {"type": "Feature", "geometry": {"type": "Point", "coordinates": [-99.18321319, 19.36025998]}, "properties": {"nombre": "OXXO SUC 50QJR PALERMO MEX", "sector": "Comercio al por menor en minisupers", "label": "Minisupers", "color": "#06B6D4", "icon": "🏪"}}, {"type": "Feature", "geometry": {"type": "Point", "coordinates": [-99.17814478, 19.351417]}, "properties": {"nombre": "OXXO SUC 50TGQ TAGLE MEX", "sector": "Comercio al por menor en minisupers", "label": "Minisupers", "color": "#06B6D4", "icon": "🏪"}}, {"type": "Feature", "geometry": {"type": "Point", "coordinates": [-99.18966351, 19.36258032]}, "properties": {"nombre": "OXXO SUC 50TYL PERIFERICO MEX", "sector": "Comercio al por menor en minisupers", "label": "Minisupers", "color": "#06B6D4", "icon": "🏪"}}, {"type": "Feature", "geometry": {"type": "Point", "coordinates": [-99.20152732, 19.40152677]}, "properties": {"nombre": "OXXO SUC 50YEW COVE MEX", "sector": "Comercio al por menor en minisupers", "label": "Minisupers", "color": "#06B6D4", "icon": "🏪"}}, {"type": "Feature", "geometry": {"type": "Point", "coordinates": [-99.21923006, 19.37122589]}, "properties": {"nombre": "OXXO SUC 50Z42 HIDALGO 29 MEX", "sector": "Comercio al por menor en minisupers", "label": "Minisupers", "color": "#06B6D4", "icon": "🏪"}}, {"type": "Feature", "geometry": {"type": "Point", "coordinates": [-99.19857865, 19.3747212]}, "properties": {"nombre": "PALETERIA", "sector": "Comercio al por menor de paletas de hielo y helados", "label": "Otro comercio", "color": "#6B7280", "icon": "🏬"}}, {"type": "Feature", "geometry": {"type": "Point", "coordinates": [-99.19913159, 19.40186116]}, "properties": {"nombre": "PALETERIA LUPITA", "sector": "Comercio al por menor de paletas de hielo y helados", "label": "Otro comercio", "color": "#6B7280", "icon": "🏬"}}, {"type": "Feature", "geometry": {"type": "Point", "coordinates": [-99.20292108, 19.37451125]}, "properties": {"nombre": "PALETERIA MEXIKA", "sector": "Comercio al por menor de paletas de hielo y helados", "label": "Otro comercio", "color": "#6B7280", "icon": "🏬"}}, {"type": "Feature", "geometry": {"type": "Point", "coordinates": [-99.19914705, 19.37423395]}, "properties": {"nombre": "PAN CHINO", "sector": "Comercio al por menor de otros alimentos", "label": "Otro comercio", "color": "#6B7280", "icon": "🏬"}}, {"type": "Feature", "geometry": {"type": "Point", "coordinates": [-99.19365909, 19.39565669]}, "properties": {"nombre": "PAN LUPITA", "sector": "Comercio al por menor de otros alimentos", "label": "Otro comercio", "color": "#6B7280", "icon": "🏬"}}, {"type": "Feature", "geometry": {"type": "Point", "coordinates": [-99.19516802, 19.37492983]}, "properties": {"nombre": "PAN MIO", "sector": "Comercio al por menor de otros alimentos", "label": "Otro comercio", "color": "#6B7280", "icon": "🏬"}}, {"type": "Feature", "geometry": {"type": "Point", "coordinates": [-99.20276302, 19.37302316]}, "properties": {"nombre": "PANADERIA LUPITA SELECTA", "sector": "Comercio al por menor de otros alimentos", "label": "Otro comercio", "color": "#6B7280", "icon": "🏬"}}, {"type": "Feature", "geometry": {"type": "Point", "coordinates": [-99.21870992, 19.35103956]}, "properties": {"nombre": "PAPAS FRITAS LAS AGUILAS", "sector": "Comercio al por menor de otros alimentos", "label": "Otro comercio", "color": "#6B7280", "icon": "🏬"}}, {"type": "Feature", "geometry": {"type": "Point", "coordinates": [-99.21629692, 19.38690601]}, "properties": {"nombre": "PAPELERIA", "sector": "Comercio al por menor de artículos de papelería", "label": "Papelería", "color": "#8B5CF6", "icon": "📚"}}, {"type": "Feature", "geometry": {"type": "Point", "coordinates": [-99.19466498, 19.39696107]}, "properties": {"nombre": "PAPELERIA ABC", "sector": "Comercio al por menor de artículos de papelería", "label": "Papelería", "color": "#8B5CF6", "icon": "📚"}}, {"type": "Feature", "geometry": {"type": "Point", "coordinates": [-99.20221952, 19.38890252]}, "properties": {"nombre": "PAPELERIA ACUARELA", "sector": "Comercio al por menor de artículos de papelería", "label": "Papelería", "color": "#8B5CF6", "icon": "📚"}}, {"type": "Feature", "geometry": {"type": "Point", "coordinates": [-99.19618078, 19.39194772]}, "properties": {"nombre": "PAPELERIA ARCOIRIS", "sector": "Comercio al por menor de artículos de papelería", "label": "Papelería", "color": "#8B5CF6", "icon": "📚"}}, {"type": "Feature", "geometry": {"type": "Point", "coordinates": [-99.20268528, 19.37549754]}, "properties": {"nombre": "PAPELERIA DON TITO", "sector": "Comercio al por menor de artículos de papelería", "label": "Papelería", "color": "#8B5CF6", "icon": "📚"}}, {"type": "Feature", "geometry": {"type": "Point", "coordinates": [-99.22204899, 19.37040885]}, "properties": {"nombre": "PAPELERIA EL COQUITO", "sector": "Comercio al por menor de artículos de papelería", "label": "Papelería", "color": "#8B5CF6", "icon": "📚"}}, {"type": "Feature", "geometry": {"type": "Point", "coordinates": [-99.18078347, 19.36164914]}, "properties": {"nombre": "PAPELERIA GABY", "sector": "Comercio al por menor de artículos de papelería", "label": "Papelería", "color": "#8B5CF6", "icon": "📚"}}, {"type": "Feature", "geometry": {"type": "Point", "coordinates": [-99.21786066, 19.37313123]}, "properties": {"nombre": "PAPELERIA GLUM", "sector": "Comercio al por menor de artículos de papelería", "label": "Papelería", "color": "#8B5CF6", "icon": "📚"}}, {"type": "Feature", "geometry": {"type": "Point", "coordinates": [-99.22281195, 19.37031295]}, "properties": {"nombre": "PAPELERIA HIDALGO", "sector": "Comercio al por menor de artículos de papelería", "label": "Papelería", "color": "#8B5CF6", "icon": "📚"}}, {"type": "Feature", "geometry": {"type": "Point", "coordinates": [-99.21829196, 19.37149272]}, "properties": {"nombre": "PAPELERIA HIDALGO 88", "sector": "Comercio al por menor de artículos de papelería", "label": "Papelería", "color": "#8B5CF6", "icon": "📚"}}, {"type": "Feature", "geometry": {"type": "Point", "coordinates": [-99.2141694, 19.38780833]}, "properties": {"nombre": "PAPELERIA IMAGEN", "sector": "Comercio al por menor de artículos de papelería", "label": "Papelería", "color": "#8B5CF6", "icon": "📚"}}, {"type": "Feature", "geometry": {"type": "Point", "coordinates": [-99.21590125, 19.38661634]}, "properties": {"nombre": "PAPELERIA KARI", "sector": "Comercio al por menor de artículos de papelería", "label": "Papelería", "color": "#8B5CF6", "icon": "📚"}}, {"type": "Feature", "geometry": {"type": "Point", "coordinates": [-99.213351, 19.38808422]}, "properties": {"nombre": "PAPELERIA KOSITOS Y KOSITAS", "sector": "Comercio al por menor de artículos de papelería", "label": "Papelería", "color": "#8B5CF6", "icon": "📚"}}, {"type": "Feature", "geometry": {"type": "Point", "coordinates": [-99.19936353, 19.37259774]}, "properties": {"nombre": "PAPELERIA LA PAPE", "sector": "Comercio al por menor de artículos de papelería", "label": "Papelería", "color": "#8B5CF6", "icon": "📚"}}, {"type": "Feature", "geometry": {"type": "Point", "coordinates": [-99.20182221, 19.33752202]}, "properties": {"nombre": "PAPELERIA LI NA", "sector": "Comercio al por menor de artículos de papelería", "label": "Papelería", "color": "#8B5CF6", "icon": "📚"}}, {"type": "Feature", "geometry": {"type": "Point", "coordinates": [-99.20576695, 19.37540489]}, "properties": {"nombre": "PAPELERIA LOS DETALLES", "sector": "Comercio al por menor de artículos de papelería", "label": "Papelería", "color": "#8B5CF6", "icon": "📚"}}, {"type": "Feature", "geometry": {"type": "Point", "coordinates": [-99.20372916, 19.37625826]}, "properties": {"nombre": "PAPELERIA LUCY", "sector": "Comercio al por menor de artículos de papelería", "label": "Papelería", "color": "#8B5CF6", "icon": "📚"}}, {"type": "Feature", "geometry": {"type": "Point", "coordinates": [-99.20198646, 19.38847705]}, "properties": {"nombre": "PAPELERIA MAGDA", "sector": "Comercio al por menor de artículos de papelería", "label": "Papelería", "color": "#8B5CF6", "icon": "📚"}}, {"type": "Feature", "geometry": {"type": "Point", "coordinates": [-99.19664405, 19.37511151]}, "properties": {"nombre": "PAPELERIA MANYCHAR", "sector": "Comercio al por menor de artículos de papelería", "label": "Papelería", "color": "#8B5CF6", "icon": "📚"}}, {"type": "Feature", "geometry": {"type": "Point", "coordinates": [-99.1907021, 19.34281496]}, "properties": {"nombre": "PAPELERIA MERCERIA Y REGALOS", "sector": "Comercio al por menor de artículos de papelería", "label": "Papelería", "color": "#8B5CF6", "icon": "📚"}}, {"type": "Feature", "geometry": {"type": "Point", "coordinates": [-99.19694005, 19.37560308]}, "properties": {"nombre": "PAPELERIA MONTE CARMELO", "sector": "Comercio al por menor de artículos de papelería", "label": "Papelería", "color": "#8B5CF6", "icon": "📚"}}, {"type": "Feature", "geometry": {"type": "Point", "coordinates": [-99.19313101, 19.39545256]}, "properties": {"nombre": "PAPELERIA MORALES", "sector": "Comercio al por menor de artículos de papelería", "label": "Papelería", "color": "#8B5CF6", "icon": "📚"}}, {"type": "Feature", "geometry": {"type": "Point", "coordinates": [-99.18580134, 19.35474398]}, "properties": {"nombre": "PAPELERIA NATALY", "sector": "Comercio al por menor de artículos de papelería", "label": "Papelería", "color": "#8B5CF6", "icon": "📚"}}, {"type": "Feature", "geometry": {"type": "Point", "coordinates": [-99.203596, 19.37565138]}, "properties": {"nombre": "PAPELERIA ONTIS DEPOTT", "sector": "Comercio al por menor de artículos de papelería", "label": "Papelería", "color": "#8B5CF6", "icon": "📚"}}, {"type": "Feature", "geometry": {"type": "Point", "coordinates": [-99.21907487, 19.35091868]}, "properties": {"nombre": "PAPELERIA ORIGAMI", "sector": "Comercio al por menor de artículos de papelería", "label": "Papelería", "color": "#8B5CF6", "icon": "📚"}}, {"type": "Feature", "geometry": {"type": "Point", "coordinates": [-99.19753216, 19.37297119]}, "properties": {"nombre": "PAPELERIA PAPER JOY", "sector": "Comercio al por menor de artículos de papelería", "label": "Papelería", "color": "#8B5CF6", "icon": "📚"}}, {"type": "Feature", "geometry": {"type": "Point", "coordinates": [-99.2117119, 19.38805198]}, "properties": {"nombre": "PAPELERIA PEKOSITAS", "sector": "Comercio al por menor de artículos de papelería", "label": "Papelería", "color": "#8B5CF6", "icon": "📚"}}, {"type": "Feature", "geometry": {"type": "Point", "coordinates": [-99.20688866, 19.37477067]}, "properties": {"nombre": "PAPELERIA PIMIENTA", "sector": "Comercio al por menor de artículos de papelería", "label": "Papelería", "color": "#8B5CF6", "icon": "📚"}}, {"type": "Feature", "geometry": {"type": "Point", "coordinates": [-99.19582454, 19.39549947]}, "properties": {"nombre": "PAPELERIA QUINTANAR", "sector": "Comercio al por menor de artículos de papelería", "label": "Papelería", "color": "#8B5CF6", "icon": "📚"}}, {"type": "Feature", "geometry": {"type": "Point", "coordinates": [-99.20793768, 19.3729776]}, "properties": {"nombre": "PAPELERIA RAGAL", "sector": "Comercio al por menor de artículos de papelería", "label": "Papelería", "color": "#8B5CF6", "icon": "📚"}}, {"type": "Feature", "geometry": {"type": "Point", "coordinates": [-99.19766491, 19.37486883]}, "properties": {"nombre": "PAPELERIA RODURI", "sector": "Comercio al por menor de artículos de papelería", "label": "Papelería", "color": "#8B5CF6", "icon": "📚"}}, {"type": "Feature", "geometry": {"type": "Point", "coordinates": [-99.19905338, 19.40209616]}, "properties": {"nombre": "PAPELERIA RYE", "sector": "Comercio al por menor de artículos de papelería", "label": "Papelería", "color": "#8B5CF6", "icon": "📚"}}, {"type": "Feature", "geometry": {"type": "Point", "coordinates": [-99.1986259, 19.3930008]}, "properties": {"nombre": "PAPELERIA SARA", "sector": "Comercio al por menor de artículos de papelería", "label": "Papelería", "color": "#8B5CF6", "icon": "📚"}}, {"type": "Feature", "geometry": {"type": "Point", "coordinates": [-99.19186987, 19.3779677]}, "properties": {"nombre": "PAPELERIA SIN NOMBRE", "sector": "Comercio al por menor de artículos de papelería", "label": "Papelería", "color": "#8B5CF6", "icon": "📚"}}, {"type": "Feature", "geometry": {"type": "Point", "coordinates": [-99.20517754, 19.34129816]}, "properties": {"nombre": "PAPELERIA Y ARTICULOS PERSONALIZADOS HAPPY CRAFTY MX", "sector": "Comercio al por menor de artículos de papelería", "label": "Papelería", "color": "#8B5CF6", "icon": "📚"}}, {"type": "Feature", "geometry": {"type": "Point", "coordinates": [-99.20209224, 19.39014003]}, "properties": {"nombre": "PAPELERIA Y ESCRITORIO PUBLICO", "sector": "Comercio al por menor de artículos de papelería", "label": "Papelería", "color": "#8B5CF6", "icon": "📚"}}, {"type": "Feature", "geometry": {"type": "Point", "coordinates": [-99.20636853, 19.37356649]}, "properties": {"nombre": "PAPELERIA Y MERCERIA CRISTI", "sector": "Comercio al por menor de artículos de papelería", "label": "Papelería", "color": "#8B5CF6", "icon": "📚"}}, {"type": "Feature", "geometry": {"type": "Point", "coordinates": [-99.19527087, 19.39233704]}, "properties": {"nombre": "PAPELERIA Y MERCERIA TOLTECA", "sector": "Comercio al por menor de artículos de papelería", "label": "Papelería", "color": "#8B5CF6", "icon": "📚"}}, {"type": "Feature", "geometry": {"type": "Point", "coordinates": [-99.20209224, 19.39014003]}, "properties": {"nombre": "PAPELERIA Y REGALOS", "sector": "Comercio al por menor de artículos de papelería", "label": "Papelería", "color": "#8B5CF6", "icon": "📚"}}, {"type": "Feature", "geometry": {"type": "Point", "coordinates": [-99.21954636, 19.37066967]}, "properties": {"nombre": "PAPELERIA Y REGALOS MICH", "sector": "Comercio al por menor de artículos de papelería", "label": "Papelería", "color": "#8B5CF6", "icon": "📚"}}, {"type": "Feature", "geometry": {"type": "Point", "coordinates": [-99.20169175, 19.38805056]}, "properties": {"nombre": "PAPELERIA Y REGALOS NENA", "sector": "Comercio al por menor de artículos de papelería", "label": "Papelería", "color": "#8B5CF6", "icon": "📚"}}, {"type": "Feature", "geometry": {"type": "Point", "coordinates": [-99.20209224, 19.39014003]}, "properties": {"nombre": "PAPELERIA Y REGALOS PAQUITO", "sector": "Comercio al por menor de artículos de papelería", "label": "Papelería", "color": "#8B5CF6", "icon": "📚"}}, {"type": "Feature", "geometry": {"type": "Point", "coordinates": [-99.20434316, 19.37590556]}, "properties": {"nombre": "PAPELERIA ZUZU", "sector": "Comercio al por menor de artículos de papelería", "label": "Papelería", "color": "#8B5CF6", "icon": "📚"}}, {"type": "Feature", "geometry": {"type": "Point", "coordinates": [-99.21314681, 19.30922658]}, "properties": {"nombre": "PASTELERIA LA GROSELLA", "sector": "Comercio al por menor de otros alimentos", "label": "Otro comercio", "color": "#6B7280", "icon": "🏬"}}, {"type": "Feature", "geometry": {"type": "Point", "coordinates": [-99.18129745, 19.34729183]}, "properties": {"nombre": "PATESTELITOS LA CUPCAKERIA", "sector": "Comercio al por menor de otros alimentos", "label": "Otro comercio", "color": "#6B7280", "icon": "🏬"}}, {"type": "Feature", "geometry": {"type": "Point", "coordinates": [-99.2171192, 19.3719175]}, "properties": {"nombre": "PAUSAMI", "sector": "Comercio al por menor en ferreterías y tlapalerías", "label": "Otro comercio", "color": "#6B7280", "icon": "🏬"}}, {"type": "Feature", "geometry": {"type": "Point", "coordinates": [-99.20209224, 19.39014003]}, "properties": {"nombre": "PERFUMERIA CRISTY", "sector": "Comercio al por menor de artículos de perfumería y cosméticos", "label": "Otro comercio", "color": "#6B7280", "icon": "🏬"}}, {"type": "Feature", "geometry": {"type": "Point", "coordinates": [-99.20218417, 19.3894275]}, "properties": {"nombre": "PERFUMERIA ELYHUG", "sector": "Comercio al por menor de artículos de perfumería y cosméticos", "label": "Otro comercio", "color": "#6B7280", "icon": "🏬"}}, {"type": "Feature", "geometry": {"type": "Point", "coordinates": [-99.2023311, 19.34704825]}, "properties": {"nombre": "PERIODICOS JUNTO A LA GASOLINERIA", "sector": "Comercio al por menor de revistas y periódicos", "label": "Otro comercio", "color": "#6B7280", "icon": "🏬"}}, {"type": "Feature", "geometry": {"type": "Point", "coordinates": [-99.18938762, 19.35361204]}, "properties": {"nombre": "PERSIANA PRESS", "sector": "Comercio al por menor de alfombras, cortinas, tapices y similares", "label": "Otro comercio", "color": "#6B7280", "icon": "🏬"}}, {"type": "Feature", "geometry": {"type": "Point", "coordinates": [-99.1907021, 19.34281496]}, "properties": {"nombre": "PESCADERIA PUERTO VALLARTA", "sector": "Comercio al por menor de pescados y mariscos", "label": "Otro comercio", "color": "#6B7280", "icon": "🏬"}}, {"type": "Feature", "geometry": {"type": "Point", "coordinates": [-99.18533085, 19.35365362]}, "properties": {"nombre": "PESTO DE REVISTA SIN NOMBRE", "sector": "Comercio al por menor de revistas y periódicos", "label": "Otro comercio", "color": "#6B7280", "icon": "🏬"}}, {"type": "Feature", "geometry": {"type": "Point", "coordinates": [-99.21354949, 19.3900417]}, "properties": {"nombre": "PET SPA", "sector": "Comercio al por menor de mascotas", "label": "Otro comercio", "color": "#6B7280", "icon": "🏬"}}, {"type": "Feature", "geometry": {"type": "Point", "coordinates": [-99.21380315, 19.3083504]}, "properties": {"nombre": "PETS CITY", "sector": "Comercio al por menor de mascotas", "label": "Otro comercio", "color": "#6B7280", "icon": "🏬"}}, {"type": "Feature", "geometry": {"type": "Point", "coordinates": [-99.1907021, 19.34281496]}, "properties": {"nombre": "PIÑATAS FRUTAS Y LEGUMBRES", "sector": "Comercio al por menor de frutas y verduras frescas", "label": "Frutas y verduras", "color": "#10B981", "icon": "🥦"}}, {"type": "Feature", "geometry": {"type": "Point", "coordinates": [-99.19743657, 19.37385629]}, "properties": {"nombre": "PINTURAS BEREL", "sector": "Comercio al por menor de pintura", "label": "Otro comercio", "color": "#6B7280", "icon": "🏬"}}, {"type": "Feature", "geometry": {"type": "Point", "coordinates": [-99.2012986, 19.38914763]}, "properties": {"nombre": "PINTURAS COMEX", "sector": "Comercio al por menor de pintura", "label": "Otro comercio", "color": "#6B7280", "icon": "🏬"}}, {"type": "Feature", "geometry": {"type": "Point", "coordinates": [-99.17592704, 19.35361438]}, "properties": {"nombre": "PINTURAS COMEX", "sector": "Comercio al por menor de pintura", "label": "Otro comercio", "color": "#6B7280", "icon": "🏬"}}, {"type": "Feature", "geometry": {"type": "Point", "coordinates": [-99.2017351, 19.40147165]}, "properties": {"nombre": "PINTURAS OSEL", "sector": "Comercio al por menor de pintura", "label": "Otro comercio", "color": "#6B7280", "icon": "🏬"}}, {"type": "Feature", "geometry": {"type": "Point", "coordinates": [-99.21570299, 19.38742744]}, "properties": {"nombre": "PINTURAS PROFESIONALES DE MEXICO COMEX", "sector": "Comercio al por menor de pintura", "label": "Otro comercio", "color": "#6B7280", "icon": "🏬"}}, {"type": "Feature", "geometry": {"type": "Point", "coordinates": [-99.19410521, 19.39533912]}, "properties": {"nombre": "PINTURAS REVJA", "sector": "Comercio al por menor de pintura", "label": "Otro comercio", "color": "#6B7280", "icon": "🏬"}}, {"type": "Feature", "geometry": {"type": "Point", "coordinates": [-99.21610498, 19.38728532]}, "properties": {"nombre": "PINTURAS SAYER", "sector": "Comercio al por menor de pintura", "label": "Otro comercio", "color": "#6B7280", "icon": "🏬"}}, {"type": "Feature", "geometry": {"type": "Point", "coordinates": [-99.19611626, 19.37314313]}, "properties": {"nombre": "PINTURAS Y SOLUCIONES GAGU", "sector": "Comercio al por menor de pintura", "label": "Otro comercio", "color": "#6B7280", "icon": "🏬"}}, {"type": "Feature", "geometry": {"type": "Point", "coordinates": [-99.21953694, 19.35076561]}, "properties": {"nombre": "PIPEKO INTERIORES", "sector": "Comercio al por menor de alfombras, cortinas, tapices y similares", "label": "Otro comercio", "color": "#6B7280", "icon": "🏬"}}, {"type": "Feature", "geometry": {"type": "Point", "coordinates": [-99.20320609, 19.37383831]}, "properties": {"nombre": "PITS SONIDO DE AUTO ESTEREO", "sector": "Comercio al por menor de partes y refacciones nuevas para automóviles, camioneta", "label": "Otro comercio", "color": "#6B7280", "icon": "🏬"}}, {"type": "Feature", "geometry": {"type": "Point", "coordinates": [-99.19522578, 19.375384]}, "properties": {"nombre": "PLANETANIUM JUGUETES", "sector": "Comercio al por menor de juguetes", "label": "Otro comercio", "color": "#6B7280", "icon": "🏬"}}, {"type": "Feature", "geometry": {"type": "Point", "coordinates": [-99.1907021, 19.34281496]}, "properties": {"nombre": "PLANTAS MEDICINALES MAYAS", "sector": "Comercio al por menor de productos naturistas, medicamentos homeopáticos y de co", "label": "Otro comercio", "color": "#6B7280", "icon": "🏬"}}, {"type": "Feature", "geometry": {"type": "Point", "coordinates": [-99.20193151, 19.39955934]}, "properties": {"nombre": "POLLERIA AGUILA", "sector": "Comercio al por menor de carne de aves", "label": "Pollerías", "color": "#EAB308", "icon": "🍗"}}, {"type": "Feature", "geometry": {"type": "Point", "coordinates": [-99.1907021, 19.34281496]}, "properties": {"nombre": "POLLERIA ALICIA", "sector": "Comercio al por menor de carne de aves", "label": "Pollerías", "color": "#EAB308", "icon": "🍗"}}, {"type": "Feature", "geometry": {"type": "Point", "coordinates": [-99.21481839, 19.38776639]}, "properties": {"nombre": "POLLERIA EL JAROCHO", "sector": "Comercio al por menor de carne de aves", "label": "Pollerías", "color": "#EAB308", "icon": "🍗"}}, {"type": "Feature", "geometry": {"type": "Point", "coordinates": [-99.20178392, 19.33753059]}, "properties": {"nombre": "POLLERIA FRUTAS Y VERDURAS SOL", "sector": "Comercio al por menor de carne de aves", "label": "Pollerías", "color": "#EAB308", "icon": "🍗"}}, {"type": "Feature", "geometry": {"type": "Point", "coordinates": [-99.19211641, 19.39614052]}, "properties": {"nombre": "POLLERIA GARCIA", "sector": "Comercio al por menor de carne de aves", "label": "Pollerías", "color": "#EAB308", "icon": "🍗"}}, {"type": "Feature", "geometry": {"type": "Point", "coordinates": [-99.21068386, 19.39317527]}, "properties": {"nombre": "POLLERIA HERNANDEZ", "sector": "Comercio al por menor de carne de aves", "label": "Pollerías", "color": "#EAB308", "icon": "🍗"}}, {"type": "Feature", "geometry": {"type": "Point", "coordinates": [-99.2067264, 19.37321232]}, "properties": {"nombre": "POLLERIA LA BLANCA", "sector": "Comercio al por menor de carne de aves", "label": "Pollerías", "color": "#EAB308", "icon": "🍗"}}, {"type": "Feature", "geometry": {"type": "Point", "coordinates": [-99.20238869, 19.38928771]}, "properties": {"nombre": "POLLERIA LA CUEVITA", "sector": "Comercio al por menor de carne de aves", "label": "Pollerías", "color": "#EAB308", "icon": "🍗"}}, {"type": "Feature", "geometry": {"type": "Point", "coordinates": [-99.1907021, 19.34281496]}, "properties": {"nombre": "POLLERIA LA FAMA DE JALISCO", "sector": "Comercio al por menor de carne de aves", "label": "Pollerías", "color": "#EAB308", "icon": "🍗"}}, {"type": "Feature", "geometry": {"type": "Point", "coordinates": [-99.20814989, 19.37426823]}, "properties": {"nombre": "POLLERIA LA SURTIDORA", "sector": "Comercio al por menor de carne de aves", "label": "Pollerías", "color": "#EAB308", "icon": "🍗"}}, {"type": "Feature", "geometry": {"type": "Point", "coordinates": [-99.19460807, 19.37349707]}, "properties": {"nombre": "POLLERIA LOS JARACHOS", "sector": "Comercio al por menor de carne de aves", "label": "Pollerías", "color": "#EAB308", "icon": "🍗"}}, {"type": "Feature", "geometry": {"type": "Point", "coordinates": [-99.22321586, 19.37721817]}, "properties": {"nombre": "POLLERIA LOS POLLITOS", "sector": "Comercio al por menor de carne de aves", "label": "Pollerías", "color": "#EAB308", "icon": "🍗"}}, {"type": "Feature", "geometry": {"type": "Point", "coordinates": [-99.21569736, 19.37228599]}, "properties": {"nombre": "POLLERIA MR POLLO", "sector": "Comercio al por menor de carne de aves", "label": "Pollerías", "color": "#EAB308", "icon": "🍗"}}, {"type": "Feature", "geometry": {"type": "Point", "coordinates": [-99.22163137, 19.37062716]}, "properties": {"nombre": "POLLERIA MRS POLLO", "sector": "Comercio al por menor de carne de aves", "label": "Pollerías", "color": "#EAB308", "icon": "🍗"}}, {"type": "Feature", "geometry": {"type": "Point", "coordinates": [-99.20209224, 19.39014003]}, "properties": {"nombre": "POLLERIA NIEVES", "sector": "Comercio al por menor de carne de aves", "label": "Pollerías", "color": "#EAB308", "icon": "🍗"}}, {"type": "Feature", "geometry": {"type": "Point", "coordinates": [-99.20209224, 19.39014003]}, "properties": {"nombre": "POLLERIA NIEVES", "sector": "Comercio al por menor de carne de aves", "label": "Pollerías", "color": "#EAB308", "icon": "🍗"}}, {"type": "Feature", "geometry": {"type": "Point", "coordinates": [-99.22082432, 19.37083636]}, "properties": {"nombre": "POLLERIA POLLO DE POLLOS", "sector": "Comercio al por menor de carne de aves", "label": "Pollerías", "color": "#EAB308", "icon": "🍗"}}, {"type": "Feature", "geometry": {"type": "Point", "coordinates": [-99.2260371, 19.33762656]}, "properties": {"nombre": "POLLERIA RAULITO", "sector": "Comercio al por menor de carne de aves", "label": "Pollerías", "color": "#EAB308", "icon": "🍗"}}, {"type": "Feature", "geometry": {"type": "Point", "coordinates": [-99.20367152, 19.33802951]}, "properties": {"nombre": "POLLERIA RUIZ", "sector": "Comercio al por menor de carne de aves", "label": "Pollerías", "color": "#EAB308", "icon": "🍗"}}, {"type": "Feature", "geometry": {"type": "Point", "coordinates": [-99.2194883, 19.35078172]}, "properties": {"nombre": "POLLERIA SIN NOMBRE", "sector": "Comercio al por menor de carne de aves", "label": "Pollerías", "color": "#EAB308", "icon": "🍗"}}, {"type": "Feature", "geometry": {"type": "Point", "coordinates": [-99.19664892, 19.37504836]}, "properties": {"nombre": "POLLERIA SIN NOMBRE", "sector": "Comercio al por menor de carne de aves", "label": "Pollerías", "color": "#EAB308", "icon": "🍗"}}, {"type": "Feature", "geometry": {"type": "Point", "coordinates": [-99.1907021, 19.34281496]}, "properties": {"nombre": "POLLERIA TERE", "sector": "Comercio al por menor de carne de aves", "label": "Pollerías", "color": "#EAB308", "icon": "🍗"}}, {"type": "Feature", "geometry": {"type": "Point", "coordinates": [-99.21465159, 19.38767101]}, "properties": {"nombre": "POLLERIA TLALOC", "sector": "Comercio al por menor de carne de aves", "label": "Pollerías", "color": "#EAB308", "icon": "🍗"}}, {"type": "Feature", "geometry": {"type": "Point", "coordinates": [-99.20350026, 19.37314369]}, "properties": {"nombre": "POLLERIA XTREMO", "sector": "Comercio al por menor de carne de aves", "label": "Pollerías", "color": "#EAB308", "icon": "🍗"}}, {"type": "Feature", "geometry": {"type": "Point", "coordinates": [-99.20351105, 19.37550036]}, "properties": {"nombre": "POLLERIA Y CARNICERIA LOS CUATRO PARIENTES", "sector": "Comercio al por menor de carne de aves", "label": "Pollerías", "color": "#EAB308", "icon": "🍗"}}, {"type": "Feature", "geometry": {"type": "Point", "coordinates": [-99.20871462, 19.37475538]}, "properties": {"nombre": "POLLERIA Y RECAUDERIA ANGEL", "sector": "Comercio al por menor de carne de aves", "label": "Pollerías", "color": "#EAB308", "icon": "🍗"}}, {"type": "Feature", "geometry": {"type": "Point", "coordinates": [-99.20288275, 19.37460177]}, "properties": {"nombre": "POLLERIA Y RECAUDERIA DIEGO", "sector": "Comercio al por menor de carne de aves", "label": "Pollerías", "color": "#EAB308", "icon": "🍗"}}, {"type": "Feature", "geometry": {"type": "Point", "coordinates": [-99.1924603, 19.39626767]}, "properties": {"nombre": "POLLERIA Y RECAUDERIA LA JUNGLA", "sector": "Comercio al por menor de carne de aves", "label": "Pollerías", "color": "#EAB308", "icon": "🍗"}}, {"type": "Feature", "geometry": {"type": "Point", "coordinates": [-99.19936353, 19.37259774]}, "properties": {"nombre": "POLLERIA Y RECUDERIA LA SURTIDORA", "sector": "Comercio al por menor de carne de aves", "label": "Pollerías", "color": "#EAB308", "icon": "🍗"}}, {"type": "Feature", "geometry": {"type": "Point", "coordinates": [-99.1861892, 19.35487231]}, "properties": {"nombre": "POLLERIA Y VERDULERIA DANY", "sector": "Comercio al por menor de frutas y verduras frescas", "label": "Frutas y verduras", "color": "#10B981", "icon": "🥦"}}, {"type": "Feature", "geometry": {"type": "Point", "coordinates": [-99.20290017, 19.37575951]}, "properties": {"nombre": "POLLERIA YARITZA", "sector": "Comercio al por menor de carne de aves", "label": "Pollerías", "color": "#EAB308", "icon": "🍗"}}, {"type": "Feature", "geometry": {"type": "Point", "coordinates": [-99.2159155, 19.38735218]}, "properties": {"nombre": "POLLO FELIZ", "sector": "Comercio al por menor de carne de aves", "label": "Pollerías", "color": "#EAB308", "icon": "🍗"}}, {"type": "Feature", "geometry": {"type": "Point", "coordinates": [-99.20209224, 19.39014003]}, "properties": {"nombre": "POLLOLANDIA", "sector": "Comercio al por menor de carne de aves", "label": "Pollerías", "color": "#EAB308", "icon": "🍗"}}, {"type": "Feature", "geometry": {"type": "Point", "coordinates": [-99.17624949, 19.35336937]}, "properties": {"nombre": "PREMIUM MOTORS", "sector": "Comercio al por menor de automóviles y camionetas usados", "label": "Otro comercio", "color": "#6B7280", "icon": "🏬"}}, {"type": "Feature", "geometry": {"type": "Point", "coordinates": [-99.18900267, 19.34395987]}, "properties": {"nombre": "PRET COMMUNIQUE SAN ANGEL", "sector": "Comercio al por menor de teléfonos y otros aparatos de comunicación", "label": "Otro comercio", "color": "#6B7280", "icon": "🏬"}}, {"type": "Feature", "geometry": {"type": "Point", "coordinates": [-99.18981071, 19.34421261]}, "properties": {"nombre": "PRINCESS PASSION", "sector": "Comercio al por menor de ropa, excepto de bebé y lencería", "label": "Otro comercio", "color": "#6B7280", "icon": "🏬"}}, {"type": "Feature", "geometry": {"type": "Point", "coordinates": [-99.19663784, 19.3737282]}, "properties": {"nombre": "PRODUCTOS DE BELLEZA DIVAS", "sector": "Comercio al por menor de artículos de perfumería y cosméticos", "label": "Otro comercio", "color": "#6B7280", "icon": "🏬"}}, {"type": "Feature", "geometry": {"type": "Point", "coordinates": [-99.19069868, 19.34282564]}, "properties": {"nombre": "PRODUCTOS DE LIMPIEZA", "sector": "Comercio al por menor de artículos para la limpieza", "label": "Otro comercio", "color": "#6B7280", "icon": "🏬"}}, {"type": "Feature", "geometry": {"type": "Point", "coordinates": [-99.19767436, 19.37486983]}, "properties": {"nombre": "PRODUCTOS DE LIMPIEZA", "sector": "Comercio al por menor de artículos para la limpieza", "label": "Otro comercio", "color": "#6B7280", "icon": "🏬"}}, {"type": "Feature", "geometry": {"type": "Point", "coordinates": [-99.202929, 19.37449255]}, "properties": {"nombre": "PRODUCTOS DE LIMPIEZA DOGO", "sector": "Comercio al por menor de artículos para la limpieza", "label": "Otro comercio", "color": "#6B7280", "icon": "🏬"}}, {"type": "Feature", "geometry": {"type": "Point", "coordinates": [-99.2077092, 19.37438304]}, "properties": {"nombre": "PRODUCTOS DE LIMPIEZA JARCERIA Y UNICEL EVENECER", "sector": "Comercio al por menor de artículos para la limpieza", "label": "Otro comercio", "color": "#6B7280", "icon": "🏬"}}, {"type": "Feature", "geometry": {"type": "Point", "coordinates": [-99.20158228, 19.33759067]}, "properties": {"nombre": "PRODUCTOS DE LIMPIEZA LI NA", "sector": "Comercio al por menor de artículos para la limpieza", "label": "Otro comercio", "color": "#6B7280", "icon": "🏬"}}, {"type": "Feature", "geometry": {"type": "Point", "coordinates": [-99.19069868, 19.34282564]}, "properties": {"nombre": "PRODUCTOS ESOTERICOS Y HERBOLARIA", "sector": "Comercio al por menor de otros artículos de uso personal", "label": "Otro comercio", "color": "#6B7280", "icon": "🏬"}}, {"type": "Feature", "geometry": {"type": "Point", "coordinates": [-99.19069868, 19.34282564]}, "properties": {"nombre": "PRODUCTOS ESOTERICOS Y HERBOLARIA", "sector": "Comercio al por menor de otros artículos de uso personal", "label": "Otro comercio", "color": "#6B7280", "icon": "🏬"}}, {"type": "Feature", "geometry": {"type": "Point", "coordinates": [-99.1907021, 19.34281496]}, "properties": {"nombre": "PRODUCTOS ESOTERICOSY PLASTICOS", "sector": "Comercio al por menor de otros artículos de uso personal", "label": "Otro comercio", "color": "#6B7280", "icon": "🏬"}}, {"type": "Feature", "geometry": {"type": "Point", "coordinates": [-99.20124142, 19.38736043]}, "properties": {"nombre": "PRODUCTOS ORTOPEDICOS DPM", "sector": "Comercio al por menor de artículos ortopédicos", "label": "Otro comercio", "color": "#6B7280", "icon": "🏬"}}, {"type": "Feature", "geometry": {"type": "Point", "coordinates": [-99.19578976, 19.37572056]}, "properties": {"nombre": "PRODUCTOS PARA EL HOGAR TABATHA", "sector": "Comercio al por menor de cristalería, loza y utensilios de cocina", "label": "Otro comercio", "color": "#6B7280", "icon": "🏬"}}, {"type": "Feature", "geometry": {"type": "Point", "coordinates": [-99.18535274, 19.35358832]}, "properties": {"nombre": "PUESTO DE DULCES", "sector": "Comercio al por menor de dulces y materias primas para repostería", "label": "Dulcerías", "color": "#A855F7", "icon": "🍬"}}, {"type": "Feature", "geometry": {"type": "Point", "coordinates": [-99.1902784, 19.33954558]}, "properties": {"nombre": "PUESTO DE DULCES", "sector": "Comercio al por menor de dulces y materias primas para repostería", "label": "Dulcerías", "color": "#A855F7", "icon": "🍬"}}, {"type": "Feature", "geometry": {"type": "Point", "coordinates": [-99.20284894, 19.34002413]}, "properties": {"nombre": "PUESTO DE DULCES", "sector": "Comercio al por menor de dulces y materias primas para repostería", "label": "Dulcerías", "color": "#A855F7", "icon": "🍬"}}, {"type": "Feature", "geometry": {"type": "Point", "coordinates": [-99.18852756, 19.36285527]}, "properties": {"nombre": "PUESTO DE DULCES LUCY", "sector": "Comercio al por menor de dulces y materias primas para repostería", "label": "Dulcerías", "color": "#A855F7", "icon": "🍬"}}, {"type": "Feature", "geometry": {"type": "Point", "coordinates": [-99.18981952, 19.34162017]}, "properties": {"nombre": "PUESTO DE DULCES MAN POWEL", "sector": "Comercio al por menor de dulces y materias primas para repostería", "label": "Dulcerías", "color": "#A855F7", "icon": "🍬"}}, {"type": "Feature", "geometry": {"type": "Point", "coordinates": [-99.18943028, 19.36200182]}, "properties": {"nombre": "PUESTO DE DULCES PASTILLAS", "sector": "Comercio al por menor de dulces y materias primas para repostería", "label": "Dulcerías", "color": "#A855F7", "icon": "🍬"}}, {"type": "Feature", "geometry": {"type": "Point", "coordinates": [-99.18380719, 19.36021677]}, "properties": {"nombre": "PUESTO DE DULCES REFRESCOS SIN NOMBRE", "sector": "Comercio al por menor de dulces y materias primas para repostería", "label": "Dulcerías", "color": "#A855F7", "icon": "🍬"}}, {"type": "Feature", "geometry": {"type": "Point", "coordinates": [-99.18896698, 19.36277259]}, "properties": {"nombre": "PUESTO DE DULCES SIN NOMBRE", "sector": "Comercio al por menor de dulces y materias primas para repostería", "label": "Dulcerías", "color": "#A855F7", "icon": "🍬"}}, {"type": "Feature", "geometry": {"type": "Point", "coordinates": [-99.19925745, 19.37432634]}, "properties": {"nombre": "PUESTO DE DULCES SIN NOMBRE", "sector": "Comercio al por menor de dulces y materias primas para repostería", "label": "Dulcerías", "color": "#A855F7", "icon": "🍬"}}, {"type": "Feature", "geometry": {"type": "Point", "coordinates": [-99.18968487, 19.34246646]}, "properties": {"nombre": "PUESTO DE DULCES SIN NOMBRE", "sector": "Comercio al por menor de dulces y materias primas para repostería", "label": "Dulcerías", "color": "#A855F7", "icon": "🍬"}}, {"type": "Feature", "geometry": {"type": "Point", "coordinates": [-99.22686206, 19.33652057]}, "properties": {"nombre": "PUESTO DE DULCES SIN NOMBRE", "sector": "Comercio al por menor de dulces y materias primas para repostería", "label": "Dulcerías", "color": "#A855F7", "icon": "🍬"}}, {"type": "Feature", "geometry": {"type": "Point", "coordinates": [-99.19065873, 19.36315351]}, "properties": {"nombre": "PUESTO DE DULCES SIN NOMBRE", "sector": "Comercio al por menor de dulces y materias primas para repostería", "label": "Dulcerías", "color": "#A855F7", "icon": "🍬"}}, {"type": "Feature", "geometry": {"type": "Point", "coordinates": [-99.20160463, 19.38764095]}, "properties": {"nombre": "PUESTO DE DULCES TERE", "sector": "Comercio al por menor de dulces y materias primas para repostería", "label": "Dulcerías", "color": "#A855F7", "icon": "🍬"}}, {"type": "Feature", "geometry": {"type": "Point", "coordinates": [-99.19067351, 19.3421818]}, "properties": {"nombre": "PUESTO DE DULCES Y REFRESCOS", "sector": "Comercio al por menor de dulces y materias primas para repostería", "label": "Dulcerías", "color": "#A855F7", "icon": "🍬"}}, {"type": "Feature", "geometry": {"type": "Point", "coordinates": [-99.1894257, 19.36203761]}, "properties": {"nombre": "PUESTO DE PELUCHES Y REGALOS", "sector": "Comercio al por menor de juguetes", "label": "Otro comercio", "color": "#6B7280", "icon": "🏬"}}, {"type": "Feature", "geometry": {"type": "Point", "coordinates": [-99.19092043, 19.36308897]}, "properties": {"nombre": "PUESTO DE PERIODICO", "sector": "Comercio al por menor de revistas y periódicos", "label": "Otro comercio", "color": "#6B7280", "icon": "🏬"}}, {"type": "Feature", "geometry": {"type": "Point", "coordinates": [-99.18579771, 19.35304506]}, "properties": {"nombre": "PUESTO DE PERIODICO Y REVISTAS", "sector": "Comercio al por menor de revistas y periódicos", "label": "Otro comercio", "color": "#6B7280", "icon": "🏬"}}, {"type": "Feature", "geometry": {"type": "Point", "coordinates": [-99.17569128, 19.35381587]}, "properties": {"nombre": "PUESTO DE PERIODICOS", "sector": "Comercio al por menor de revistas y periódicos", "label": "Otro comercio", "color": "#6B7280", "icon": "🏬"}}, {"type": "Feature", "geometry": {"type": "Point", "coordinates": [-99.18565464, 19.352635]}, "properties": {"nombre": "PUESTO DE PERIODICOS", "sector": "Comercio al por menor de revistas y periódicos", "label": "Otro comercio", "color": "#6B7280", "icon": "🏬"}}, {"type": "Feature", "geometry": {"type": "Point", "coordinates": [-99.19050782, 19.33983059]}, "properties": {"nombre": "PUESTO DE PERIODICOS ALTAMIRANO", "sector": "Comercio al por menor de dulces y materias primas para repostería", "label": "Dulcerías", "color": "#A855F7", "icon": "🍬"}}, {"type": "Feature", "geometry": {"type": "Point", "coordinates": [-99.19311255, 19.39581464]}, "properties": {"nombre": "PUESTO DE PERIODICOS Y REVISTAS", "sector": "Comercio al por menor de revistas y periódicos", "label": "Otro comercio", "color": "#6B7280", "icon": "🏬"}}, {"type": "Feature", "geometry": {"type": "Point", "coordinates": [-99.19078272, 19.34250766]}, "properties": {"nombre": "PUESTO DE PERTIODICOS SAN ANGEL", "sector": "Comercio al por menor de revistas y periódicos", "label": "Otro comercio", "color": "#6B7280", "icon": "🏬"}}, {"type": "Feature", "geometry": {"type": "Point", "coordinates": [-99.20285535, 19.34001346]}, "properties": {"nombre": "PUESTO DE REVISTAS", "sector": "Comercio al por menor de revistas y periódicos", "label": "Otro comercio", "color": "#6B7280", "icon": "🏬"}}, {"type": "Feature", "geometry": {"type": "Point", "coordinates": [-99.1894244, 19.36285603]}, "properties": {"nombre": "PUESTO DE REVISTAS", "sector": "Comercio al por menor de artículos usados", "label": "Otro comercio", "color": "#6B7280", "icon": "🏬"}}, {"type": "Feature", "geometry": {"type": "Point", "coordinates": [-99.18524624, 19.35469252]}, "properties": {"nombre": "PUESTO DE REVISTAS ATRAZADAS", "sector": "Comercio al por menor de revistas y periódicos", "label": "Otro comercio", "color": "#6B7280", "icon": "🏬"}}, {"type": "Feature", "geometry": {"type": "Point", "coordinates": [-99.18997339, 19.34653754]}, "properties": {"nombre": "PUESTO EL PUESTECITO DE ACERO", "sector": "Comercio al por menor de bisutería y accesorios de vestir", "label": "Otro comercio", "color": "#6B7280", "icon": "🏬"}}, {"type": "Feature", "geometry": {"type": "Point", "coordinates": [-99.18478111, 19.35615284]}, "properties": {"nombre": "PUESTO PERIODICO CARLOS", "sector": "Comercio al por menor de revistas y periódicos", "label": "Otro comercio", "color": "#6B7280", "icon": "🏬"}}, {"type": "Feature", "geometry": {"type": "Point", "coordinates": [-99.19945506, 19.37165696]}, "properties": {"nombre": "RANCHO ALEGRE CREMERIA", "sector": "Comercio al por menor de leche, otros productos lácteos y embutidos", "label": "Otro comercio", "color": "#6B7280", "icon": "🏬"}}, {"type": "Feature", "geometry": {"type": "Point", "coordinates": [-99.1994767, 19.37134005]}, "properties": {"nombre": "RASPACIELO", "sector": "Comercio al por menor de paletas de hielo y helados", "label": "Otro comercio", "color": "#6B7280", "icon": "🏬"}}, {"type": "Feature", "geometry": {"type": "Point", "coordinates": [-99.20209224, 19.39014003]}, "properties": {"nombre": "RECAUDERIA", "sector": "Comercio al por menor de frutas y verduras frescas", "label": "Frutas y verduras", "color": "#10B981", "icon": "🥦"}}, {"type": "Feature", "geometry": {"type": "Point", "coordinates": [-99.19569131, 19.39647772]}, "properties": {"nombre": "RECAUDERIA EL NARANJO", "sector": "Comercio al por menor de frutas y verduras frescas", "label": "Frutas y verduras", "color": "#10B981", "icon": "🥦"}}, {"type": "Feature", "geometry": {"type": "Point", "coordinates": [-99.22158237, 19.37073809]}, "properties": {"nombre": "RECAUDERIA LA 33", "sector": "Comercio al por menor de frutas y verduras frescas", "label": "Frutas y verduras", "color": "#10B981", "icon": "🥦"}}, {"type": "Feature", "geometry": {"type": "Point", "coordinates": [-99.19856017, 19.40216793]}, "properties": {"nombre": "RECAUDERIA LA COVE", "sector": "Comercio al por menor de frutas y verduras frescas", "label": "Frutas y verduras", "color": "#10B981", "icon": "🥦"}}, {"type": "Feature", "geometry": {"type": "Point", "coordinates": [-99.20421819, 19.37600876]}, "properties": {"nombre": "RECAUDERIA SIN NOMBRE", "sector": "Comercio al por menor de frutas y verduras frescas", "label": "Frutas y verduras", "color": "#10B981", "icon": "🥦"}}, {"type": "Feature", "geometry": {"type": "Point", "coordinates": [-99.20375562, 19.33816498]}, "properties": {"nombre": "RECUBRIMIENTOS LUIS", "sector": "Comercio al por menor de pintura", "label": "Otro comercio", "color": "#6B7280", "icon": "🏬"}}, {"type": "Feature", "geometry": {"type": "Point", "coordinates": [-99.19460624, 19.39498246]}, "properties": {"nombre": "REFACCIONARIA AMERICA", "sector": "Comercio al por menor de partes y refacciones nuevas para automóviles, camioneta", "label": "Otro comercio", "color": "#6B7280", "icon": "🏬"}}, {"type": "Feature", "geometry": {"type": "Point", "coordinates": [-99.2028586, 19.37302809]}, "properties": {"nombre": "REFACCIONARIA AMERICA", "sector": "Comercio al por menor de partes y refacciones nuevas para automóviles, camioneta", "label": "Otro comercio", "color": "#6B7280", "icon": "🏬"}}, {"type": "Feature", "geometry": {"type": "Point", "coordinates": [-99.21964229, 19.35073071]}, "properties": {"nombre": "REFACCIONARIA CASTILLO", "sector": "Comercio al por menor de partes y refacciones nuevas para automóviles, camioneta", "label": "Otro comercio", "color": "#6B7280", "icon": "🏬"}}, {"type": "Feature", "geometry": {"type": "Point", "coordinates": [-99.20679266, 19.37397695]}, "properties": {"nombre": "REFACCIONARIA HERNANDEZ", "sector": "Comercio al por menor de partes y refacciones nuevas para automóviles, camioneta", "label": "Otro comercio", "color": "#6B7280", "icon": "🏬"}}, {"type": "Feature", "geometry": {"type": "Point", "coordinates": [-99.20752001, 19.37362571]}, "properties": {"nombre": "REFACCIONARIA LA BODEGA", "sector": "Comercio al por menor de partes y refacciones nuevas para automóviles, camioneta", "label": "Otro comercio", "color": "#6B7280", "icon": "🏬"}}, {"type": "Feature", "geometry": {"type": "Point", "coordinates": [-99.20976897, 19.37331355]}, "properties": {"nombre": "REFACCIONARIA MICRO VOCHO", "sector": "Comercio al por menor de partes y refacciones nuevas para automóviles, camioneta", "label": "Otro comercio", "color": "#6B7280", "icon": "🏬"}}, {"type": "Feature", "geometry": {"type": "Point", "coordinates": [-99.19497187, 19.3733408]}, "properties": {"nombre": "REFACCIONARIA MORCAR", "sector": "Comercio al por menor de partes y refacciones nuevas para automóviles, camioneta", "label": "Otro comercio", "color": "#6B7280", "icon": "🏬"}}, {"type": "Feature", "geometry": {"type": "Point", "coordinates": [-99.20314719, 19.37604525]}, "properties": {"nombre": "REFACCIONARIA MOTO JORCH", "sector": "Comercio al por menor de motocicletas", "label": "Otro comercio", "color": "#6B7280", "icon": "🏬"}}, {"type": "Feature", "geometry": {"type": "Point", "coordinates": [-99.19469934, 19.39491619]}, "properties": {"nombre": "REFACCIONARIA RAMIREZ", "sector": "Comercio al por menor de partes y refacciones nuevas para automóviles, camioneta", "label": "Otro comercio", "color": "#6B7280", "icon": "🏬"}}, {"type": "Feature", "geometry": {"type": "Point", "coordinates": [-99.19811367, 19.39296271]}, "properties": {"nombre": "REFACCIONARIA URIZA", "sector": "Comercio al por menor de partes y refacciones nuevas para automóviles, camioneta", "label": "Otro comercio", "color": "#6B7280", "icon": "🏬"}}, {"type": "Feature", "geometry": {"type": "Point", "coordinates": [-99.20997648, 19.37280424]}, "properties": {"nombre": "REFACCIONARIOA DAYTONA", "sector": "Comercio al por menor de partes y refacciones nuevas para automóviles, camioneta", "label": "Otro comercio", "color": "#6B7280", "icon": "🏬"}}, {"type": "Feature", "geometry": {"type": "Point", "coordinates": [-99.19883149, 19.4026076]}, "properties": {"nombre": "REFACCIONES DIESEL MILLENNIUM", "sector": "Comercio al por menor de partes y refacciones nuevas para automóviles, camioneta", "label": "Otro comercio", "color": "#6B7280", "icon": "🏬"}}, {"type": "Feature", "geometry": {"type": "Point", "coordinates": [-99.19896057, 19.40237502]}, "properties": {"nombre": "REFACCIONES DIESEL OBSERVATORIO", "sector": "Comercio al por menor de partes y refacciones nuevas para automóviles, camioneta", "label": "Otro comercio", "color": "#6B7280", "icon": "🏬"}}, {"type": "Feature", "geometry": {"type": "Point", "coordinates": [-99.21021795, 19.39327196]}, "properties": {"nombre": "REFACCIONES MOTO BIKERS LOBO", "sector": "Comercio al por menor de motocicletas", "label": "Otro comercio", "color": "#6B7280", "icon": "🏬"}}, {"type": "Feature", "geometry": {"type": "Point", "coordinates": [-99.21155546, 19.38785748]}, "properties": {"nombre": "REGALOS ALEJANDRA", "sector": "Comercio al por menor de regalos", "label": "Otro comercio", "color": "#6B7280", "icon": "🏬"}}, {"type": "Feature", "geometry": {"type": "Point", "coordinates": [-99.1907021, 19.34281496]}, "properties": {"nombre": "REGALOS MORALES", "sector": "Comercio al por menor de regalos", "label": "Otro comercio", "color": "#6B7280", "icon": "🏬"}}, {"type": "Feature", "geometry": {"type": "Point", "coordinates": [-99.19069868, 19.34282564]}, "properties": {"nombre": "REGALOS Y ENVOLTURAS", "sector": "Comercio al por menor de regalos", "label": "Otro comercio", "color": "#6B7280", "icon": "🏬"}}, {"type": "Feature", "geometry": {"type": "Point", "coordinates": [-99.21700625, 19.37235475]}, "properties": {"nombre": "RELOJERIA Y JOYERIA RE", "sector": "Comercio al por menor de artículos de joyería y relojes", "label": "Otro comercio", "color": "#6B7280", "icon": "🏬"}}, {"type": "Feature", "geometry": {"type": "Point", "coordinates": [-99.18990378, 19.34140111]}, "properties": {"nombre": "RENAULT SAN ANGEL", "sector": "Comercio al por menor de automóviles y camionetas nuevos", "label": "Otro comercio", "color": "#6B7280", "icon": "🏬"}}, {"type": "Feature", "geometry": {"type": "Point", "coordinates": [-99.1907021, 19.34281496]}, "properties": {"nombre": "REPARACION DE CELULARES", "sector": "Comercio al por menor de plantas y flores naturales", "label": "Flores y plantas", "color": "#EC4899", "icon": "🌸"}}, {"type": "Feature", "geometry": {"type": "Point", "coordinates": [-99.19416013, 19.39530003]}, "properties": {"nombre": "REPARACION DE CELULARES SIN NOMBRE", "sector": "Comercio al por menor de teléfonos y otros aparatos de comunicación", "label": "Otro comercio", "color": "#6B7280", "icon": "🏬"}}, {"type": "Feature", "geometry": {"type": "Point", "coordinates": [-99.21369089, 19.30913713]}, "properties": {"nombre": "ROPA PARA NIÑOS KUKITOS", "sector": "Comercio al por menor de ropa, excepto de bebé y lencería", "label": "Otro comercio", "color": "#6B7280", "icon": "🏬"}}, {"type": "Feature", "geometry": {"type": "Point", "coordinates": [-99.22299247, 19.37657903]}, "properties": {"nombre": "ROSTICERIA JUQUILITA", "sector": "Farmacias con minisúper", "label": "Otro comercio", "color": "#6B7280", "icon": "🏬"}}, {"type": "Feature", "geometry": {"type": "Point", "coordinates": [-99.18868453, 19.34694733]}, "properties": {"nombre": "SAN ANGEL ALVARO OBREGON CDMX", "sector": "Comercio al por menor de teléfonos y otros aparatos de comunicación", "label": "Otro comercio", "color": "#6B7280", "icon": "🏬"}}, {"type": "Feature", "geometry": {"type": "Point", "coordinates": [-99.20013926, 19.38755791]}, "properties": {"nombre": "SEGA ACCESORIOS", "sector": "Comercio al por menor de partes y refacciones nuevas para automóviles, camioneta", "label": "Otro comercio", "color": "#6B7280", "icon": "🏬"}}, {"type": "Feature", "geometry": {"type": "Point", "coordinates": [-99.19823145, 19.3928951]}, "properties": {"nombre": "SERVICIO CEPEDA", "sector": "Comercio al por menor de aceites y grasas lubricantes, aditivos y similares para", "label": "Otro comercio", "color": "#6B7280", "icon": "🏬"}}, {"type": "Feature", "geometry": {"type": "Point", "coordinates": [-99.21864238, 19.36979789]}, "properties": {"nombre": "SERVICIO MARIN", "sector": "Comercio al por menor de aceites y grasas lubricantes, aditivos y similares para", "label": "Otro comercio", "color": "#6B7280", "icon": "🏬"}}, {"type": "Feature", "geometry": {"type": "Point", "coordinates": [-99.22000359, 19.3694459]}, "properties": {"nombre": "SERVICIO VILLA REFACCIONARIA", "sector": "Comercio al por menor de partes y refacciones nuevas para automóviles, camioneta", "label": "Otro comercio", "color": "#6B7280", "icon": "🏬"}}, {"type": "Feature", "geometry": {"type": "Point", "coordinates": [-99.20329137, 19.37553166]}, "properties": {"nombre": "SERVIFERRETERIA", "sector": "Comercio al por menor en ferreterías y tlapalerías", "label": "Otro comercio", "color": "#6B7280", "icon": "🏬"}}, {"type": "Feature", "geometry": {"type": "Point", "coordinates": [-99.1853493, 19.35684937]}, "properties": {"nombre": "SEVASA", "sector": "Comercio al por menor de automóviles y camionetas nuevos", "label": "Otro comercio", "color": "#6B7280", "icon": "🏬"}}, {"type": "Feature", "geometry": {"type": "Point", "coordinates": [-99.19914052, 19.37411511]}, "properties": {"nombre": "SHOPPIN COSMETIC", "sector": "Comercio al por menor de artículos de perfumería y cosméticos", "label": "Otro comercio", "color": "#6B7280", "icon": "🏬"}}, {"type": "Feature", "geometry": {"type": "Point", "coordinates": [-99.20209224, 19.39014003]}, "properties": {"nombre": "SIFAR CRISTO REY", "sector": "Farmacias sin minisúper", "label": "Otro comercio", "color": "#6B7280", "icon": "🏬"}}, {"type": "Feature", "geometry": {"type": "Point", "coordinates": [-99.18735302, 19.35822302]}, "properties": {"nombre": "SIGUARIS GROUP", "sector": "Comercio al por menor de productos naturistas, medicamentos homeopáticos y de co", "label": "Otro comercio", "color": "#6B7280", "icon": "🏬"}}, {"type": "Feature", "geometry": {"type": "Point", "coordinates": [-99.21368644, 19.30917295]}, "properties": {"nombre": "SIMON DICE", "sector": "Comercio al por menor de otros artículos de uso personal", "label": "Otro comercio", "color": "#6B7280", "icon": "🏬"}}, {"type": "Feature", "geometry": {"type": "Point", "coordinates": [-99.19120542, 19.34064948]}, "properties": {"nombre": "SOFAMEX SAN ANGEL SOFAMEX FABRICANTES", "sector": "Comercio al por menor de muebles para el hogar", "label": "Otro comercio", "color": "#6B7280", "icon": "🏬"}}, {"type": "Feature", "geometry": {"type": "Point", "coordinates": [-99.18661305, 19.35787964]}, "properties": {"nombre": "SUCREI CACAO PASTISSERIA", "sector": "Comercio al por menor de otros alimentos", "label": "Otro comercio", "color": "#6B7280", "icon": "🏬"}}, {"type": "Feature", "geometry": {"type": "Point", "coordinates": [-99.21385332, 19.30740043]}, "properties": {"nombre": "SUCURSAL SANTA TERESA", "sector": "Comercio al por menor de artículos de joyería y relojes", "label": "Otro comercio", "color": "#6B7280", "icon": "🏬"}}, {"type": "Feature", "geometry": {"type": "Point", "coordinates": [-99.20237164, 19.38929936]}, "properties": {"nombre": "SUPER BELLA", "sector": "Comercio al por menor de artículos de perfumería y cosméticos", "label": "Otro comercio", "color": "#6B7280", "icon": "🏬"}}, {"type": "Feature", "geometry": {"type": "Point", "coordinates": [-99.19549085, 19.37562422]}, "properties": {"nombre": "SUPER XIII", "sector": "Comercio al por menor en tiendas de abarrotes, ultramarinos y misceláneas", "label": "Abarrotes/Misceláneas", "color": "#F59E0B", "icon": "🛒"}}, {"type": "Feature", "geometry": {"type": "Point", "coordinates": [-99.22312554, 19.37695976]}, "properties": {"nombre": "SUPERCITO MEXICO PRESIDENTES ALVARO OBRE T689", "sector": "Comercio al por menor en minisupers", "label": "Minisupers", "color": "#06B6D4", "icon": "🏪"}}, {"type": "Feature", "geometry": {"type": "Point", "coordinates": [-99.19035125, 19.33921242]}, "properties": {"nombre": "SYLPYL", "sector": "Comercio al por menor de pintura", "label": "Otro comercio", "color": "#6B7280", "icon": "🏬"}}, {"type": "Feature", "geometry": {"type": "Point", "coordinates": [-99.19495555, 19.37359314]}, "properties": {"nombre": "TALLER LLANTERA TREJO", "sector": "Comercio al por menor de llantas y cámaras para automóviles, camionetas y camion", "label": "Otro comercio", "color": "#6B7280", "icon": "🏬"}}, {"type": "Feature", "geometry": {"type": "Point", "coordinates": [-99.18316319, 19.36041705]}, "properties": {"nombre": "TAPETES ZARRIN", "sector": "Comercio al por menor de alfombras, cortinas, tapices y similares", "label": "Otro comercio", "color": "#6B7280", "icon": "🏬"}}, {"type": "Feature", "geometry": {"type": "Point", "coordinates": [-99.19518275, 19.3948027]}, "properties": {"nombre": "TECNO ALVI ALUMINIO Y VIDRIO", "sector": "Comercio al por menor de vidrios y espejos", "label": "Otro comercio", "color": "#6B7280", "icon": "🏬"}}, {"type": "Feature", "geometry": {"type": "Point", "coordinates": [-99.18608716, 19.34864564]}, "properties": {"nombre": "TECNO BLINDS", "sector": "Comercio al por menor de alfombras, cortinas, tapices y similares", "label": "Otro comercio", "color": "#6B7280", "icon": "🏬"}}, {"type": "Feature", "geometry": {"type": "Point", "coordinates": [-99.19913108, 19.37411407]}, "properties": {"nombre": "TECNOLOGIA CELULAR", "sector": "Comercio al por menor de teléfonos y otros aparatos de comunicación", "label": "Otro comercio", "color": "#6B7280", "icon": "🏬"}}, {"type": "Feature", "geometry": {"type": "Point", "coordinates": [-99.2137769, 19.38792714]}, "properties": {"nombre": "TELEFONIA SANTA FE", "sector": "Comercio al por menor de teléfonos y otros aparatos de comunicación", "label": "Otro comercio", "color": "#6B7280", "icon": "🏬"}}, {"type": "Feature", "geometry": {"type": "Point", "coordinates": [-99.20147027, 19.38743624]}, "properties": {"nombre": "TETRA EXPERTOS EN ACUARIOS", "sector": "Comercio al por menor de mascotas", "label": "Otro comercio", "color": "#6B7280", "icon": "🏬"}}, {"type": "Feature", "geometry": {"type": "Point", "coordinates": [-99.20997648, 19.37280424]}, "properties": {"nombre": "THE MONEY BOUTIQUE", "sector": "Comercio al por menor de ropa, excepto de bebé y lencería", "label": "Otro comercio", "color": "#6B7280", "icon": "🏬"}}, {"type": "Feature", "geometry": {"type": "Point", "coordinates": [-99.18868453, 19.34694733]}, "properties": {"nombre": "TIENDA ARTE JOYAS", "sector": "Comercio al por menor de artículos de joyería y relojes", "label": "Otro comercio", "color": "#6B7280", "icon": "🏬"}}, {"type": "Feature", "geometry": {"type": "Point", "coordinates": [-99.17259499, 19.36006978]}, "properties": {"nombre": "TIENDA BOUTIQUE PANAM", "sector": "Comercio al por menor de artículos y aparatos deportivos", "label": "Otro comercio", "color": "#6B7280", "icon": "🏬"}}, {"type": "Feature", "geometry": {"type": "Point", "coordinates": [-99.20387901, 19.37575225]}, "properties": {"nombre": "TIENDA CREMESOFI Y ALGO MAS", "sector": "Comercio al por menor en tiendas de abarrotes, ultramarinos y misceláneas", "label": "Abarrotes/Misceláneas", "color": "#F59E0B", "icon": "🛒"}}, {"type": "Feature", "geometry": {"type": "Point", "coordinates": [-99.19270532, 19.37828471]}, "properties": {"nombre": "TIENDA DE ABARROTES", "sector": "Comercio al por menor en tiendas de abarrotes, ultramarinos y misceláneas", "label": "Abarrotes/Misceláneas", "color": "#F59E0B", "icon": "🛒"}}, {"type": "Feature", "geometry": {"type": "Point", "coordinates": [-99.19522115, 19.37436035]}, "properties": {"nombre": "TIENDA DE ABARROTES", "sector": "Comercio al por menor en tiendas de abarrotes, ultramarinos y misceláneas", "label": "Abarrotes/Misceláneas", "color": "#F59E0B", "icon": "🛒"}}, {"type": "Feature", "geometry": {"type": "Point", "coordinates": [-99.18318329, 19.36035391]}, "properties": {"nombre": "TIENDA DE ABARROTES", "sector": "Comercio al por menor en tiendas de abarrotes, ultramarinos y misceláneas", "label": "Abarrotes/Misceláneas", "color": "#F59E0B", "icon": "🛒"}}, {"type": "Feature", "geometry": {"type": "Point", "coordinates": [-99.19342905, 19.37389155]}, "properties": {"nombre": "TIENDA DE ABARROTES LA CHIQUIS", "sector": "Comercio al por menor en tiendas de abarrotes, ultramarinos y misceláneas", "label": "Abarrotes/Misceláneas", "color": "#F59E0B", "icon": "🛒"}}, {"type": "Feature", "geometry": {"type": "Point", "coordinates": [-99.20798386, 19.3731115]}, "properties": {"nombre": "TIENDA DE ABARROTES LOS GUEROS", "sector": "Comercio al por menor en tiendas de abarrotes, ultramarinos y misceláneas", "label": "Abarrotes/Misceláneas", "color": "#F59E0B", "icon": "🛒"}}, {"type": "Feature", "geometry": {"type": "Point", "coordinates": [-99.20882286, 19.37344452]}, "properties": {"nombre": "TIENDA DE ABARROTES LOS GUEROS", "sector": "Comercio al por menor en tiendas de abarrotes, ultramarinos y misceláneas", "label": "Abarrotes/Misceláneas", "color": "#F59E0B", "icon": "🛒"}}, {"type": "Feature", "geometry": {"type": "Point", "coordinates": [-99.19519935, 19.38053557]}, "properties": {"nombre": "TIENDA DE ABARROTES MAYA", "sector": "Comercio al por menor en tiendas de abarrotes, ultramarinos y misceláneas", "label": "Abarrotes/Misceláneas", "color": "#F59E0B", "icon": "🛒"}}, {"type": "Feature", "geometry": {"type": "Point", "coordinates": [-99.19523707, 19.39595839]}, "properties": {"nombre": "TIENDA DE ABARROTES MAYRA", "sector": "Comercio al por menor en tiendas de abarrotes, ultramarinos y misceláneas", "label": "Abarrotes/Misceláneas", "color": "#F59E0B", "icon": "🛒"}}, {"type": "Feature", "geometry": {"type": "Point", "coordinates": [-99.19204803, 19.3780903]}, "properties": {"nombre": "TIENDA DE ABARROTES MOCHI", "sector": "Comercio al por menor en tiendas de abarrotes, ultramarinos y misceláneas", "label": "Abarrotes/Misceláneas", "color": "#F59E0B", "icon": "🛒"}}, {"type": "Feature", "geometry": {"type": "Point", "coordinates": [-99.19569131, 19.39647772]}, "properties": {"nombre": "TIENDA DE ABARROTES SUPER TIANGUIS", "sector": "Comercio al por menor en tiendas de abarrotes, ultramarinos y misceláneas", "label": "Abarrotes/Misceláneas", "color": "#F59E0B", "icon": "🛒"}}, {"type": "Feature", "geometry": {"type": "Point", "coordinates": [-99.19269012, 19.3961879]}, "properties": {"nombre": "TIENDA DE GLOBOS CHICHINO", "sector": "Comercio al por menor de regalos", "label": "Otro comercio", "color": "#6B7280", "icon": "🏬"}}, {"type": "Feature", "geometry": {"type": "Point", "coordinates": [-99.19069868, 19.34282564]}, "properties": {"nombre": "TIENDA DE MASCOTAS", "sector": "Comercio al por menor de mascotas", "label": "Otro comercio", "color": "#6B7280", "icon": "🏬"}}, {"type": "Feature", "geometry": {"type": "Point", "coordinates": [-99.19069868, 19.34282564]}, "properties": {"nombre": "TIENDA DE MASCOTAS EDKAR", "sector": "Comercio al por menor de mascotas", "label": "Otro comercio", "color": "#6B7280", "icon": "🏬"}}, {"type": "Feature", "geometry": {"type": "Point", "coordinates": [-99.21312171, 19.30932494]}, "properties": {"nombre": "TIENDA DE PINTURAS COMEX", "sector": "Comercio al por menor de pintura", "label": "Otro comercio", "color": "#6B7280", "icon": "🏬"}}, {"type": "Feature", "geometry": {"type": "Point", "coordinates": [-99.1907021, 19.34281496]}, "properties": {"nombre": "TIENDA DE RECUERDOS BODAS BAUTIZOS ETC", "sector": "Comercio al por menor de regalos", "label": "Otro comercio", "color": "#6B7280", "icon": "🏬"}}, {"type": "Feature", "geometry": {"type": "Point", "coordinates": [-99.17547781, 19.35405808]}, "properties": {"nombre": "TIENDA DE REFRESCOS SIN NOMBRE", "sector": "Comercio al por menor de bebidas no alcohólicas y hielo", "label": "Otro comercio", "color": "#6B7280", "icon": "🏬"}}, {"type": "Feature", "geometry": {"type": "Point", "coordinates": [-99.1907021, 19.34281496]}, "properties": {"nombre": "TIENDA DE REGALOS", "sector": "Comercio al por menor de regalos", "label": "Otro comercio", "color": "#6B7280", "icon": "🏬"}}, {"type": "Feature", "geometry": {"type": "Point", "coordinates": [-99.22187041, 19.37056521]}, "properties": {"nombre": "TIENDA DE REGALOS", "sector": "Comercio al por menor de regalos", "label": "Otro comercio", "color": "#6B7280", "icon": "🏬"}}, {"type": "Feature", "geometry": {"type": "Point", "coordinates": [-99.21310099, 19.30940611]}, "properties": {"nombre": "TIENDA DE REGALOS BLUE BERRY", "sector": "Comercio al por menor de regalos", "label": "Otro comercio", "color": "#6B7280", "icon": "🏬"}}, {"type": "Feature", "geometry": {"type": "Point", "coordinates": [-99.22061835, 19.36928656]}, "properties": {"nombre": "TIENDA DE REGALOS JANET", "sector": "Comercio al por menor de regalos", "label": "Otro comercio", "color": "#6B7280", "icon": "🏬"}}, {"type": "Feature", "geometry": {"type": "Point", "coordinates": [-99.20922148, 19.37576247]}, "properties": {"nombre": "TIENDA DE REGALOS MICKY", "sector": "Comercio al por menor de regalos", "label": "Otro comercio", "color": "#6B7280", "icon": "🏬"}}, {"type": "Feature", "geometry": {"type": "Point", "coordinates": [-99.1907021, 19.34281496]}, "properties": {"nombre": "TIENDA DE REGALOS NANI S", "sector": "Comercio al por menor de artículos de joyería y relojes", "label": "Otro comercio", "color": "#6B7280", "icon": "🏬"}}, {"type": "Feature", "geometry": {"type": "Point", "coordinates": [-99.20209224, 19.39014003]}, "properties": {"nombre": "TIENDA DE REGALOS SIN NOMBRE", "sector": "Comercio al por menor de regalos", "label": "Otro comercio", "color": "#6B7280", "icon": "🏬"}}, {"type": "Feature", "geometry": {"type": "Point", "coordinates": [-99.1907021, 19.34281496]}, "properties": {"nombre": "TIENDA DE ROPA", "sector": "Comercio al por menor de ropa, excepto de bebé y lencería", "label": "Otro comercio", "color": "#6B7280", "icon": "🏬"}}, {"type": "Feature", "geometry": {"type": "Point", "coordinates": [-99.1907021, 19.34281496]}, "properties": {"nombre": "TIENDA DE ROPA", "sector": "Comercio al por menor de ropa, excepto de bebé y lencería", "label": "Otro comercio", "color": "#6B7280", "icon": "🏬"}}, {"type": "Feature", "geometry": {"type": "Point", "coordinates": [-99.19078024, 19.34187436]}, "properties": {"nombre": "TIENDA DE ROPA CANDY", "sector": "Comercio al por menor de ropa, excepto de bebé y lencería", "label": "Otro comercio", "color": "#6B7280", "icon": "🏬"}}, {"type": "Feature", "geometry": {"type": "Point", "coordinates": [-99.213859, 19.30816223]}, "properties": {"nombre": "TIENDA DE ROPA DE BEBE RIKIRAN", "sector": "Comercio al por menor de ropa de bebé", "label": "Otro comercio", "color": "#6B7280", "icon": "🏬"}}, {"type": "Feature", "geometry": {"type": "Point", "coordinates": [-99.1907021, 19.34281496]}, "properties": {"nombre": "TIENDA DE ROPA DE DAMA", "sector": "Comercio al por menor de ropa, excepto de bebé y lencería", "label": "Otro comercio", "color": "#6B7280", "icon": "🏬"}}, {"type": "Feature", "geometry": {"type": "Point", "coordinates": [-99.20837764, 19.39987647]}, "properties": {"nombre": "TIENDA DE ROPA MEGAMI SHOP", "sector": "Comercio al por menor de ropa, excepto de bebé y lencería", "label": "Otro comercio", "color": "#6B7280", "icon": "🏬"}}, {"type": "Feature", "geometry": {"type": "Point", "coordinates": [-99.22239394, 19.36882023]}, "properties": {"nombre": "TIENDA DE SUPLEMENTOS ALIMENTICIOS DE B Y B", "sector": "Comercio al por menor en tiendas de abarrotes, ultramarinos y misceláneas", "label": "Abarrotes/Misceláneas", "color": "#F59E0B", "icon": "🛒"}}, {"type": "Feature", "geometry": {"type": "Point", "coordinates": [-99.21536216, 19.37237286]}, "properties": {"nombre": "TIENDA DEDEPORTES MICHELLE", "sector": "Comercio al por menor de artículos y aparatos deportivos", "label": "Otro comercio", "color": "#6B7280", "icon": "🏬"}}, {"type": "Feature", "geometry": {"type": "Point", "coordinates": [-99.20350026, 19.37314369]}, "properties": {"nombre": "TIENDA EL TACONAZO", "sector": "Comercio al por menor en tiendas de abarrotes, ultramarinos y misceláneas", "label": "Abarrotes/Misceláneas", "color": "#F59E0B", "icon": "🛒"}}, {"type": "Feature", "geometry": {"type": "Point", "coordinates": [-99.18785449, 19.35835658]}, "properties": {"nombre": "TIENDA LA CARMELITA", "sector": "Comercio al por menor en tiendas de abarrotes, ultramarinos y misceláneas", "label": "Abarrotes/Misceláneas", "color": "#F59E0B", "icon": "🛒"}}, {"type": "Feature", "geometry": {"type": "Point", "coordinates": [-99.2125105, 19.38855748]}, "properties": {"nombre": "TIENDA LA LIZ", "sector": "Comercio al por menor en tiendas de abarrotes, ultramarinos y misceláneas", "label": "Abarrotes/Misceláneas", "color": "#F59E0B", "icon": "🛒"}}, {"type": "Feature", "geometry": {"type": "Point", "coordinates": [-99.21696709, 19.37221916]}, "properties": {"nombre": "TIENDA LA RISUEÑA", "sector": "Comercio al por menor en tiendas de abarrotes, ultramarinos y misceláneas", "label": "Abarrotes/Misceláneas", "color": "#F59E0B", "icon": "🛒"}}, {"type": "Feature", "geometry": {"type": "Point", "coordinates": [-99.20636853, 19.37356649]}, "properties": {"nombre": "TIENDA LA SUPER C LA ESTRELLITA", "sector": "Comercio al por menor en tiendas de abarrotes, ultramarinos y misceláneas", "label": "Abarrotes/Misceláneas", "color": "#F59E0B", "icon": "🛒"}}, {"type": "Feature", "geometry": {"type": "Point", "coordinates": [-99.19790065, 19.39308498]}, "properties": {"nombre": "TIENDA LA VENTANITA", "sector": "Comercio al por menor en tiendas de abarrotes, ultramarinos y misceláneas", "label": "Abarrotes/Misceláneas", "color": "#F59E0B", "icon": "🛒"}}, {"type": "Feature", "geometry": {"type": "Point", "coordinates": [-99.22127927, 19.3770702]}, "properties": {"nombre": "TIENDA LECHERIA LICONSA 0920055700", "sector": "Comercio al por menor de leche, otros productos lácteos y embutidos", "label": "Otro comercio", "color": "#6B7280", "icon": "🏬"}}, {"type": "Feature", "geometry": {"type": "Point", "coordinates": [-99.2035597, 19.33836907]}, "properties": {"nombre": "TIENDA MISCELANEA VICTOR", "sector": "Comercio al por menor en tiendas de abarrotes, ultramarinos y misceláneas", "label": "Abarrotes/Misceláneas", "color": "#F59E0B", "icon": "🛒"}}, {"type": "Feature", "geometry": {"type": "Point", "coordinates": [-99.21162441, 19.38797967]}, "properties": {"nombre": "TIENDA NATURISTA", "sector": "Comercio al por menor de productos naturistas, medicamentos homeopáticos y de co", "label": "Otro comercio", "color": "#6B7280", "icon": "🏬"}}, {"type": "Feature", "geometry": {"type": "Point", "coordinates": [-99.20691895, 19.37367896]}, "properties": {"nombre": "TIENDA NATURISTA", "sector": "Comercio al por menor de productos naturistas, medicamentos homeopáticos y de co", "label": "Otro comercio", "color": "#6B7280", "icon": "🏬"}}, {"type": "Feature", "geometry": {"type": "Point", "coordinates": [-99.19403515, 19.38974742]}, "properties": {"nombre": "TIENDAS TRES B", "sector": "Comercio al por menor en minisupers", "label": "Minisupers", "color": "#06B6D4", "icon": "🏪"}}, {"type": "Feature", "geometry": {"type": "Point", "coordinates": [-99.21894752, 19.36971851]}, "properties": {"nombre": "TIENDAS TRES B", "sector": "Comercio al por menor en minisupers", "label": "Minisupers", "color": "#06B6D4", "icon": "🏪"}}, {"type": "Feature", "geometry": {"type": "Point", "coordinates": [-99.22128735, 19.37071634]}, "properties": {"nombre": "TLAPALERIA DON PANCHO", "sector": "Comercio al por menor en ferreterías y tlapalerías", "label": "Otro comercio", "color": "#6B7280", "icon": "🏬"}}, {"type": "Feature", "geometry": {"type": "Point", "coordinates": [-99.20991843, 19.39380649]}, "properties": {"nombre": "TLAPALERIA EL BARATERO", "sector": "Comercio al por menor en ferreterías y tlapalerías", "label": "Otro comercio", "color": "#6B7280", "icon": "🏬"}}, {"type": "Feature", "geometry": {"type": "Point", "coordinates": [-99.21297433, 19.38724648]}, "properties": {"nombre": "TLAPALERIA EL CLAVITO", "sector": "Comercio al por menor en ferreterías y tlapalerías", "label": "Otro comercio", "color": "#6B7280", "icon": "🏬"}}, {"type": "Feature", "geometry": {"type": "Point", "coordinates": [-99.18615398, 19.35475203]}, "properties": {"nombre": "TLAPALERIA LA MEXICANA II INSTALACIONES ELECTRICAS", "sector": "Comercio al por menor en ferreterías y tlapalerías", "label": "Otro comercio", "color": "#6B7280", "icon": "🏬"}}, {"type": "Feature", "geometry": {"type": "Point", "coordinates": [-99.19222724, 19.39634857]}, "properties": {"nombre": "TLAPALERIA LOS LANGRES", "sector": "Comercio al por menor en ferreterías y tlapalerías", "label": "Otro comercio", "color": "#6B7280", "icon": "🏬"}}, {"type": "Feature", "geometry": {"type": "Point", "coordinates": [-99.19260516, 19.39621739]}, "properties": {"nombre": "TLAPALERIA LOS LANGRES", "sector": "Comercio al por menor en ferreterías y tlapalerías", "label": "Otro comercio", "color": "#6B7280", "icon": "🏬"}}, {"type": "Feature", "geometry": {"type": "Point", "coordinates": [-99.18661924, 19.3548635]}, "properties": {"nombre": "TLAPALERIA Y FERRETERIA LA MEXICANA", "sector": "Comercio al por menor en ferreterías y tlapalerías", "label": "Otro comercio", "color": "#6B7280", "icon": "🏬"}}, {"type": "Feature", "geometry": {"type": "Point", "coordinates": [-99.20308399, 19.33879555]}, "properties": {"nombre": "TLAPALERIA Y FERRETERIA TAURO", "sector": "Comercio al por menor en ferreterías y tlapalerías", "label": "Otro comercio", "color": "#6B7280", "icon": "🏬"}}, {"type": "Feature", "geometry": {"type": "Point", "coordinates": [-99.21212161, 19.38862112]}, "properties": {"nombre": "TLAPALERIA Y TORNILLOS SANTA FE", "sector": "Comercio al por menor en ferreterías y tlapalerías", "label": "Otro comercio", "color": "#6B7280", "icon": "🏬"}}, {"type": "Feature", "geometry": {"type": "Point", "coordinates": [-99.20209224, 19.39014003]}, "properties": {"nombre": "TOCINERIA REYNA", "sector": "Comercio al por menor de carnes rojas", "label": "Carnicerías", "color": "#EF4444", "icon": "🥩"}}, {"type": "Feature", "geometry": {"type": "Point", "coordinates": [-99.20209224, 19.39014003]}, "properties": {"nombre": "TOCINERIA SIN NOMBRE", "sector": "Comercio al por menor de carnes rojas", "label": "Carnicerías", "color": "#EF4444", "icon": "🥩"}}, {"type": "Feature", "geometry": {"type": "Point", "coordinates": [-99.19069868, 19.34282564]}, "properties": {"nombre": "TODO NATURAL TIENDA NATURISTA", "sector": "Comercio al por menor de productos naturistas, medicamentos homeopáticos y de co", "label": "Otro comercio", "color": "#6B7280", "icon": "🏬"}}, {"type": "Feature", "geometry": {"type": "Point", "coordinates": [-99.19095096, 19.34138255]}, "properties": {"nombre": "TONY SUC SAN ANGEL GALVEZ", "sector": "Comercio al por menor de artículos de papelería", "label": "Papelería", "color": "#8B5CF6", "icon": "📚"}}, {"type": "Feature", "geometry": {"type": "Point", "coordinates": [-99.20394803, 19.37299384]}, "properties": {"nombre": "TORNILLOS NUFE", "sector": "Comercio al por menor en ferreterías y tlapalerías", "label": "Otro comercio", "color": "#6B7280", "icon": "🏬"}}, {"type": "Feature", "geometry": {"type": "Point", "coordinates": [-99.20128392, 19.38912662]}, "properties": {"nombre": "TORNILLOS Y ACCESORIOS DEL PONIENTE", "sector": "Comercio al por menor en ferreterías y tlapalerías", "label": "Otro comercio", "color": "#6B7280", "icon": "🏬"}}, {"type": "Feature", "geometry": {"type": "Point", "coordinates": [-99.20955013, 19.3729206]}, "properties": {"nombre": "TRANSNISIONES EL OLIVAR", "sector": "Comercio al por menor de partes y refacciones nuevas para automóviles, camioneta", "label": "Otro comercio", "color": "#6B7280", "icon": "🏬"}}, {"type": "Feature", "geometry": {"type": "Point", "coordinates": [-99.18907683, 19.34378417]}, "properties": {"nombre": "TSK INSURGENTES SUR 515", "sector": "Comercio al por menor de carnes rojas", "label": "Carnicerías", "color": "#EF4444", "icon": "🥩"}}, {"type": "Feature", "geometry": {"type": "Point", "coordinates": [-99.2189396, 19.36972063]}, "properties": {"nombre": "UNIGLOBO", "sector": "Comercio al por menor de regalos", "label": "Otro comercio", "color": "#6B7280", "icon": "🏬"}}, {"type": "Feature", "geometry": {"type": "Point", "coordinates": [-99.21332745, 19.3095456]}, "properties": {"nombre": "UNSER", "sector": "Comercio al por menor de ropa, excepto de bebé y lencería", "label": "Otro comercio", "color": "#6B7280", "icon": "🏬"}}, {"type": "Feature", "geometry": {"type": "Point", "coordinates": [-99.18506359, 19.35528476]}, "properties": {"nombre": "VALENTINO LUXURY GOODS MEXICO", "sector": "Comercio al por menor de ropa, excepto de bebé y lencería", "label": "Otro comercio", "color": "#6B7280", "icon": "🏬"}}, {"type": "Feature", "geometry": {"type": "Point", "coordinates": [-99.1907021, 19.34281496]}, "properties": {"nombre": "VENTA DE ABARROTES SALCHICHONERIA Y CREMERIA", "sector": "Comercio al por menor de leche, otros productos lácteos y embutidos", "label": "Otro comercio", "color": "#6B7280", "icon": "🏬"}}, {"type": "Feature", "geometry": {"type": "Point", "coordinates": [-99.1907021, 19.34281496]}, "properties": {"nombre": "VENTA DE ABARROTES ULTRAMARINOS Y MISCELANEAS", "sector": "Comercio al por menor en tiendas de abarrotes, ultramarinos y misceláneas", "label": "Abarrotes/Misceláneas", "color": "#F59E0B", "icon": "🛒"}}, {"type": "Feature", "geometry": {"type": "Point", "coordinates": [-99.1907021, 19.34281496]}, "properties": {"nombre": "VENTA DE ABARROTES ULTRAMARINOS Y MISCELANEAS", "sector": "Comercio al por menor en tiendas de abarrotes, ultramarinos y misceláneas", "label": "Abarrotes/Misceláneas", "color": "#F59E0B", "icon": "🛒"}}, {"type": "Feature", "geometry": {"type": "Point", "coordinates": [-99.1907021, 19.34281496]}, "properties": {"nombre": "VENTA DE ABARROTES ULTRAMARINOS Y MISCELANEAS", "sector": "Comercio al por menor en tiendas de abarrotes, ultramarinos y misceláneas", "label": "Abarrotes/Misceláneas", "color": "#F59E0B", "icon": "🛒"}}, {"type": "Feature", "geometry": {"type": "Point", "coordinates": [-99.20209224, 19.39014003]}, "properties": {"nombre": "VENTA DE ABARROTES ULTRAMARINOS Y MISCELANEAS", "sector": "Comercio al por menor en tiendas de abarrotes, ultramarinos y misceláneas", "label": "Abarrotes/Misceláneas", "color": "#F59E0B", "icon": "🛒"}}, {"type": "Feature", "geometry": {"type": "Point", "coordinates": [-99.20209224, 19.39014003]}, "properties": {"nombre": "VENTA DE ABARROTES ULTRAMARINOS Y MISCELANEAS", "sector": "Comercio al por menor en tiendas de abarrotes, ultramarinos y misceláneas", "label": "Abarrotes/Misceláneas", "color": "#F59E0B", "icon": "🛒"}}, {"type": "Feature", "geometry": {"type": "Point", "coordinates": [-99.1907021, 19.34281496]}, "properties": {"nombre": "VENTA DE ABARROTES Y MISCELANEAS", "sector": "Comercio al por menor en tiendas de abarrotes, ultramarinos y misceláneas", "label": "Abarrotes/Misceláneas", "color": "#F59E0B", "icon": "🛒"}}, {"type": "Feature", "geometry": {"type": "Point", "coordinates": [-99.19829384, 19.37389172]}, "properties": {"nombre": "VENTA DE ACCESORIOS PARA AUTOS", "sector": "Comercio al por menor de partes y refacciones nuevas para automóviles, camioneta", "label": "Otro comercio", "color": "#6B7280", "icon": "🏬"}}, {"type": "Feature", "geometry": {"type": "Point", "coordinates": [-99.20682259, 19.37374814]}, "properties": {"nombre": "VENTA DE ACEITES LUBRICANTES COMI", "sector": "Comercio al por menor de aceites y grasas lubricantes, aditivos y similares para", "label": "Otro comercio", "color": "#6B7280", "icon": "🏬"}}, {"type": "Feature", "geometry": {"type": "Point", "coordinates": [-99.1907021, 19.34281496]}, "properties": {"nombre": "VENTA DE ARTESANIAS", "sector": "Comercio al por menor en tiendas de artesanías", "label": "Otro comercio", "color": "#6B7280", "icon": "🏬"}}, {"type": "Feature", "geometry": {"type": "Point", "coordinates": [-99.1907021, 19.34281496]}, "properties": {"nombre": "VENTA DE ARTESANIAS", "sector": "Comercio al por menor en tiendas de artesanías", "label": "Otro comercio", "color": "#6B7280", "icon": "🏬"}}, {"type": "Feature", "geometry": {"type": "Point", "coordinates": [-99.1907021, 19.34281496]}, "properties": {"nombre": "VENTA DE ARTESANIAS", "sector": "Comercio al por menor de cristalería, loza y utensilios de cocina", "label": "Otro comercio", "color": "#6B7280", "icon": "🏬"}}, {"type": "Feature", "geometry": {"type": "Point", "coordinates": [-99.1907021, 19.34281496]}, "properties": {"nombre": "VENTA DE ARTICULOS DE MERCERIA Y BONETERIA", "sector": "Comercio al por menor de artículos de mercería y bonetería", "label": "Otro comercio", "color": "#6B7280", "icon": "🏬"}}, {"type": "Feature", "geometry": {"type": "Point", "coordinates": [-99.1907021, 19.34281496]}, "properties": {"nombre": "VENTA DE ARTICULOS DE MERCERIA Y BONETERIA", "sector": "Comercio al por menor de artículos de mercería y bonetería", "label": "Otro comercio", "color": "#6B7280", "icon": "🏬"}}, {"type": "Feature", "geometry": {"type": "Point", "coordinates": [-99.1907021, 19.34281496]}, "properties": {"nombre": "VENTA DE ARTICULOS DE MERCERIA Y BONETERIA", "sector": "Comercio al por menor de lencería", "label": "Otro comercio", "color": "#6B7280", "icon": "🏬"}}, {"type": "Feature", "geometry": {"type": "Point", "coordinates": [-99.18129745, 19.34729183]}, "properties": {"nombre": "VENTA DE ARTICULOS DE TEATRO Y DANZA", "sector": "Comercio al por menor de disfraces, vestimenta regional y vestidos de novia", "label": "Otro comercio", "color": "#6B7280", "icon": "🏬"}}, {"type": "Feature", "geometry": {"type": "Point", "coordinates": [-99.1907021, 19.34281496]}, "properties": {"nombre": "VENTA DE ARTICULOS DEPORTIVOS Y DISFRACES", "sector": "Comercio al por menor de artículos y aparatos deportivos", "label": "Otro comercio", "color": "#6B7280", "icon": "🏬"}}, {"type": "Feature", "geometry": {"type": "Point", "coordinates": [-99.19069868, 19.34282564]}, "properties": {"nombre": "VENTA DE ARTICULOS ESOTERICOS Y PLANTAS MEDICINALES", "sector": "Comercio al por menor de productos naturistas, medicamentos homeopáticos y de co", "label": "Otro comercio", "color": "#6B7280", "icon": "🏬"}}, {"type": "Feature", "geometry": {"type": "Point", "coordinates": [-99.1907021, 19.34281496]}, "properties": {"nombre": "VENTA DE ARTICULOS PARA LA LIMPIEZA", "sector": "Comercio al por menor de artículos para la limpieza", "label": "Otro comercio", "color": "#6B7280", "icon": "🏬"}}, {"type": "Feature", "geometry": {"type": "Point", "coordinates": [-99.1907021, 19.34281496]}, "properties": {"nombre": "VENTA DE ARTICULOS PARA LA LIMPIEZA", "sector": "Comercio al por menor de artículos para la limpieza", "label": "Otro comercio", "color": "#6B7280", "icon": "🏬"}}, {"type": "Feature", "geometry": {"type": "Point", "coordinates": [-99.20209224, 19.39014003]}, "properties": {"nombre": "VENTA DE ARTICULOS PARA LA LIMPIEZA", "sector": "Comercio al por menor de artículos para la limpieza", "label": "Otro comercio", "color": "#6B7280", "icon": "🏬"}}, {"type": "Feature", "geometry": {"type": "Point", "coordinates": [-99.1907021, 19.34281496]}, "properties": {"nombre": "VENTA DE ARTICULOS RELIGIOSOS", "sector": "Comercio al por menor de otros artículos de uso personal", "label": "Otro comercio", "color": "#6B7280", "icon": "🏬"}}, {"type": "Feature", "geometry": {"type": "Point", "coordinates": [-99.19929834, 19.37382886]}, "properties": {"nombre": "VENTA DE ARTICULOS USADOS", "sector": "Comercio al por menor de artículos usados", "label": "Otro comercio", "color": "#6B7280", "icon": "🏬"}}, {"type": "Feature", "geometry": {"type": "Point", "coordinates": [-99.1907021, 19.34281496]}, "properties": {"nombre": "VENTA DE BLANCOS", "sector": "Comercio al por menor de blancos", "label": "Otro comercio", "color": "#6B7280", "icon": "🏬"}}, {"type": "Feature", "geometry": {"type": "Point", "coordinates": [-99.19069868, 19.34282564]}, "properties": {"nombre": "VENTA DE CANASTAS DE MIMBRE Y JARCIERIA", "sector": "Comercio al por menor en tiendas de artesanías", "label": "Otro comercio", "color": "#6B7280", "icon": "🏬"}}, {"type": "Feature", "geometry": {"type": "Point", "coordinates": [-99.1907021, 19.34281496]}, "properties": {"nombre": "VENTA DE CANASTAS Y LOZA DE BARRO", "sector": "Comercio al por menor de cristalería, loza y utensilios de cocina", "label": "Otro comercio", "color": "#6B7280", "icon": "🏬"}}, {"type": "Feature", "geometry": {"type": "Point", "coordinates": [-99.20209224, 19.39014003]}, "properties": {"nombre": "VENTA DE CARNES ROJAS", "sector": "Comercio al por menor de carnes rojas", "label": "Carnicerías", "color": "#EF4444", "icon": "🥩"}}, {"type": "Feature", "geometry": {"type": "Point", "coordinates": [-99.20884799, 19.37442893]}, "properties": {"nombre": "VENTA DE CHILES MOLE Y ESPECIAS DELY MOLE", "sector": "Comercio al por menor de semillas y granos alimenticios, especias y chiles secos", "label": "Otro comercio", "color": "#6B7280", "icon": "🏬"}}, {"type": "Feature", "geometry": {"type": "Point", "coordinates": [-99.19069868, 19.34282564]}, "properties": {"nombre": "VENTA DE COSMETICOS", "sector": "Comercio al por menor de artículos de perfumería y cosméticos", "label": "Otro comercio", "color": "#6B7280", "icon": "🏬"}}, {"type": "Feature", "geometry": {"type": "Point", "coordinates": [-99.1907021, 19.34281496]}, "properties": {"nombre": "VENTA DE COSMETICOS Y TALABARTERIA", "sector": "Comercio al por menor de ropa de cuero y piel y de otros artículos de estos mate", "label": "Otro comercio", "color": "#6B7280", "icon": "🏬"}}, {"type": "Feature", "geometry": {"type": "Point", "coordinates": [-99.19069868, 19.34282564]}, "properties": {"nombre": "VENTA DE DISFRACES", "sector": "Comercio al por menor de disfraces, vestimenta regional y vestidos de novia", "label": "Otro comercio", "color": "#6B7280", "icon": "🏬"}}, {"type": "Feature", "geometry": {"type": "Point", "coordinates": [-99.1907021, 19.34281496]}, "properties": {"nombre": "VENTA DE DISFRACES", "sector": "Comercio al por menor de disfraces, vestimenta regional y vestidos de novia", "label": "Otro comercio", "color": "#6B7280", "icon": "🏬"}}, {"type": "Feature", "geometry": {"type": "Point", "coordinates": [-99.1907021, 19.34281496]}, "properties": {"nombre": "VENTA DE DISFRACES VESTIMENTA REGIONAL Y ACCESORIOS PARA DIS", "sector": "Comercio al por menor de disfraces, vestimenta regional y vestidos de novia", "label": "Otro comercio", "color": "#6B7280", "icon": "🏬"}}, {"type": "Feature", "geometry": {"type": "Point", "coordinates": [-99.1907021, 19.34281496]}, "properties": {"nombre": "VENTA DE DISFRACES VESTIMENTA REGIONAL Y VESTIDOS DE NOVIA G", "sector": "Comercio al por menor de disfraces, vestimenta regional y vestidos de novia", "label": "Otro comercio", "color": "#6B7280", "icon": "🏬"}}, {"type": "Feature", "geometry": {"type": "Point", "coordinates": [-99.1907021, 19.34281496]}, "properties": {"nombre": "VENTA DE DISFRACES Y TRAJES REGIONALES", "sector": "Comercio al por menor de disfraces, vestimenta regional y vestidos de novia", "label": "Otro comercio", "color": "#6B7280", "icon": "🏬"}}, {"type": "Feature", "geometry": {"type": "Point", "coordinates": [-99.1907021, 19.34281496]}, "properties": {"nombre": "VENTA DE DISFRACES Y TRAJES TIPICOS REGIONALES", "sector": "Comercio al por menor de disfraces, vestimenta regional y vestidos de novia", "label": "Otro comercio", "color": "#6B7280", "icon": "🏬"}}, {"type": "Feature", "geometry": {"type": "Point", "coordinates": [-99.1909369, 19.36267681]}, "properties": {"nombre": "VENTA DE DULCES CIGARROS Y REFRESCOS", "sector": "Comercio al por menor de dulces y materias primas para repostería", "label": "Dulcerías", "color": "#A855F7", "icon": "🍬"}}, {"type": "Feature", "geometry": {"type": "Point", "coordinates": [-99.19069868, 19.34282564]}, "properties": {"nombre": "VENTA DE DULCES EN GENERAL", "sector": "Comercio al por menor de dulces y materias primas para repostería", "label": "Dulcerías", "color": "#A855F7", "icon": "🍬"}}, {"type": "Feature", "geometry": {"type": "Point", "coordinates": [-99.1907021, 19.34281496]}, "properties": {"nombre": "VENTA DE DULCES TIPICOS Y MATERIAS PRIMAS", "sector": "Comercio al por menor de dulces y materias primas para repostería", "label": "Dulcerías", "color": "#A855F7", "icon": "🍬"}}, {"type": "Feature", "geometry": {"type": "Point", "coordinates": [-99.19771707, 19.39319036]}, "properties": {"nombre": "VENTA DE FRUTA", "sector": "Comercio al por menor de frutas y verduras frescas", "label": "Frutas y verduras", "color": "#10B981", "icon": "🥦"}}, {"type": "Feature", "geometry": {"type": "Point", "coordinates": [-99.1907021, 19.34281496]}, "properties": {"nombre": "VENTA DE FRUTAS", "sector": "Comercio al por menor de frutas y verduras frescas", "label": "Frutas y verduras", "color": "#10B981", "icon": "🥦"}}, {"type": "Feature", "geometry": {"type": "Point", "coordinates": [-99.1907021, 19.34281496]}, "properties": {"nombre": "VENTA DE FRUTAS FRESCAS", "sector": "Comercio al por menor de frutas y verduras frescas", "label": "Frutas y verduras", "color": "#10B981", "icon": "🥦"}}, {"type": "Feature", "geometry": {"type": "Point", "coordinates": [-99.1907021, 19.34281496]}, "properties": {"nombre": "VENTA DE FRUTAS FRESCAS", "sector": "Comercio al por menor de frutas y verduras frescas", "label": "Frutas y verduras", "color": "#10B981", "icon": "🥦"}}, {"type": "Feature", "geometry": {"type": "Point", "coordinates": [-99.1907021, 19.34281496]}, "properties": {"nombre": "VENTA DE FRUTAS Y LEGUMBRES", "sector": "Comercio al por menor de frutas y verduras frescas", "label": "Frutas y verduras", "color": "#10B981", "icon": "🥦"}}, {"type": "Feature", "geometry": {"type": "Point", "coordinates": [-99.1907021, 19.34281496]}, "properties": {"nombre": "VENTA DE FRUTAS Y LEGUMBRES", "sector": "Comercio al por menor de frutas y verduras frescas", "label": "Frutas y verduras", "color": "#10B981", "icon": "🥦"}}, {"type": "Feature", "geometry": {"type": "Point", "coordinates": [-99.1907021, 19.34281496]}, "properties": {"nombre": "VENTA DE FRUTAS Y VERDURAS", "sector": "Comercio al por menor de frutas y verduras frescas", "label": "Frutas y verduras", "color": "#10B981", "icon": "🥦"}}, {"type": "Feature", "geometry": {"type": "Point", "coordinates": [-99.19069868, 19.34282564]}, "properties": {"nombre": "VENTA DE FRUTAS Y VERDURAS", "sector": "Comercio al por menor de frutas y verduras frescas", "label": "Frutas y verduras", "color": "#10B981", "icon": "🥦"}}, {"type": "Feature", "geometry": {"type": "Point", "coordinates": [-99.1907021, 19.34281496]}, "properties": {"nombre": "VENTA DE FRUTAS Y VERDURAS FRESCAS", "sector": "Comercio al por menor de frutas y verduras frescas", "label": "Frutas y verduras", "color": "#10B981", "icon": "🥦"}}, {"type": "Feature", "geometry": {"type": "Point", "coordinates": [-99.1907021, 19.34281496]}, "properties": {"nombre": "VENTA DE FRUTAS Y VERDURAS FRESCAS", "sector": "Comercio al por menor de frutas y verduras frescas", "label": "Frutas y verduras", "color": "#10B981", "icon": "🥦"}}, {"type": "Feature", "geometry": {"type": "Point", "coordinates": [-99.1907021, 19.34281496]}, "properties": {"nombre": "VENTA DE FRUTAS Y VERDURAS FRESCAS", "sector": "Comercio al por menor de frutas y verduras frescas", "label": "Frutas y verduras", "color": "#10B981", "icon": "🥦"}}, {"type": "Feature", "geometry": {"type": "Point", "coordinates": [-99.1907021, 19.34281496]}, "properties": {"nombre": "VENTA DE FRUTAS Y VERDURAS FRESCAS", "sector": "Comercio al por menor de frutas y verduras frescas", "label": "Frutas y verduras", "color": "#10B981", "icon": "🥦"}}, {"type": "Feature", "geometry": {"type": "Point", "coordinates": [-99.1907021, 19.34281496]}, "properties": {"nombre": "VENTA DE FRUTAS Y VERDURAS FRESCAS", "sector": "Comercio al por menor de frutas y verduras frescas", "label": "Frutas y verduras", "color": "#10B981", "icon": "🥦"}}, {"type": "Feature", "geometry": {"type": "Point", "coordinates": [-99.1907021, 19.34281496]}, "properties": {"nombre": "VENTA DE FRUTAS Y VERDURAS FRESCAS", "sector": "Comercio al por menor de frutas y verduras frescas", "label": "Frutas y verduras", "color": "#10B981", "icon": "🥦"}}, {"type": "Feature", "geometry": {"type": "Point", "coordinates": [-99.19069868, 19.34282564]}, "properties": {"nombre": "VENTA DE FRUTAS Y VERDURAS FRESCAS", "sector": "Comercio al por menor de frutas y verduras frescas", "label": "Frutas y verduras", "color": "#10B981", "icon": "🥦"}}, {"type": "Feature", "geometry": {"type": "Point", "coordinates": [-99.1907021, 19.34281496]}, "properties": {"nombre": "VENTA DE FRUTAS Y VERDURAS FRESCAS", "sector": "Comercio al por menor de frutas y verduras frescas", "label": "Frutas y verduras", "color": "#10B981", "icon": "🥦"}}, {"type": "Feature", "geometry": {"type": "Point", "coordinates": [-99.1907021, 19.34281496]}, "properties": {"nombre": "VENTA DE FRUTAS Y VERDURAS FRESCAS", "sector": "Comercio al por menor de frutas y verduras frescas", "label": "Frutas y verduras", "color": "#10B981", "icon": "🥦"}}, {"type": "Feature", "geometry": {"type": "Point", "coordinates": [-99.19069868, 19.34282564]}, "properties": {"nombre": "VENTA DE FRUTAS Y VERDURAS FRESCAS", "sector": "Comercio al por menor de frutas y verduras frescas", "label": "Frutas y verduras", "color": "#10B981", "icon": "🥦"}}, {"type": "Feature", "geometry": {"type": "Point", "coordinates": [-99.20209224, 19.39014003]}, "properties": {"nombre": "VENTA DE FRUTAS Y VERDURAS FRESCAS", "sector": "Comercio al por menor de frutas y verduras frescas", "label": "Frutas y verduras", "color": "#10B981", "icon": "🥦"}}, {"type": "Feature", "geometry": {"type": "Point", "coordinates": [-99.19069868, 19.34282564]}, "properties": {"nombre": "VENTA DE JUGUETES", "sector": "Comercio al por menor de juguetes", "label": "Otro comercio", "color": "#6B7280", "icon": "🏬"}}, {"type": "Feature", "geometry": {"type": "Point", "coordinates": [-99.20209224, 19.39014003]}, "properties": {"nombre": "VENTA DE LECHE OTROS PRODUCTOS LACTEOS Y EMBUTIDOS", "sector": "Comercio al por menor de leche, otros productos lácteos y embutidos", "label": "Otro comercio", "color": "#6B7280", "icon": "🏬"}}, {"type": "Feature", "geometry": {"type": "Point", "coordinates": [-99.19069868, 19.34282564]}, "properties": {"nombre": "VENTA DE LOZA Y JARCIERIA", "sector": "Comercio al por menor de artículos para la limpieza", "label": "Otro comercio", "color": "#6B7280", "icon": "🏬"}}, {"type": "Feature", "geometry": {"type": "Point", "coordinates": [-99.1907021, 19.34281496]}, "properties": {"nombre": "VENTA DE MATERIAS PRIMAS", "sector": "Comercio al por menor de frutas y verduras frescas", "label": "Frutas y verduras", "color": "#10B981", "icon": "🥦"}}, {"type": "Feature", "geometry": {"type": "Point", "coordinates": [-99.1907021, 19.34281496]}, "properties": {"nombre": "VENTA DE MATERIAS PRIMAS", "sector": "Comercio al por menor de artículos desechables", "label": "Otro comercio", "color": "#6B7280", "icon": "🏬"}}, {"type": "Feature", "geometry": {"type": "Point", "coordinates": [-99.1907021, 19.34281496]}, "properties": {"nombre": "VENTA DE MATERIAS PRIMAS", "sector": "Comercio al por menor de dulces y materias primas para repostería", "label": "Dulcerías", "color": "#A855F7", "icon": "🍬"}}, {"type": "Feature", "geometry": {"type": "Point", "coordinates": [-99.1907021, 19.34281496]}, "properties": {"nombre": "VENTA DE MATERIAS PRIMAS", "sector": "Comercio al por menor de dulces y materias primas para repostería", "label": "Dulcerías", "color": "#A855F7", "icon": "🍬"}}, {"type": "Feature", "geometry": {"type": "Point", "coordinates": [-99.19069868, 19.34282564]}, "properties": {"nombre": "VENTA DE MOCHILAS MALETAS Y ARTICULOS DEPORTIVOS", "sector": "Comercio al por menor de artículos y aparatos deportivos", "label": "Otro comercio", "color": "#6B7280", "icon": "🏬"}}, {"type": "Feature", "geometry": {"type": "Point", "coordinates": [-99.1907021, 19.34281496]}, "properties": {"nombre": "VENTA DE PESCADOS Y MARISCOS", "sector": "Comercio al por menor de pescados y mariscos", "label": "Otro comercio", "color": "#6B7280", "icon": "🏬"}}, {"type": "Feature", "geometry": {"type": "Point", "coordinates": [-99.1907021, 19.34281496]}, "properties": {"nombre": "VENTA DE PIÑATAS", "sector": "Comercio al por menor de regalos", "label": "Otro comercio", "color": "#6B7280", "icon": "🏬"}}, {"type": "Feature", "geometry": {"type": "Point", "coordinates": [-99.1907021, 19.34281496]}, "properties": {"nombre": "VENTA DE PIÑATAS Y JUGUETES", "sector": "Comercio al por menor de dulces y materias primas para repostería", "label": "Dulcerías", "color": "#A855F7", "icon": "🍬"}}, {"type": "Feature", "geometry": {"type": "Point", "coordinates": [-99.1907021, 19.34281496]}, "properties": {"nombre": "VENTA DE PIÑATAS Y JUGUETES", "sector": "Comercio al por menor de regalos", "label": "Otro comercio", "color": "#6B7280", "icon": "🏬"}}, {"type": "Feature", "geometry": {"type": "Point", "coordinates": [-99.21320458, 19.30900026]}, "properties": {"nombre": "VENTA DE PISOS DE LUJO BASTET", "sector": "Comercio al por menor de alfombras, cortinas, tapices y similares", "label": "Otro comercio", "color": "#6B7280", "icon": "🏬"}}, {"type": "Feature", "geometry": {"type": "Point", "coordinates": [-99.1907021, 19.34281496]}, "properties": {"nombre": "VENTA DE PLANTAS Y FLORES NATURALES", "sector": "Comercio al por menor de plantas y flores naturales", "label": "Flores y plantas", "color": "#EC4899", "icon": "🌸"}}, {"type": "Feature", "geometry": {"type": "Point", "coordinates": [-99.1907021, 19.34281496]}, "properties": {"nombre": "VENTA DE PLANTAS Y FLORES NATURALES SIN NOMBRE", "sector": "Comercio al por menor de plantas y flores naturales", "label": "Flores y plantas", "color": "#EC4899", "icon": "🌸"}}, {"type": "Feature", "geometry": {"type": "Point", "coordinates": [-99.19069868, 19.34282564]}, "properties": {"nombre": "VENTA DE PRODUCTOS ESOTERICOS", "sector": "Comercio al por menor de otros artículos de uso personal", "label": "Otro comercio", "color": "#6B7280", "icon": "🏬"}}, {"type": "Feature", "geometry": {"type": "Point", "coordinates": [-99.1907021, 19.34281496]}, "properties": {"nombre": "VENTA DE PRODUCTOS ESOTERICOS Y HERBOLARIA", "sector": "Comercio al por menor de otros artículos de uso personal", "label": "Otro comercio", "color": "#6B7280", "icon": "🏬"}}, {"type": "Feature", "geometry": {"type": "Point", "coordinates": [-99.19069868, 19.34282564]}, "properties": {"nombre": "VENTA DE PRODUCTOS NATURISTAS", "sector": "Comercio al por menor de productos naturistas, medicamentos homeopáticos y de co", "label": "Otro comercio", "color": "#6B7280", "icon": "🏬"}}, {"type": "Feature", "geometry": {"type": "Point", "coordinates": [-99.1907021, 19.34281496]}, "properties": {"nombre": "VENTA DE RECUERDOS Y CANASTAS", "sector": "Comercio al por menor de cristalería, loza y utensilios de cocina", "label": "Otro comercio", "color": "#6B7280", "icon": "🏬"}}, {"type": "Feature", "geometry": {"type": "Point", "coordinates": [-99.19069868, 19.34282564]}, "properties": {"nombre": "VENTA DE REGALOS", "sector": "Comercio al por menor de dulces y materias primas para repostería", "label": "Dulcerías", "color": "#A855F7", "icon": "🍬"}}, {"type": "Feature", "geometry": {"type": "Point", "coordinates": [-99.1907021, 19.34281496]}, "properties": {"nombre": "VENTA DE REGALOS Y ENVOLTURAS SAN ANGEL", "sector": "Comercio al por menor de regalos", "label": "Otro comercio", "color": "#6B7280", "icon": "🏬"}}, {"type": "Feature", "geometry": {"type": "Point", "coordinates": [-99.1907021, 19.34281496]}, "properties": {"nombre": "VENTA DE ROPA", "sector": "Comercio al por menor de ropa, excepto de bebé y lencería", "label": "Otro comercio", "color": "#6B7280", "icon": "🏬"}}, {"type": "Feature", "geometry": {"type": "Point", "coordinates": [-99.19069868, 19.34282564]}, "properties": {"nombre": "VENTA DE ROPA", "sector": "Comercio al por menor de ropa, excepto de bebé y lencería", "label": "Otro comercio", "color": "#6B7280", "icon": "🏬"}}, {"type": "Feature", "geometry": {"type": "Point", "coordinates": [-99.1907021, 19.34281496]}, "properties": {"nombre": "VENTA DE ROPA DE BEBE", "sector": "Comercio al por menor de ropa de bebé", "label": "Otro comercio", "color": "#6B7280", "icon": "🏬"}}, {"type": "Feature", "geometry": {"type": "Point", "coordinates": [-99.1907021, 19.34281496]}, "properties": {"nombre": "VENTA DE ROPA DE BEBE", "sector": "Comercio al por menor de ropa de bebé", "label": "Otro comercio", "color": "#6B7280", "icon": "🏬"}}, {"type": "Feature", "geometry": {"type": "Point", "coordinates": [-99.1907021, 19.34281496]}, "properties": {"nombre": "VENTA DE ROPA DE DAMA", "sector": "Comercio al por menor de ropa, excepto de bebé y lencería", "label": "Otro comercio", "color": "#6B7280", "icon": "🏬"}}, {"type": "Feature", "geometry": {"type": "Point", "coordinates": [-99.1907021, 19.34281496]}, "properties": {"nombre": "VENTA DE ROPA DE NIÑOS", "sector": "Comercio al por menor de ropa, excepto de bebé y lencería", "label": "Otro comercio", "color": "#6B7280", "icon": "🏬"}}, {"type": "Feature", "geometry": {"type": "Point", "coordinates": [-99.19069868, 19.34282564]}, "properties": {"nombre": "VENTA DE ROPA HECHA", "sector": "Comercio al por menor de ropa, excepto de bebé y lencería", "label": "Otro comercio", "color": "#6B7280", "icon": "🏬"}}, {"type": "Feature", "geometry": {"type": "Point", "coordinates": [-99.19069868, 19.34282564]}, "properties": {"nombre": "VENTA DE ROPA Y JOYERIA", "sector": "Comercio al por menor de ropa, excepto de bebé y lencería", "label": "Otro comercio", "color": "#6B7280", "icon": "🏬"}}, {"type": "Feature", "geometry": {"type": "Point", "coordinates": [-99.1907021, 19.34281496]}, "properties": {"nombre": "VENTA DE SEMILLAS", "sector": "Comercio al por menor de semillas y granos alimenticios, especias y chiles secos", "label": "Otro comercio", "color": "#6B7280", "icon": "🏬"}}, {"type": "Feature", "geometry": {"type": "Point", "coordinates": [-99.19069868, 19.34282564]}, "properties": {"nombre": "VENTA DE SEMILLAS Y GRANOS ALIMENTICIOS ESPECIAS Y CHILES SE", "sector": "Comercio al por menor de semillas y granos alimenticios, especias y chiles secos", "label": "Otro comercio", "color": "#6B7280", "icon": "🏬"}}, {"type": "Feature", "geometry": {"type": "Point", "coordinates": [-99.19069868, 19.34282564]}, "properties": {"nombre": "VENTA DE SEMILLAS Y GRANOS ALIMENTICIOS ESPECIAS Y CHILES SE", "sector": "Comercio al por menor de semillas y granos alimenticios, especias y chiles secos", "label": "Otro comercio", "color": "#6B7280", "icon": "🏬"}}, {"type": "Feature", "geometry": {"type": "Point", "coordinates": [-99.21318825, 19.30906425]}, "properties": {"nombre": "VENTA DE TELAS PARA TAPICERIA", "sector": "Comercio al por menor de telas", "label": "Otro comercio", "color": "#6B7280", "icon": "🏬"}}, {"type": "Feature", "geometry": {"type": "Point", "coordinates": [-99.20263735, 19.38940912]}, "properties": {"nombre": "VENTA DE TORTILLAS DE HARINA LAU", "sector": "Comercio al por menor de otros alimentos", "label": "Otro comercio", "color": "#6B7280", "icon": "🏬"}}, {"type": "Feature", "geometry": {"type": "Point", "coordinates": [-99.19069868, 19.34282564]}, "properties": {"nombre": "VENTA DE UNIFORMES ESCOLARES", "sector": "Comercio al por menor de ropa, excepto de bebé y lencería", "label": "Otro comercio", "color": "#6B7280", "icon": "🏬"}}, {"type": "Feature", "geometry": {"type": "Point", "coordinates": [-99.1907021, 19.34281496]}, "properties": {"nombre": "VENTA DE VERDURAS FRESCAS", "sector": "Comercio al por menor de frutas y verduras frescas", "label": "Frutas y verduras", "color": "#10B981", "icon": "🥦"}}, {"type": "Feature", "geometry": {"type": "Point", "coordinates": [-99.20209224, 19.39014003]}, "properties": {"nombre": "VENTA EN FERRETERIAS Y TLAPALERIAS", "sector": "Comercio al por menor en ferreterías y tlapalerías", "label": "Otro comercio", "color": "#6B7280", "icon": "🏬"}}, {"type": "Feature", "geometry": {"type": "Point", "coordinates": [-99.1907021, 19.34281496]}, "properties": {"nombre": "VENTA ROPA PARA DAMA Y UNIFORMES VICKY", "sector": "Comercio al por menor de ropa, excepto de bebé y lencería", "label": "Otro comercio", "color": "#6B7280", "icon": "🏬"}}, {"type": "Feature", "geometry": {"type": "Point", "coordinates": [-99.19591314, 19.37521416]}, "properties": {"nombre": "VERDULERIA EL REY", "sector": "Comercio al por menor de frutas y verduras frescas", "label": "Frutas y verduras", "color": "#10B981", "icon": "🥦"}}, {"type": "Feature", "geometry": {"type": "Point", "coordinates": [-99.20761627, 19.37506844]}, "properties": {"nombre": "VERDULERIA LA ESQUINA", "sector": "Comercio al por menor de frutas y verduras frescas", "label": "Frutas y verduras", "color": "#10B981", "icon": "🥦"}}, {"type": "Feature", "geometry": {"type": "Point", "coordinates": [-99.1907021, 19.34281496]}, "properties": {"nombre": "VERDURAS FRESCAS", "sector": "Comercio al por menor de frutas y verduras frescas", "label": "Frutas y verduras", "color": "#10B981", "icon": "🥦"}}, {"type": "Feature", "geometry": {"type": "Point", "coordinates": [-99.19079213, 19.3418401]}, "properties": {"nombre": "VERTICHE", "sector": "Comercio al por menor de ropa, excepto de bebé y lencería", "label": "Otro comercio", "color": "#6B7280", "icon": "🏬"}}, {"type": "Feature", "geometry": {"type": "Point", "coordinates": [-99.17972395, 19.35077468]}, "properties": {"nombre": "VICTORINOX MEXICO", "sector": "Comercio al por menor de regalos", "label": "Otro comercio", "color": "#6B7280", "icon": "🏬"}}, {"type": "Feature", "geometry": {"type": "Point", "coordinates": [-99.18885467, 19.3574333]}, "properties": {"nombre": "VIDRIERIA GUADALUPE INN", "sector": "Comercio al por menor de vidrios y espejos", "label": "Otro comercio", "color": "#6B7280", "icon": "🏬"}}, {"type": "Feature", "geometry": {"type": "Point", "coordinates": [-99.2522366, 19.32924848]}, "properties": {"nombre": "VIDRIO ALUMINIO RODRIGUEZ", "sector": "Comercio al por menor de vidrios y espejos", "label": "Otro comercio", "color": "#6B7280", "icon": "🏬"}}, {"type": "Feature", "geometry": {"type": "Point", "coordinates": [-99.21413596, 19.38792316]}, "properties": {"nombre": "VIDRIO Y ALUMINIO LEON", "sector": "Comercio al por menor de vidrios y espejos", "label": "Otro comercio", "color": "#6B7280", "icon": "🏬"}}, {"type": "Feature", "geometry": {"type": "Point", "coordinates": [-99.19810041, 19.37273798]}, "properties": {"nombre": "VINOS Y LICORES DEL ROSAL", "sector": "Comercio al por menor de vinos y licores", "label": "Otro comercio", "color": "#6B7280", "icon": "🏬"}}, {"type": "Feature", "geometry": {"type": "Point", "coordinates": [-99.1907021, 19.34281496]}, "properties": {"nombre": "VISCERAS LA ESTRELLA", "sector": "Comercio al por menor de carnes rojas", "label": "Carnicerías", "color": "#EF4444", "icon": "🥩"}}, {"type": "Feature", "geometry": {"type": "Point", "coordinates": [-99.18862967, 19.34862948]}, "properties": {"nombre": "VOOY MEXICO", "sector": "Comercio al por menor en tiendas de abarrotes, ultramarinos y misceláneas", "label": "Abarrotes/Misceláneas", "color": "#F59E0B", "icon": "🛒"}}, {"type": "Feature", "geometry": {"type": "Point", "coordinates": [-99.20209224, 19.39014003]}, "properties": {"nombre": "ZAPATERIA DEC", "sector": "Comercio al por menor de calzado", "label": "Otro comercio", "color": "#6B7280", "icon": "🏬"}}, {"type": "Feature", "geometry": {"type": "Point", "coordinates": [-99.19079297, 19.34183769]}, "properties": {"nombre": "ZAPATERIA NADDAL", "sector": "Comercio al por menor de calzado", "label": "Otro comercio", "color": "#6B7280", "icon": "🏬"}}, {"type": "Feature", "geometry": {"type": "Point", "coordinates": [-99.1907021, 19.34281496]}, "properties": {"nombre": "ZAPATERIA NATALIA", "sector": "Comercio al por menor de calzado", "label": "Otro comercio", "color": "#6B7280", "icon": "🏬"}}, {"type": "Feature", "geometry": {"type": "Point", "coordinates": [-99.19076794, 19.34190978]}, "properties": {"nombre": "ZAPATERIAS VITAL", "sector": "Comercio al por menor de calzado", "label": "Otro comercio", "color": "#6B7280", "icon": "🏬"}}, {"type": "Feature", "geometry": {"type": "Point", "coordinates": [-99.18057565, 19.36183376]}, "properties": {"nombre": "ZGHARTA", "sector": "Comercio al por menor en tiendas de abarrotes, ultramarinos y misceláneas", "label": "Abarrotes/Misceláneas", "color": "#F59E0B", "icon": "🛒"}}, {"type": "Feature", "geometry": {"type": "Point", "coordinates": [-99.21367229, 19.30737212]}, "properties": {"nombre": "ZINGARA Z037 SANTA TERESA", "sector": "Comercio al por menor de artículos y aparatos deportivos", "label": "Otro comercio", "color": "#6B7280", "icon": "🏬"}}, {"type": "Feature", "geometry": {"type": "Point", "coordinates": [-99.18440525, 19.3572401]}, "properties": {"nombre": "ALTAPORT", "sector": "Otros servicios de intermediación para el transporte de carga", "label": "Otro comercio", "color": "#6B7280", "icon": "🏬"}}, {"type": "Feature", "geometry": {"type": "Point", "coordinates": [-99.20034917, 19.38782527]}, "properties": {"nombre": "AUTOBUSES DE TURISMO SALAMANCA", "sector": "Alquiler de autobuses con chofer", "label": "Otro comercio", "color": "#6B7280", "icon": "🏬"}}, {"type": "Feature", "geometry": {"type": "Point", "coordinates": [-99.19317887, 19.37484698]}, "properties": {"nombre": "BCC TRANSPORTES", "sector": "Servicios de mudanzas", "label": "Otro comercio", "color": "#6B7280", "icon": "🏬"}}, {"type": "Feature", "geometry": {"type": "Point", "coordinates": [-99.26233835, 19.36860134]}, "properties": {"nombre": "C H ROBINSON DE MEXICO", "sector": "Otros servicios de intermediación para el transporte de carga", "label": "Otro comercio", "color": "#6B7280", "icon": "🏬"}}, {"type": "Feature", "geometry": {"type": "Point", "coordinates": [-99.1850899, 19.35519942]}, "properties": {"nombre": "CANEGA", "sector": "Otros servicios de intermediación para el transporte de carga", "label": "Otro comercio", "color": "#6B7280", "icon": "🏬"}}, {"type": "Feature", "geometry": {"type": "Point", "coordinates": [-99.17897592, 19.35174166]}, "properties": {"nombre": "CENTRO EXPRESS DEL SUR", "sector": "Otro autotransporte foráneo de carga general", "label": "Otro comercio", "color": "#6B7280", "icon": "🏬"}}, {"type": "Feature", "geometry": {"type": "Point", "coordinates": [-99.19034877, 19.33919508]}, "properties": {"nombre": "D Y A CARGO FORWARDING", "sector": "Otros servicios de intermediación para el transporte de carga", "label": "Otro comercio", "color": "#6B7280", "icon": "🏬"}}, {"type": "Feature", "geometry": {"type": "Point", "coordinates": [-99.19979512, 19.3999005]}, "properties": {"nombre": "EDIFICIO DE SERVICIOS DE LA ESTACION DEL METRO OBSERVATORIO", "sector": "Transporte colectivo urbano y suburbano de pasajeros en metro", "label": "Otro comercio", "color": "#6B7280", "icon": "🏬"}}, {"type": "Feature", "geometry": {"type": "Point", "coordinates": [-99.17533209, 19.35424455]}, "properties": {"nombre": "ESTACION DEL METRO ESTACION DEL METRO VIVEROS", "sector": "Transporte colectivo urbano y suburbano de pasajeros en metro", "label": "Otro comercio", "color": "#6B7280", "icon": "🏬"}}, {"type": "Feature", "geometry": {"type": "Point", "coordinates": [-99.17589049, 19.35364328]}, "properties": {"nombre": "ESTACION DEL METRO VIVEROS", "sector": "Transporte colectivo urbano y suburbano de pasajeros en metro", "label": "Otro comercio", "color": "#6B7280", "icon": "🏬"}}, {"type": "Feature", "geometry": {"type": "Point", "coordinates": [-99.19085099, 19.34263625]}, "properties": {"nombre": "FLETES Y MUDANZAS AJUSCO", "sector": "Servicios de mudanzas", "label": "Otro comercio", "color": "#6B7280", "icon": "🏬"}}, {"type": "Feature", "geometry": {"type": "Point", "coordinates": [-99.19637514, 19.37391028]}, "properties": {"nombre": "GRUAS LINARES", "sector": "Servicios de grúa", "label": "Otro comercio", "color": "#6B7280", "icon": "🏬"}}, {"type": "Feature", "geometry": {"type": "Point", "coordinates": [-99.19035034, 19.33925149]}, "properties": {"nombre": "GRUPO FES CARGO", "sector": "Otros servicios de intermediación para el transporte de carga", "label": "Otro comercio", "color": "#6B7280", "icon": "🏬"}}, {"type": "Feature", "geometry": {"type": "Point", "coordinates": [-99.18625336, 19.3539863]}, "properties": {"nombre": "IMPORTADORA", "sector": "Otros servicios relacionados con el transporte", "label": "Otro comercio", "color": "#6B7280", "icon": "🏬"}}, {"type": "Feature", "geometry": {"type": "Point", "coordinates": [-99.18535071, 19.35440528]}, "properties": {"nombre": "MCLARENS AVIATION MEXICO", "sector": "Otros servicios relacionados con el transporte aéreo", "label": "Otro comercio", "color": "#6B7280", "icon": "🏬"}}, {"type": "Feature", "geometry": {"type": "Point", "coordinates": [-99.22725484, 19.336436]}, "properties": {"nombre": "MUNDANZAS BRUNO", "sector": "Servicios de mudanzas", "label": "Otro comercio", "color": "#6B7280", "icon": "🏬"}}, {"type": "Feature", "geometry": {"type": "Point", "coordinates": [-99.20117769, 19.4016445]}, "properties": {"nombre": "PAQUETERIA Y MENSAJERIA FLECHA AMARILLA", "sector": "Transporte colectivo foráneo de pasajeros de ruta fija", "label": "Otro comercio", "color": "#6B7280", "icon": "🏬"}}, {"type": "Feature", "geometry": {"type": "Point", "coordinates": [-99.18534585, 19.35360885]}, "properties": {"nombre": "SSA MEXICO", "sector": "Transporte turístico por agua", "label": "Otro comercio", "color": "#6B7280", "icon": "🏬"}}, {"type": "Feature", "geometry": {"type": "Point", "coordinates": [-99.18534862, 19.35360061]}, "properties": {"nombre": "SSA MEXICO", "sector": "Otros servicios de intermediación para el transporte de carga", "label": "Otro comercio", "color": "#6B7280", "icon": "🏬"}}, {"type": "Feature", "geometry": {"type": "Point", "coordinates": [-99.19237643, 19.37371536]}, "properties": {"nombre": "TARAHUMARA PIPELINE", "sector": "Transporte de gas natural por ductos", "label": "Otro comercio", "color": "#6B7280", "icon": "🏬"}}, {"type": "Feature", "geometry": {"type": "Point", "coordinates": [-99.19746288, 19.37959923]}, "properties": {"nombre": "TRANSPORTE ESPECIALIZADO DE PERSONAS TRESPER", "sector": "Transporte escolar y de personal", "label": "Otro comercio", "color": "#6B7280", "icon": "🏬"}}, {"type": "Feature", "geometry": {"type": "Point", "coordinates": [-99.22686578, 19.33651977]}, "properties": {"nombre": "TRANSPORTES Y MUDANZAS BRUNO LOPEZ", "sector": "Servicios de mudanzas", "label": "Otro comercio", "color": "#6B7280", "icon": "🏬"}}, {"type": "Feature", "geometry": {"type": "Point", "coordinates": [-99.18534281, 19.35361794]}, "properties": {"nombre": "VANGUARD LOGISTCS SERVICIES MEXICO", "sector": "Otros servicios de intermediación para el transporte de carga", "label": "Otro comercio", "color": "#6B7280", "icon": "🏬"}}, {"type": "Feature", "geometry": {"type": "Point", "coordinates": [-99.19044444, 19.33999541]}, "properties": {"nombre": "VENTANA SERRA", "sector": "Otros servicios de intermediación para el transporte de carga", "label": "Otro comercio", "color": "#6B7280", "icon": "🏬"}}, {"type": "Feature", "geometry": {"type": "Point", "coordinates": [-99.2022156, 19.34020642]}, "properties": {"nombre": "COM TIZAPAN CDMX", "sector": "Servicios postales", "label": "Otro comercio", "color": "#6B7280", "icon": "🏬"}}, {"type": "Feature", "geometry": {"type": "Point", "coordinates": [-99.18308053, 19.36067669]}, "properties": {"nombre": "MAIL BOXES ETC", "sector": "Servicios de mensajería y paquetería foránea", "label": "Otro comercio", "color": "#6B7280", "icon": "🏬"}}, {"type": "Feature", "geometry": {"type": "Point", "coordinates": [-99.18670392, 19.35500006]}, "properties": {"nombre": "ANIMAL DE LUZ FILMS", "sector": "Producción de películas", "label": "Otro comercio", "color": "#6B7280", "icon": "🏬"}}, {"type": "Feature", "geometry": {"type": "Point", "coordinates": [-99.22162023, 19.3771954]}, "properties": {"nombre": "BIBLIOTECA PRESIDENTES DE MEXICO", "sector": "Bibliotecas y archivos del sector público", "label": "Otro comercio", "color": "#6B7280", "icon": "🏬"}}, {"type": "Feature", "geometry": {"type": "Point", "coordinates": [-99.18862967, 19.34862948]}, "properties": {"nombre": "GLOBAL E CONTET", "sector": "Edición de software", "label": "Otro comercio", "color": "#6B7280", "icon": "🏬"}}, {"type": "Feature", "geometry": {"type": "Point", "coordinates": [-99.18535071, 19.35440528]}, "properties": {"nombre": "LATTICE TELECOMUNICACIONES PERSONALES", "sector": "Operadores de servicios de telecomunicaciones alámbricas", "label": "Otro comercio", "color": "#6B7280", "icon": "🏬"}}, {"type": "Feature", "geometry": {"type": "Point", "coordinates": [-99.20179198, 19.38819562]}, "properties": {"nombre": "LOMAS DE SANTA FÉ", "sector": "Operadores de servicios de telecomunicaciones alámbricas", "label": "Otro comercio", "color": "#6B7280", "icon": "🏬"}}, {"type": "Feature", "geometry": {"type": "Point", "coordinates": [-99.19108765, 19.34098873]}, "properties": {"nombre": "TDA CDMX SAN ANGEL", "sector": "Operadores de servicios de telecomunicaciones inalámbricas", "label": "Otro comercio", "color": "#6B7280", "icon": "🏬"}}, {"type": "Feature", "geometry": {"type": "Point", "coordinates": [-99.20140445, 19.38733598]}, "properties": {"nombre": "TELCEL DISTRIBUIDOR CRISTO REY", "sector": "Otros servicios de telecomunicaciones", "label": "Otro comercio", "color": "#6B7280", "icon": "🏬"}}, {"type": "Feature", "geometry": {"type": "Point", "coordinates": [-99.19045578, 19.33996594]}, "properties": {"nombre": "VENTURESSOFT DE MEXICO", "sector": "Edición de software", "label": "Otro comercio", "color": "#6B7280", "icon": "🏬"}}, {"type": "Feature", "geometry": {"type": "Point", "coordinates": [-99.1855955, 19.35282471]}, "properties": {"nombre": "AGROASEMEX", "sector": "Compañías de seguros", "label": "Otro comercio", "color": "#6B7280", "icon": "🏬"}}, {"type": "Feature", "geometry": {"type": "Point", "coordinates": [-99.18516117, 19.35496837]}, "properties": {"nombre": "ANA COMPAÑIA DE SEGUROS", "sector": "Compañías de seguros", "label": "Otro comercio", "color": "#6B7280", "icon": "🏬"}}, {"type": "Feature", "geometry": {"type": "Point", "coordinates": [-99.19518275, 19.3948027]}, "properties": {"nombre": "ASEGURA 2", "sector": "Agentes, ajustadores y gestores de seguros y fianzas", "label": "Otro comercio", "color": "#6B7280", "icon": "🏬"}}, {"type": "Feature", "geometry": {"type": "Point", "coordinates": [-99.18509032, 19.35519805]}, "properties": {"nombre": "ASEGURADORA ASERTA", "sector": "Compañías de seguros", "label": "Otro comercio", "color": "#6B7280", "icon": "🏬"}}, {"type": "Feature", "geometry": {"type": "Point", "coordinates": [-99.18509094, 19.35519604]}, "properties": {"nombre": "ASEGURADORA INSURGENTES", "sector": "Compañías afianzadoras", "label": "Otro comercio", "color": "#6B7280", "icon": "🏬"}}, {"type": "Feature", "geometry": {"type": "Point", "coordinates": [-99.19000392, 19.34114074]}, "properties": {"nombre": "ASSURANT DAÑOS MÉXICO", "sector": "Compañías de seguros", "label": "Otro comercio", "color": "#6B7280", "icon": "🏬"}}, {"type": "Feature", "geometry": {"type": "Point", "coordinates": [-99.19045608, 19.33996514]}, "properties": {"nombre": "ASSURANT VIDA MEXICO", "sector": "Compañías de seguros", "label": "Otro comercio", "color": "#6B7280", "icon": "🏬"}}, {"type": "Feature", "geometry": {"type": "Point", "coordinates": [-99.19000392, 19.34114074]}, "properties": {"nombre": "ASSURANT VIDA MÉXICO", "sector": "Compañías de seguros", "label": "Otro comercio", "color": "#6B7280", "icon": "🏬"}}, {"type": "Feature", "geometry": {"type": "Point", "coordinates": [-99.19006843, 19.35345823]}, "properties": {"nombre": "AXXA SEGUROS", "sector": "Agentes, ajustadores y gestores de seguros y fianzas", "label": "Otro comercio", "color": "#6B7280", "icon": "🏬"}}, {"type": "Feature", "geometry": {"type": "Point", "coordinates": [-99.18862967, 19.34862948]}, "properties": {"nombre": "BAKU ABAOGADOS", "sector": "Agentes, ajustadores y gestores de seguros y fianzas", "label": "Otro comercio", "color": "#6B7280", "icon": "🏬"}}, {"type": "Feature", "geometry": {"type": "Point", "coordinates": [-99.18543916, 19.35332618]}, "properties": {"nombre": "BANAMEX CF INS ENCANTO CDMX", "sector": "Banca múltiple", "label": "Otro comercio", "color": "#6B7280", "icon": "🏬"}}, {"type": "Feature", "geometry": {"type": "Point", "coordinates": [-99.18516688, 19.35494986]}, "properties": {"nombre": "BANCA MIFEL", "sector": "Banca múltiple", "label": "Otro comercio", "color": "#6B7280", "icon": "🏬"}}, {"type": "Feature", "geometry": {"type": "Point", "coordinates": [-99.21385244, 19.30740026]}, "properties": {"nombre": "BANCA MIFEL", "sector": "Banca múltiple", "label": "Otro comercio", "color": "#6B7280", "icon": "🏬"}}, {"type": "Feature", "geometry": {"type": "Point", "coordinates": [-99.20958761, 19.30659138]}, "properties": {"nombre": "BANCO ACTINVER", "sector": "Banca múltiple", "label": "Otro comercio", "color": "#6B7280", "icon": "🏬"}}, {"type": "Feature", "geometry": {"type": "Point", "coordinates": [-99.18303073, 19.36083308]}, "properties": {"nombre": "BANCO INBURSA SC 431", "sector": "Banca múltiple", "label": "Otro comercio", "color": "#6B7280", "icon": "🏬"}}, {"type": "Feature", "geometry": {"type": "Point", "coordinates": [-99.18554202, 19.3538424]}, "properties": {"nombre": "BANCO SANTANDER GUADALUPE INN", "sector": "Banca múltiple", "label": "Otro comercio", "color": "#6B7280", "icon": "🏬"}}, {"type": "Feature", "geometry": {"type": "Point", "coordinates": [-99.18445343, 19.3571007]}, "properties": {"nombre": "BANORTE INSURGENTES SUR", "sector": "Banca múltiple", "label": "Otro comercio", "color": "#6B7280", "icon": "🏬"}}, {"type": "Feature", "geometry": {"type": "Point", "coordinates": [-99.18964942, 19.34206241]}, "properties": {"nombre": "BANORTE INSURGENTES SUR SAN ANGEL", "sector": "Banca múltiple", "label": "Otro comercio", "color": "#6B7280", "icon": "🏬"}}, {"type": "Feature", "geometry": {"type": "Point", "coordinates": [-99.1860336, 19.35143441]}, "properties": {"nombre": "BBVA BANCOMER DF SAN ANGEL", "sector": "Banca múltiple", "label": "Otro comercio", "color": "#6B7280", "icon": "🏬"}}, {"type": "Feature", "geometry": {"type": "Point", "coordinates": [-99.2132864, 19.30954801]}, "properties": {"nombre": "CASA DE CAMBIO MONEY MONSTER", "sector": "Centros cambiarios", "label": "Otro comercio", "color": "#6B7280", "icon": "🏬"}}, {"type": "Feature", "geometry": {"type": "Point", "coordinates": [-99.18534665, 19.35360646]}, "properties": {"nombre": "COMPANIA DE SEGUROS", "sector": "Compañías de seguros", "label": "Otro comercio", "color": "#6B7280", "icon": "🏬"}}, {"type": "Feature", "geometry": {"type": "Point", "coordinates": [-99.18862967, 19.34862948]}, "properties": {"nombre": "CURRUS", "sector": "Agentes, ajustadores y gestores de seguros y fianzas", "label": "Otro comercio", "color": "#6B7280", "icon": "🏬"}}, {"type": "Feature", "geometry": {"type": "Point", "coordinates": [-99.18972048, 19.35629543]}, "properties": {"nombre": "DORAMA", "sector": "Compañías afianzadoras", "label": "Otro comercio", "color": "#6B7280", "icon": "🏬"}}, {"type": "Feature", "geometry": {"type": "Point", "coordinates": [-99.19007379, 19.35342365]}, "properties": {"nombre": "EFECTIAUTOS", "sector": "Casas de empeño", "label": "Otro comercio", "color": "#6B7280", "icon": "🏬"}}, {"type": "Feature", "geometry": {"type": "Point", "coordinates": [-99.19006761, 19.35346355]}, "properties": {"nombre": "EFECTIMUNDO REVOLUCION", "sector": "Casas de empeño", "label": "Otro comercio", "color": "#6B7280", "icon": "🏬"}}, {"type": "Feature", "geometry": {"type": "Point", "coordinates": [-99.18415561, 19.35816139]}, "properties": {"nombre": "ESRO DIVEX CENTRO CAMBIARIO", "sector": "Centros cambiarios", "label": "Otro comercio", "color": "#6B7280", "icon": "🏬"}}, {"type": "Feature", "geometry": {"type": "Point", "coordinates": [-99.18947676, 19.34828777]}, "properties": {"nombre": "FIANZAS AVANZA", "sector": "Compañías afianzadoras", "label": "Otro comercio", "color": "#6B7280", "icon": "🏬"}}, {"type": "Feature", "geometry": {"type": "Point", "coordinates": [-99.18972637, 19.34186235]}, "properties": {"nombre": "HSBC SUC CONSEJO DE LA JUDICATURA", "sector": "Banca múltiple", "label": "Otro comercio", "color": "#6B7280", "icon": "🏬"}}, {"type": "Feature", "geometry": {"type": "Point", "coordinates": [-99.18722303, 19.34868358]}, "properties": {"nombre": "HSBC SUC MCI EDIFICIO DE LA JUDICATURA", "sector": "Banca múltiple", "label": "Otro comercio", "color": "#6B7280", "icon": "🏬"}}, {"type": "Feature", "geometry": {"type": "Point", "coordinates": [-99.21387475, 19.30740472]}, "properties": {"nombre": "HSBC SUC PODER JUDICIAL FEDERAL", "sector": "Banca múltiple", "label": "Otro comercio", "color": "#6B7280", "icon": "🏬"}}, {"type": "Feature", "geometry": {"type": "Point", "coordinates": [-99.21390917, 19.3074116]}, "properties": {"nombre": "HSBC SUC SANTA TERESA", "sector": "Banca múltiple", "label": "Otro comercio", "color": "#6B7280", "icon": "🏬"}}, {"type": "Feature", "geometry": {"type": "Point", "coordinates": [-99.18862967, 19.34862948]}, "properties": {"nombre": "JOSE ABRAHAM Y VILLASEÑOR ABO", "sector": "Agentes, ajustadores y gestores de seguros y fianzas", "label": "Otro comercio", "color": "#6B7280", "icon": "🏬"}}, {"type": "Feature", "geometry": {"type": "Point", "coordinates": [-99.18664873, 19.34922538]}, "properties": {"nombre": "KUYUM SAPI SA DE CV", "sector": "Otras instituciones de intermediación crediticia y financiera no bursátil", "label": "Otro comercio", "color": "#6B7280", "icon": "🏬"}}, {"type": "Feature", "geometry": {"type": "Point", "coordinates": [-99.19044713, 19.33998841]}, "properties": {"nombre": "MAPFRE MEXICO", "sector": "Compañías de seguros", "label": "Otro comercio", "color": "#6B7280", "icon": "🏬"}}, {"type": "Feature", "geometry": {"type": "Point", "coordinates": [-99.18535071, 19.35440528]}, "properties": {"nombre": "MCLARENS MEXICO", "sector": "Agentes, ajustadores y gestores de seguros y fianzas", "label": "Otro comercio", "color": "#6B7280", "icon": "🏬"}}, {"type": "Feature", "geometry": {"type": "Point", "coordinates": [-99.18416119, 19.35814231]}, "properties": {"nombre": "MERIT REINTERMEDIARIO DE REASEGURO", "sector": "Agentes, ajustadores y gestores de seguros y fianzas", "label": "Otro comercio", "color": "#6B7280", "icon": "🏬"}}, {"type": "Feature", "geometry": {"type": "Point", "coordinates": [-99.18862967, 19.34862948]}, "properties": {"nombre": "MEXBRIT MEXICO", "sector": "Agentes, ajustadores y gestores de seguros y fianzas", "label": "Otro comercio", "color": "#6B7280", "icon": "🏬"}}, {"type": "Feature", "geometry": {"type": "Point", "coordinates": [-99.18862967, 19.34862948]}, "properties": {"nombre": "MEXBRIT MEXICO", "sector": "Agentes, ajustadores y gestores de seguros y fianzas", "label": "Otro comercio", "color": "#6B7280", "icon": "🏬"}}, {"type": "Feature", "geometry": {"type": "Point", "coordinates": [-99.20525106, 19.37624493]}, "properties": {"nombre": "MONTE PIO LUZ SAVINON", "sector": "Montepíos", "label": "Otro comercio", "color": "#6B7280", "icon": "🏬"}}, {"type": "Feature", "geometry": {"type": "Point", "coordinates": [-99.18979372, 19.36294504]}, "properties": {"nombre": "MONTE PIO LUZ SAVINON", "sector": "Montepíos", "label": "Otro comercio", "color": "#6B7280", "icon": "🏬"}}, {"type": "Feature", "geometry": {"type": "Point", "coordinates": [-99.18570831, 19.35246284]}, "properties": {"nombre": "NR FINANCE MEXICO", "sector": "Sociedades financieras de objeto múltiple", "label": "Otro comercio", "color": "#6B7280", "icon": "🏬"}}, {"type": "Feature", "geometry": {"type": "Point", "coordinates": [-99.18748445, 19.34801063]}, "properties": {"nombre": "OSN CAPITAL", "sector": "Asesoría en inversiones", "label": "Otro comercio", "color": "#6B7280", "icon": "🏬"}}, {"type": "Feature", "geometry": {"type": "Point", "coordinates": [-99.18852028, 19.36285528]}, "properties": {"nombre": "PRENDA MEX", "sector": "Casas de empeño", "label": "Otro comercio", "color": "#6B7280", "icon": "🏬"}}, {"type": "Feature", "geometry": {"type": "Point", "coordinates": [-99.18847728, 19.36285533]}, "properties": {"nombre": "PRENDA MEX SUCURSAL 1997 CDMX", "sector": "Casas de empeño", "label": "Otro comercio", "color": "#6B7280", "icon": "🏬"}}, {"type": "Feature", "geometry": {"type": "Point", "coordinates": [-99.18973784, 19.35615665]}, "properties": {"nombre": "SCOTIABANK GUADALUPE INN", "sector": "Banca múltiple", "label": "Otro comercio", "color": "#6B7280", "icon": "🏬"}}, {"type": "Feature", "geometry": {"type": "Point", "coordinates": [-99.21383539, 19.30739738]}, "properties": {"nombre": "SCOTIABANK SANTA TERESA", "sector": "Banca múltiple", "label": "Otro comercio", "color": "#6B7280", "icon": "🏬"}}, {"type": "Feature", "geometry": {"type": "Point", "coordinates": [-99.18399929, 19.35138871]}, "properties": {"nombre": "SEGUROS ARGOS", "sector": "Compañías de seguros", "label": "Otro comercio", "color": "#6B7280", "icon": "🏬"}}, {"type": "Feature", "geometry": {"type": "Point", "coordinates": [-99.19045251, 19.33997443]}, "properties": {"nombre": "SEGUROS ATLAS", "sector": "Compañías de seguros", "label": "Otro comercio", "color": "#6B7280", "icon": "🏬"}}, {"type": "Feature", "geometry": {"type": "Point", "coordinates": [-99.18506288, 19.35528706]}, "properties": {"nombre": "SEGUROS CENTAURO SALUD ESPECIALIZADA", "sector": "Compañías de seguros", "label": "Otro comercio", "color": "#6B7280", "icon": "🏬"}}, {"type": "Feature", "geometry": {"type": "Point", "coordinates": [-99.18505763, 19.35530409]}, "properties": {"nombre": "SUMMIT REINSURANCE BROKERS INTERMEDIARIO DE REASEGURO", "sector": "Agentes, ajustadores y gestores de seguros y fianzas", "label": "Otro comercio", "color": "#6B7280", "icon": "🏬"}}, {"type": "Feature", "geometry": {"type": "Point", "coordinates": [-99.1853418, 19.35362096]}, "properties": {"nombre": "SWISS RE CORPORATE SOLUTIONS MÉXICO SEGUROS", "sector": "Compañías de seguros", "label": "Otro comercio", "color": "#6B7280", "icon": "🏬"}}, {"type": "Feature", "geometry": {"type": "Point", "coordinates": [-99.18534294, 19.35361755]}, "properties": {"nombre": "UNION DE CREDITO PARA LA CONTADURIA PUBLICA", "sector": "Uniones de crédito", "label": "Otro comercio", "color": "#6B7280", "icon": "🏬"}}, {"type": "Feature", "geometry": {"type": "Point", "coordinates": [-99.19045608, 19.33996514]}, "properties": {"nombre": "VIRGINIA SURETY SEGUROS DE MEXICO", "sector": "Compañías de seguros", "label": "Otro comercio", "color": "#6B7280", "icon": "🏬"}}, {"type": "Feature", "geometry": {"type": "Point", "coordinates": [-99.19070109, 19.34281813]}, "properties": {"nombre": "ADMINISTRACION DEL MERCADO MELCHOR MUZQUIZ 43", "sector": "Servicios de administración de bienes raíces", "label": "Otro comercio", "color": "#6B7280", "icon": "🏬"}}, {"type": "Feature", "geometry": {"type": "Point", "coordinates": [-99.18967481, 19.35666038]}, "properties": {"nombre": "ALENCA AVALUOS", "sector": "Otros servicios relacionados con los servicios inmobiliarios", "label": "Otro comercio", "color": "#6B7280", "icon": "🏬"}}, {"type": "Feature", "geometry": {"type": "Point", "coordinates": [-99.2067264, 19.37321232]}, "properties": {"nombre": "ALQUILADORA BRAVOS", "sector": "Alquiler de mesas, sillas, vajillas y similares", "label": "Otro comercio", "color": "#6B7280", "icon": "🏬"}}, {"type": "Feature", "geometry": {"type": "Point", "coordinates": [-99.21251563, 19.38847479]}, "properties": {"nombre": "ALQUILADORA YEIMI", "sector": "Alquiler de mesas, sillas, vajillas y similares", "label": "Otro comercio", "color": "#6B7280", "icon": "🏬"}}, {"type": "Feature", "geometry": {"type": "Point", "coordinates": [-99.19111005, 19.3620237]}, "properties": {"nombre": "ALQUILER SIN INTERMEDIACIÓN DE OFICINAS Y LOCALES COMERCIALE", "sector": "Alquiler sin intermediación de oficinas y locales comerciales", "label": "Otro comercio", "color": "#6B7280", "icon": "🏬"}}, {"type": "Feature", "geometry": {"type": "Point", "coordinates": [-99.18456862, 19.35676753]}, "properties": {"nombre": "APP HOSPITAL BAHIA DE BANDERAS", "sector": "Servicios de administración de bienes raíces", "label": "Otro comercio", "color": "#6B7280", "icon": "🏬"}}, {"type": "Feature", "geometry": {"type": "Point", "coordinates": [-99.20220394, 19.39026914]}, "properties": {"nombre": "ARQUIREY BIENES RAICES", "sector": "Alquiler sin intermediación de oficinas y locales comerciales", "label": "Otro comercio", "color": "#6B7280", "icon": "🏬"}}, {"type": "Feature", "geometry": {"type": "Point", "coordinates": [-99.20125325, 19.38908266]}, "properties": {"nombre": "BAP MAQUINARIA", "sector": "Alquiler de maquinaria y equipo para construcción, minería y actividades foresta", "label": "Otro comercio", "color": "#6B7280", "icon": "🏬"}}, {"type": "Feature", "geometry": {"type": "Point", "coordinates": [-99.17897247, 19.35174218]}, "properties": {"nombre": "BONOT", "sector": "Inmobiliarias y corredores de bienes raíces", "label": "Otro comercio", "color": "#6B7280", "icon": "🏬"}}, {"type": "Feature", "geometry": {"type": "Point", "coordinates": [-99.1931801, 19.37333752]}, "properties": {"nombre": "CASA FRANK", "sector": "Alquiler de prendas de vestir", "label": "Otro comercio", "color": "#6B7280", "icon": "🏬"}}, {"type": "Feature", "geometry": {"type": "Point", "coordinates": [-99.1792679, 19.36289255]}, "properties": {"nombre": "CENTURY 21 PLATINUM", "sector": "Inmobiliarias y corredores de bienes raíces", "label": "Otro comercio", "color": "#6B7280", "icon": "🏬"}}, {"type": "Feature", "geometry": {"type": "Point", "coordinates": [-99.18456649, 19.35677368]}, "properties": {"nombre": "CONSTRUCTORA RAMHNOS", "sector": "Inmobiliarias y corredores de bienes raíces", "label": "Otro comercio", "color": "#6B7280", "icon": "🏬"}}, {"type": "Feature", "geometry": {"type": "Point", "coordinates": [-99.19034877, 19.33919508]}, "properties": {"nombre": "CORTINA BIENES RAICES", "sector": "Servicios de administración de bienes raíces", "label": "Otro comercio", "color": "#6B7280", "icon": "🏬"}}, {"type": "Feature", "geometry": {"type": "Point", "coordinates": [-99.22242815, 19.3720642]}, "properties": {"nombre": "CREACIONES LUCY RENTA DE DIZFRACES PARA TODA OCASIOJ", "sector": "Alquiler de prendas de vestir", "label": "Otro comercio", "color": "#6B7280", "icon": "🏬"}}, {"type": "Feature", "geometry": {"type": "Point", "coordinates": [-99.1857938, 19.3521886]}, "properties": {"nombre": "FERNET CONSTRUCCIONES", "sector": "Alquiler sin intermediación de oficinas y locales comerciales", "label": "Otro comercio", "color": "#6B7280", "icon": "🏬"}}, {"type": "Feature", "geometry": {"type": "Point", "coordinates": [-99.18862967, 19.34862948]}, "properties": {"nombre": "FIRST LEASE", "sector": "Alquiler de automóviles sin chofer", "label": "Otro comercio", "color": "#6B7280", "icon": "🏬"}}, {"type": "Feature", "geometry": {"type": "Point", "coordinates": [-99.18542396, 19.35418975]}, "properties": {"nombre": "GRUPO INMOBILIARIO AFE", "sector": "Inmobiliarias y corredores de bienes raíces", "label": "Otro comercio", "color": "#6B7280", "icon": "🏬"}}, {"type": "Feature", "geometry": {"type": "Point", "coordinates": [-99.18514249, 19.35421509]}, "properties": {"nombre": "GRUPO SURGE", "sector": "Alquiler sin intermediación de oficinas y locales comerciales", "label": "Otro comercio", "color": "#6B7280", "icon": "🏬"}}, {"type": "Feature", "geometry": {"type": "Point", "coordinates": [-99.19034668, 19.33918047]}, "properties": {"nombre": "GTC CONSTRUCCIONES Y EQUIPOS", "sector": "Alquiler de maquinaria y equipo para construcción, minería y actividades foresta", "label": "Otro comercio", "color": "#6B7280", "icon": "🏬"}}, {"type": "Feature", "geometry": {"type": "Point", "coordinates": [-99.18933092, 19.36274321]}, "properties": {"nombre": "INMOBILIARIA JASU", "sector": "Inmobiliarias y corredores de bienes raíces", "label": "Otro comercio", "color": "#6B7280", "icon": "🏬"}}, {"type": "Feature", "geometry": {"type": "Point", "coordinates": [-99.21338793, 19.35642047]}, "properties": {"nombre": "INMOBILIARIA OSIARAB", "sector": "Inmobiliarias y corredores de bienes raíces", "label": "Otro comercio", "color": "#6B7280", "icon": "🏬"}}, {"type": "Feature", "geometry": {"type": "Point", "coordinates": [-99.17894435, 19.35071636]}, "properties": {"nombre": "INMOBILIARIA TRES MIL", "sector": "Inmobiliarias y corredores de bienes raíces", "label": "Otro comercio", "color": "#6B7280", "icon": "🏬"}}, {"type": "Feature", "geometry": {"type": "Point", "coordinates": [-99.21338793, 19.35642047]}, "properties": {"nombre": "INMOBILIARIA TREXX PATRIMONIO", "sector": "Alquiler sin intermediación de viviendas amuebladas", "label": "Otro comercio", "color": "#6B7280", "icon": "🏬"}}, {"type": "Feature", "geometry": {"type": "Point", "coordinates": [-99.1853451, 19.35442179]}, "properties": {"nombre": "INMOBILIARIA XALA", "sector": "Inmobiliarias y corredores de bienes raíces", "label": "Otro comercio", "color": "#6B7280", "icon": "🏬"}}, {"type": "Feature", "geometry": {"type": "Point", "coordinates": [-99.18967481, 19.35666038]}, "properties": {"nombre": "INMOBILIARIS ESWU", "sector": "Inmobiliarias y corredores de bienes raíces", "label": "Otro comercio", "color": "#6B7280", "icon": "🏬"}}, {"type": "Feature", "geometry": {"type": "Point", "coordinates": [-99.19050201, 19.3398457]}, "properties": {"nombre": "IOS OFFICES DE MEXICO TORRE MURANO", "sector": "Alquiler sin intermediación de oficinas y locales comerciales", "label": "Otro comercio", "color": "#6B7280", "icon": "🏬"}}, {"type": "Feature", "geometry": {"type": "Point", "coordinates": [-99.19002169, 19.36260747]}, "properties": {"nombre": "ISAVINI", "sector": "Alquiler de automóviles sin chofer", "label": "Otro comercio", "color": "#6B7280", "icon": "🏬"}}, {"type": "Feature", "geometry": {"type": "Point", "coordinates": [-99.18316319, 19.36041705]}, "properties": {"nombre": "LAGATUS", "sector": "Inmobiliarias y corredores de bienes raíces", "label": "Otro comercio", "color": "#6B7280", "icon": "🏬"}}, {"type": "Feature", "geometry": {"type": "Point", "coordinates": [-99.19034877, 19.33919508]}, "properties": {"nombre": "LEISURE PARTNERS", "sector": "Otros servicios relacionados con los servicios inmobiliarios", "label": "Otro comercio", "color": "#6B7280", "icon": "🏬"}}, {"type": "Feature", "geometry": {"type": "Point", "coordinates": [-99.19034598, 19.33917559]}, "properties": {"nombre": "LOMBARDO CONSTRUCCIONES", "sector": "Inmobiliarias y corredores de bienes raíces", "label": "Otro comercio", "color": "#6B7280", "icon": "🏬"}}, {"type": "Feature", "geometry": {"type": "Point", "coordinates": [-99.18896959, 19.35635684]}, "properties": {"nombre": "NOOOX", "sector": "Alquiler sin intermediación de oficinas y locales comerciales", "label": "Otro comercio", "color": "#6B7280", "icon": "🏬"}}, {"type": "Feature", "geometry": {"type": "Point", "coordinates": [-99.19034877, 19.33919508]}, "properties": {"nombre": "OFICINA GRUPO SANTENDERICO", "sector": "Inmobiliarias y corredores de bienes raíces", "label": "Otro comercio", "color": "#6B7280", "icon": "🏬"}}, {"type": "Feature", "geometry": {"type": "Point", "coordinates": [-99.18516816, 19.35494574]}, "properties": {"nombre": "OFICINAS IBS", "sector": "Alquiler sin intermediación de oficinas y locales comerciales", "label": "Otro comercio", "color": "#6B7280", "icon": "🏬"}}, {"type": "Feature", "geometry": {"type": "Point", "coordinates": [-99.18527307, 19.35382584]}, "properties": {"nombre": "OPERADORA DE ARRENDAMIENTO PURO", "sector": "Alquiler de maquinaria y equipo comercial y de servicios", "label": "Otro comercio", "color": "#6B7280", "icon": "🏬"}}, {"type": "Feature", "geometry": {"type": "Point", "coordinates": [-99.21251563, 19.38847479]}, "properties": {"nombre": "SALON DE FIESTAS ALQUILADORA HUGOS", "sector": "Alquiler de mesas, sillas, vajillas y similares", "label": "Otro comercio", "color": "#6B7280", "icon": "🏬"}}, {"type": "Feature", "geometry": {"type": "Point", "coordinates": [-99.2010222, 19.3887516]}, "properties": {"nombre": "SALON DE FIESTAS CASA ANGEL", "sector": "Alquiler sin intermediación de salones para fiestas y convenciones", "label": "Otro comercio", "color": "#6B7280", "icon": "🏬"}}, {"type": "Feature", "geometry": {"type": "Point", "coordinates": [-99.20248967, 19.39013776]}, "properties": {"nombre": "SALON DE FIESTAS SUEÑO MAGICO", "sector": "Alquiler sin intermediación de salones para fiestas y convenciones", "label": "Otro comercio", "color": "#6B7280", "icon": "🏬"}}, {"type": "Feature", "geometry": {"type": "Point", "coordinates": [-99.20948124, 19.37358665]}, "properties": {"nombre": "SALON DE FIESTAS YAJI", "sector": "Alquiler sin intermediación de salones para fiestas y convenciones", "label": "Otro comercio", "color": "#6B7280", "icon": "🏬"}}, {"type": "Feature", "geometry": {"type": "Point", "coordinates": [-99.19936106, 19.37292374]}, "properties": {"nombre": "TECNO CASA", "sector": "Alquiler sin intermediación de viviendas amuebladas", "label": "Otro comercio", "color": "#6B7280", "icon": "🏬"}}, {"type": "Feature", "geometry": {"type": "Point", "coordinates": [-99.18473761, 19.35627865]}, "properties": {"nombre": "U-STORAGE INSURGENTES", "sector": "Alquiler sin intermediación de otros bienes raíces", "label": "Otro comercio", "color": "#6B7280", "icon": "🏬"}}, {"type": "Feature", "geometry": {"type": "Point", "coordinates": [-99.18862967, 19.34862948]}, "properties": {"nombre": "ACOP", "sector": "Bufetes jurídicos", "label": "Otro comercio", "color": "#6B7280", "icon": "🏬"}}, {"type": "Feature", "geometry": {"type": "Point", "coordinates": [-99.1809525, 19.34923175]}, "properties": {"nombre": "AGENCIA DE PUBLICIDAD", "sector": "Servicios de rotulación y otros servicios de publicidad", "label": "Otro comercio", "color": "#6B7280", "icon": "🏬"}}, {"type": "Feature", "geometry": {"type": "Point", "coordinates": [-99.19329678, 19.37383478]}, "properties": {"nombre": "AGENCIA MITOTE", "sector": "Agencias de publicidad", "label": "Otro comercio", "color": "#6B7280", "icon": "🏬"}}, {"type": "Feature", "geometry": {"type": "Point", "coordinates": [-99.18510184, 19.35516072]}, "properties": {"nombre": "AGG ABOGADOS", "sector": "Bufetes jurídicos", "label": "Otro comercio", "color": "#6B7280", "icon": "🏬"}}, {"type": "Feature", "geometry": {"type": "Point", "coordinates": [-99.19034877, 19.33919508]}, "properties": {"nombre": "AISPURO MARTINEZ ARQUITECTOS", "sector": "Servicios de arquitectura", "label": "Otro comercio", "color": "#6B7280", "icon": "🏬"}}, {"type": "Feature", "geometry": {"type": "Point", "coordinates": [-99.18761398, 19.35527514]}, "properties": {"nombre": "ALESI ARQUITECTOS", "sector": "Servicios de arquitectura", "label": "Otro comercio", "color": "#6B7280", "icon": "🏬"}}, {"type": "Feature", "geometry": {"type": "Point", "coordinates": [-99.18761398, 19.35527514]}, "properties": {"nombre": "ALESI CONSTRUCIONES", "sector": "Servicios de ingeniería", "label": "Otro comercio", "color": "#6B7280", "icon": "🏬"}}, {"type": "Feature", "geometry": {"type": "Point", "coordinates": [-99.19034877, 19.33919508]}, "properties": {"nombre": "ALTERNATE POWERING", "sector": "Servicios de ingeniería", "label": "Otro comercio", "color": "#6B7280", "icon": "🏬"}}, {"type": "Feature", "geometry": {"type": "Point", "coordinates": [-99.18678163, 19.35467529]}, "properties": {"nombre": "ARENAS LARA Y ASOCIADOS", "sector": "Bufetes jurídicos", "label": "Otro comercio", "color": "#6B7280", "icon": "🏬"}}, {"type": "Feature", "geometry": {"type": "Point", "coordinates": [-99.18761398, 19.35527514]}, "properties": {"nombre": "ARKADIA SOLUCIONES", "sector": "Servicios de diseño de sistemas de cómputo y servicios relacionados", "label": "Otro comercio", "color": "#6B7280", "icon": "🏬"}}, {"type": "Feature", "geometry": {"type": "Point", "coordinates": [-99.18567436, 19.35257176]}, "properties": {"nombre": "ARROYO WEBSTER ABOGADOS", "sector": "Bufetes jurídicos", "label": "Otro comercio", "color": "#6B7280", "icon": "🏬"}}, {"type": "Feature", "geometry": {"type": "Point", "coordinates": [-99.18452828, 19.35688421]}, "properties": {"nombre": "ARTE DISEÑO Y ARQUITECTURA VACAROM", "sector": "Servicios de arquitectura", "label": "Otro comercio", "color": "#6B7280", "icon": "🏬"}}, {"type": "Feature", "geometry": {"type": "Point", "coordinates": [-99.17972639, 19.3507869]}, "properties": {"nombre": "ASAE CONSULTORES", "sector": "Servicios de diseño de sistemas de cómputo y servicios relacionados", "label": "Otro comercio", "color": "#6B7280", "icon": "🏬"}}, {"type": "Feature", "geometry": {"type": "Point", "coordinates": [-99.1851455, 19.35420613]}, "properties": {"nombre": "BARRERA BETANCOURT ABOGADOS", "sector": "Bufetes jurídicos", "label": "Otro comercio", "color": "#6B7280", "icon": "🏬"}}, {"type": "Feature", "geometry": {"type": "Point", "coordinates": [-99.18721191, 19.34871222]}, "properties": {"nombre": "BOTIQUE DE ARQUITECTURA", "sector": "Servicios de diseño de sistemas de cómputo y servicios relacionados", "label": "Otro comercio", "color": "#6B7280", "icon": "🏬"}}, {"type": "Feature", "geometry": {"type": "Point", "coordinates": [-99.19765697, 19.37295851]}, "properties": {"nombre": "BUFETE JURUDICO Y CONTABLE", "sector": "Bufetes jurídicos", "label": "Otro comercio", "color": "#6B7280", "icon": "🏬"}}, {"type": "Feature", "geometry": {"type": "Point", "coordinates": [-99.18531328, 19.35370598]}, "properties": {"nombre": "BUFETES JURÍDICOS SIN NOMBRE", "sector": "Bufetes jurídicos", "label": "Otro comercio", "color": "#6B7280", "icon": "🏬"}}, {"type": "Feature", "geometry": {"type": "Point", "coordinates": [-99.19034877, 19.33919508]}, "properties": {"nombre": "BUFETES JURÍDICOS SIN NOMBRE", "sector": "Bufetes jurídicos", "label": "Otro comercio", "color": "#6B7280", "icon": "🏬"}}, {"type": "Feature", "geometry": {"type": "Point", "coordinates": [-99.18509341, 19.35518806]}, "properties": {"nombre": "CALLEJA ANTUNEZ Y ASOCIADOS", "sector": "Servicios de contabilidad y auditoría", "label": "Otro comercio", "color": "#6B7280", "icon": "🏬"}}, {"type": "Feature", "geometry": {"type": "Point", "coordinates": [-99.19236853, 19.37376362]}, "properties": {"nombre": "CALMANANI DISEÑO Y CONSTRUCCION", "sector": "Diseño y decoración de interiores", "label": "Otro comercio", "color": "#6B7280", "icon": "🏬"}}, {"type": "Feature", "geometry": {"type": "Point", "coordinates": [-99.18504647, 19.35534025]}, "properties": {"nombre": "CAPITAL SIGNAL DE MEXICO", "sector": "Servicios de levantamiento geofísico", "label": "Otro comercio", "color": "#6B7280", "icon": "🏬"}}, {"type": "Feature", "geometry": {"type": "Point", "coordinates": [-99.18839781, 19.35635541]}, "properties": {"nombre": "CENTRO DE ESTUDIOS SUPERIORES EN CONTRATACIONES PUBLICAS", "sector": "Servicios de consultoría en administración", "label": "Otro comercio", "color": "#6B7280", "icon": "🏬"}}, {"type": "Feature", "geometry": {"type": "Point", "coordinates": [-99.18664873, 19.34922538]}, "properties": {"nombre": "CENTRO DE EVALUACION PARA INTERMEDIARIOS", "sector": "Servicios de consultoría en administración", "label": "Otro comercio", "color": "#6B7280", "icon": "🏬"}}, {"type": "Feature", "geometry": {"type": "Point", "coordinates": [-99.18862967, 19.34862948]}, "properties": {"nombre": "CENTRO DE NEGOCIOS CRACOVIA", "sector": "Servicios de consultoría en administración", "label": "Otro comercio", "color": "#6B7280", "icon": "🏬"}}, {"type": "Feature", "geometry": {"type": "Point", "coordinates": [-99.21957227, 19.36955769]}, "properties": {"nombre": "CLINICA INTEGRAL VETERINARIA", "sector": "Servicios veterinarios para mascotas prestados por el sector privado", "label": "Otro comercio", "color": "#6B7280", "icon": "🏬"}}, {"type": "Feature", "geometry": {"type": "Point", "coordinates": [-99.20916446, 19.3728255]}, "properties": {"nombre": "CLINICA VETERINARIA DR DOLITTLE", "sector": "Servicios veterinarios para mascotas prestados por el sector privado", "label": "Otro comercio", "color": "#6B7280", "icon": "🏬"}}, {"type": "Feature", "geometry": {"type": "Point", "coordinates": [-99.19376053, 19.3931256]}, "properties": {"nombre": "CLINICA VETERINARIA ESVET", "sector": "Servicios veterinarios para mascotas prestados por el sector privado", "label": "Otro comercio", "color": "#6B7280", "icon": "🏬"}}, {"type": "Feature", "geometry": {"type": "Point", "coordinates": [-99.19396171, 19.37433818]}, "properties": {"nombre": "CLINICA VETERINARIA MEDERI VET", "sector": "Servicios veterinarios para mascotas prestados por el sector privado", "label": "Otro comercio", "color": "#6B7280", "icon": "🏬"}}, {"type": "Feature", "geometry": {"type": "Point", "coordinates": [-99.21317899, 19.30910053]}, "properties": {"nombre": "CLINICA VETERINARIA VET Y DOG", "sector": "Servicios veterinarios para mascotas prestados por el sector privado", "label": "Otro comercio", "color": "#6B7280", "icon": "🏬"}}, {"type": "Feature", "geometry": {"type": "Point", "coordinates": [-99.18862967, 19.34862948]}, "properties": {"nombre": "COMUNICACION DIGITAL", "sector": "Servicios de consultoría en administración", "label": "Otro comercio", "color": "#6B7280", "icon": "🏬"}}, {"type": "Feature", "geometry": {"type": "Point", "coordinates": [-99.18862967, 19.34862948]}, "properties": {"nombre": "CONSENSUS ABOGADOS", "sector": "Bufetes jurídicos", "label": "Otro comercio", "color": "#6B7280", "icon": "🏬"}}, {"type": "Feature", "geometry": {"type": "Point", "coordinates": [-99.18761398, 19.35527514]}, "properties": {"nombre": "CONSTRUCTORA MANACAR", "sector": "Servicios de ingeniería", "label": "Otro comercio", "color": "#6B7280", "icon": "🏬"}}, {"type": "Feature", "geometry": {"type": "Point", "coordinates": [-99.20403301, 19.37481719]}, "properties": {"nombre": "CONSULTORIO VETERINARIO", "sector": "Servicios veterinarios para mascotas prestados por el sector privado", "label": "Otro comercio", "color": "#6B7280", "icon": "🏬"}}, {"type": "Feature", "geometry": {"type": "Point", "coordinates": [-99.19489025, 19.3954322]}, "properties": {"nombre": "CONSULTORIO VETERINARIO DOGGIE STYLE", "sector": "Servicios veterinarios para mascotas prestados por el sector privado", "label": "Otro comercio", "color": "#6B7280", "icon": "🏬"}}, {"type": "Feature", "geometry": {"type": "Point", "coordinates": [-99.18862967, 19.34862948]}, "properties": {"nombre": "CONTROL DE RECURSOS EFICAL Y OPTIMO", "sector": "Servicios de ingeniería", "label": "Otro comercio", "color": "#6B7280", "icon": "🏬"}}, {"type": "Feature", "geometry": {"type": "Point", "coordinates": [-99.18761398, 19.35527514]}, "properties": {"nombre": "CORREDURIA PUBLICA 46", "sector": "Notarías públicas", "label": "Otro comercio", "color": "#6B7280", "icon": "🏬"}}, {"type": "Feature", "geometry": {"type": "Point", "coordinates": [-99.18535071, 19.35440528]}, "properties": {"nombre": "CREATIVA TCH", "sector": "Servicios de diseño de sistemas de cómputo y servicios relacionados", "label": "Otro comercio", "color": "#6B7280", "icon": "🏬"}}, {"type": "Feature", "geometry": {"type": "Point", "coordinates": [-99.18414016, 19.35821415]}, "properties": {"nombre": "CRESKI", "sector": "Servicios de consultoría en administración", "label": "Otro comercio", "color": "#6B7280", "icon": "🏬"}}, {"type": "Feature", "geometry": {"type": "Point", "coordinates": [-99.19044501, 19.33999393]}, "properties": {"nombre": "CTG V SERVICE MEXICO", "sector": "Bufetes jurídicos", "label": "Otro comercio", "color": "#6B7280", "icon": "🏬"}}, {"type": "Feature", "geometry": {"type": "Point", "coordinates": [-99.19044615, 19.33999097]}, "properties": {"nombre": "DATA RIGHT", "sector": "Servicios de consultoría en administración", "label": "Otro comercio", "color": "#6B7280", "icon": "🏬"}}, {"type": "Feature", "geometry": {"type": "Point", "coordinates": [-99.18733335, 19.36232104]}, "properties": {"nombre": "DE LA RIVA", "sector": "Servicios de investigación de mercados y encuestas de opinión pública", "label": "Otro comercio", "color": "#6B7280", "icon": "🏬"}}, {"type": "Feature", "geometry": {"type": "Point", "coordinates": [-99.18498916, 19.35467217]}, "properties": {"nombre": "DESARROLLO DE APLICACIONES CORPORATIVAS", "sector": "Servicios de consultoría en administración", "label": "Otro comercio", "color": "#6B7280", "icon": "🏬"}}, {"type": "Feature", "geometry": {"type": "Point", "coordinates": [-99.22053562, 19.36935639]}, "properties": {"nombre": "DESPACHO CONTABLE", "sector": "Servicios de contabilidad y auditoría", "label": "Otro comercio", "color": "#6B7280", "icon": "🏬"}}, {"type": "Feature", "geometry": {"type": "Point", "coordinates": [-99.18533967, 19.35769724]}, "properties": {"nombre": "DESPACHO DE ABOGADOS", "sector": "Bufetes jurídicos", "label": "Otro comercio", "color": "#6B7280", "icon": "🏬"}}, {"type": "Feature", "geometry": {"type": "Point", "coordinates": [-99.19315506, 19.37553738]}, "properties": {"nombre": "DIFUSION PANORAMICA", "sector": "Agencias de anuncios publicitarios", "label": "Otro comercio", "color": "#6B7280", "icon": "🏬"}}, {"type": "Feature", "geometry": {"type": "Point", "coordinates": [-99.18599581, 19.3489155]}, "properties": {"nombre": "DIRECTORIO CONTABLE", "sector": "Servicios de contabilidad y auditoría", "label": "Otro comercio", "color": "#6B7280", "icon": "🏬"}}, {"type": "Feature", "geometry": {"type": "Point", "coordinates": [-99.18901374, 19.35407721]}, "properties": {"nombre": "DOGOAND", "sector": "Servicios veterinarios para mascotas prestados por el sector privado", "label": "Otro comercio", "color": "#6B7280", "icon": "🏬"}}, {"type": "Feature", "geometry": {"type": "Point", "coordinates": [-99.18862967, 19.34862948]}, "properties": {"nombre": "DOVELA CONSTRUCCIONES", "sector": "Servicios de arquitectura", "label": "Otro comercio", "color": "#6B7280", "icon": "🏬"}}, {"type": "Feature", "geometry": {"type": "Point", "coordinates": [-99.18948053, 19.34828625]}, "properties": {"nombre": "DOVELA CONSTRUCCIONES", "sector": "Servicios de contabilidad y auditoría", "label": "Otro comercio", "color": "#6B7280", "icon": "🏬"}}, {"type": "Feature", "geometry": {"type": "Point", "coordinates": [-99.18585527, 19.3592274]}, "properties": {"nombre": "DULCE MARIA GUADALUPE DIAZ RODRIGUEZ", "sector": "Servicios veterinarios para mascotas prestados por el sector privado", "label": "Otro comercio", "color": "#6B7280", "icon": "🏬"}}, {"type": "Feature", "geometry": {"type": "Point", "coordinates": [-99.18862967, 19.34862948]}, "properties": {"nombre": "DX LEGAL", "sector": "Bufetes jurídicos", "label": "Otro comercio", "color": "#6B7280", "icon": "🏬"}}, {"type": "Feature", "geometry": {"type": "Point", "coordinates": [-99.19034877, 19.33919508]}, "properties": {"nombre": "EAJJURIDICO", "sector": "Bufetes jurídicos", "label": "Otro comercio", "color": "#6B7280", "icon": "🏬"}}, {"type": "Feature", "geometry": {"type": "Point", "coordinates": [-99.22176459, 19.36946075]}, "properties": {"nombre": "EL GATO AZUL", "sector": "Servicios veterinarios para mascotas prestados por el sector privado", "label": "Otro comercio", "color": "#6B7280", "icon": "🏬"}}, {"type": "Feature", "geometry": {"type": "Point", "coordinates": [-99.18967481, 19.35666038]}, "properties": {"nombre": "ESCOBAR Y LATAPI CONSULTORES", "sector": "Servicios de apoyo para efectuar trámites legales", "label": "Otro comercio", "color": "#6B7280", "icon": "🏬"}}, {"type": "Feature", "geometry": {"type": "Point", "coordinates": [-99.1907021, 19.34281496]}, "properties": {"nombre": "ESCRITORIO PUBLICO SAN ANGEL", "sector": "Servicios de apoyo para efectuar trámites legales", "label": "Otro comercio", "color": "#6B7280", "icon": "🏬"}}, {"type": "Feature", "geometry": {"type": "Point", "coordinates": [-99.21417539, 19.38790777]}, "properties": {"nombre": "ESTETICA ACCESORIOS Y CUIDADOS CANINOS MPD", "sector": "Servicios veterinarios para mascotas prestados por el sector privado", "label": "Otro comercio", "color": "#6B7280", "icon": "🏬"}}, {"type": "Feature", "geometry": {"type": "Point", "coordinates": [-99.18435186, 19.35739451]}, "properties": {"nombre": "FARRO 90", "sector": "Servicios de consultoría en administración", "label": "Otro comercio", "color": "#6B7280", "icon": "🏬"}}, {"type": "Feature", "geometry": {"type": "Point", "coordinates": [-99.19034877, 19.33919508]}, "properties": {"nombre": "FILICASA DE MEXICO", "sector": "Servicios de consultoría en administración", "label": "Otro comercio", "color": "#6B7280", "icon": "🏬"}}, {"type": "Feature", "geometry": {"type": "Point", "coordinates": [-99.18761398, 19.35527514]}, "properties": {"nombre": "FOA CONSULTORES", "sector": "Servicios de consultoría en administración", "label": "Otro comercio", "color": "#6B7280", "icon": "🏬"}}, {"type": "Feature", "geometry": {"type": "Point", "coordinates": [-99.18862967, 19.34862948]}, "properties": {"nombre": "FORMA FUNCION ARQUITECTOS", "sector": "Servicios de arquitectura", "label": "Otro comercio", "color": "#6B7280", "icon": "🏬"}}, {"type": "Feature", "geometry": {"type": "Point", "coordinates": [-99.20213443, 19.33947502]}, "properties": {"nombre": "FORO M 73", "sector": "Servicios de fotografía y videograbación", "label": "Otro comercio", "color": "#6B7280", "icon": "🏬"}}, {"type": "Feature", "geometry": {"type": "Point", "coordinates": [-99.1869866, 19.34929226]}, "properties": {"nombre": "FORTA INGENIERIA", "sector": "Servicios de ingeniería", "label": "Otro comercio", "color": "#6B7280", "icon": "🏬"}}, {"type": "Feature", "geometry": {"type": "Point", "coordinates": [-99.21196915, 19.38876902]}, "properties": {"nombre": "FOTO ARTE", "sector": "Servicios de fotografía y videograbación", "label": "Otro comercio", "color": "#6B7280", "icon": "🏬"}}, {"type": "Feature", "geometry": {"type": "Point", "coordinates": [-99.21336808, 19.38716561]}, "properties": {"nombre": "FOTO ESTUDIO TAURO", "sector": "Servicios de fotografía y videograbación", "label": "Otro comercio", "color": "#6B7280", "icon": "🏬"}}, {"type": "Feature", "geometry": {"type": "Point", "coordinates": [-99.20209224, 19.39014003]}, "properties": {"nombre": "FOTO GLORIA", "sector": "Servicios de fotografía y videograbación", "label": "Otro comercio", "color": "#6B7280", "icon": "🏬"}}, {"type": "Feature", "geometry": {"type": "Point", "coordinates": [-99.2212021, 19.36996639]}, "properties": {"nombre": "FOTO VIDAL", "sector": "Servicios de fotografía y videograbación", "label": "Otro comercio", "color": "#6B7280", "icon": "🏬"}}, {"type": "Feature", "geometry": {"type": "Point", "coordinates": [-99.1992946, 19.37388304]}, "properties": {"nombre": "FOTOGRAFIA VIDEO PUBLICIDAD", "sector": "Servicios de fotografía y videograbación", "label": "Otro comercio", "color": "#6B7280", "icon": "🏬"}}, {"type": "Feature", "geometry": {"type": "Point", "coordinates": [-99.20285789, 19.33972191]}, "properties": {"nombre": "FOTOS JASAM", "sector": "Servicios de fotografía y videograbación", "label": "Otro comercio", "color": "#6B7280", "icon": "🏬"}}, {"type": "Feature", "geometry": {"type": "Point", "coordinates": [-99.20182317, 19.38967424]}, "properties": {"nombre": "FOTOS SALVATORI", "sector": "Servicios de fotografía y videograbación", "label": "Otro comercio", "color": "#6B7280", "icon": "🏬"}}, {"type": "Feature", "geometry": {"type": "Point", "coordinates": [-99.19044862, 19.33998454]}, "properties": {"nombre": "FUGRO MEXICO", "sector": "Servicios de levantamiento geofísico", "label": "Otro comercio", "color": "#6B7280", "icon": "🏬"}}, {"type": "Feature", "geometry": {"type": "Point", "coordinates": [-99.17914269, 19.35054318]}, "properties": {"nombre": "GEMA LATINOAMERICA", "sector": "Servicios de diseño de sistemas de cómputo y servicios relacionados", "label": "Otro comercio", "color": "#6B7280", "icon": "🏬"}}, {"type": "Feature", "geometry": {"type": "Point", "coordinates": [-99.21749502, 19.37186501]}, "properties": {"nombre": "GESTORIA", "sector": "Servicios de apoyo para efectuar trámites legales", "label": "Otro comercio", "color": "#6B7280", "icon": "🏬"}}, {"type": "Feature", "geometry": {"type": "Point", "coordinates": [-99.18761398, 19.35527514]}, "properties": {"nombre": "GONZALEZ DE ARAGON Y ASOCIADOS CONTADORES PUBLICOS", "sector": "Servicios de contabilidad y auditoría", "label": "Otro comercio", "color": "#6B7280", "icon": "🏬"}}, {"type": "Feature", "geometry": {"type": "Point", "coordinates": [-99.18950639, 19.34827582]}, "properties": {"nombre": "GPGF ARQUITECTURA", "sector": "Servicios de arquitectura", "label": "Otro comercio", "color": "#6B7280", "icon": "🏬"}}, {"type": "Feature", "geometry": {"type": "Point", "coordinates": [-99.19034877, 19.33919508]}, "properties": {"nombre": "GRAVITY COMUNICACION Y SERVICIOS", "sector": "Agencias de publicidad", "label": "Otro comercio", "color": "#6B7280", "icon": "🏬"}}, {"type": "Feature", "geometry": {"type": "Point", "coordinates": [-99.19315514, 19.37553655]}, "properties": {"nombre": "GRUPO POL", "sector": "Agencias de anuncios publicitarios", "label": "Otro comercio", "color": "#6B7280", "icon": "🏬"}}, {"type": "Feature", "geometry": {"type": "Point", "coordinates": [-99.18984663, 19.36184095]}, "properties": {"nombre": "GRUPO SUPERVISION INTEGRAL", "sector": "Servicios de inspección de edificios", "label": "Otro comercio", "color": "#6B7280", "icon": "🏬"}}, {"type": "Feature", "geometry": {"type": "Point", "coordinates": [-99.18862967, 19.34862948]}, "properties": {"nombre": "HABITARTE", "sector": "Servicios de dibujo", "label": "Otro comercio", "color": "#6B7280", "icon": "🏬"}}, {"type": "Feature", "geometry": {"type": "Point", "coordinates": [-99.18499273, 19.35466153]}, "properties": {"nombre": "HANS CONSULTORES", "sector": "Otros servicios relacionados con la contabilidad", "label": "Otro comercio", "color": "#6B7280", "icon": "🏬"}}, {"type": "Feature", "geometry": {"type": "Point", "coordinates": [-99.18534379, 19.35361499]}, "properties": {"nombre": "IKUSI MEXICO", "sector": "Servicios de diseño de sistemas de cómputo y servicios relacionados", "label": "Otro comercio", "color": "#6B7280", "icon": "🏬"}}, {"type": "Feature", "geometry": {"type": "Point", "coordinates": [-99.18615905, 19.3542885]}, "properties": {"nombre": "INNOVA PROMOCIONALES", "sector": "Servicios de rotulación y otros servicios de publicidad", "label": "Otro comercio", "color": "#6B7280", "icon": "🏬"}}, {"type": "Feature", "geometry": {"type": "Point", "coordinates": [-99.18765667, 19.35585109]}, "properties": {"nombre": "IPKON", "sector": "Servicios de rotulación y otros servicios de publicidad", "label": "Otro comercio", "color": "#6B7280", "icon": "🏬"}}, {"type": "Feature", "geometry": {"type": "Point", "coordinates": [-99.18785355, 19.35549818]}, "properties": {"nombre": "ISA CORPORATIVO", "sector": "Agencias de publicidad", "label": "Otro comercio", "color": "#6B7280", "icon": "🏬"}}, {"type": "Feature", "geometry": {"type": "Point", "coordinates": [-99.1860264, 19.35439721]}, "properties": {"nombre": "ISA INGENIERIA", "sector": "Servicios de ingeniería", "label": "Otro comercio", "color": "#6B7280", "icon": "🏬"}}, {"type": "Feature", "geometry": {"type": "Point", "coordinates": [-99.19034877, 19.33919508]}, "properties": {"nombre": "JOPAGE", "sector": "Otros servicios de consultoría científica y técnica", "label": "Otro comercio", "color": "#6B7280", "icon": "🏬"}}, {"type": "Feature", "geometry": {"type": "Point", "coordinates": [-99.18307141, 19.36070532]}, "properties": {"nombre": "JOSHUAN CONSULTORES", "sector": "Bufetes jurídicos", "label": "Otro comercio", "color": "#6B7280", "icon": "🏬"}}, {"type": "Feature", "geometry": {"type": "Point", "coordinates": [-99.18621793, 19.35381319]}, "properties": {"nombre": "KEEP IN TOUCH", "sector": "Agencias de publicidad", "label": "Otro comercio", "color": "#6B7280", "icon": "🏬"}}, {"type": "Feature", "geometry": {"type": "Point", "coordinates": [-99.17700271, 19.35278134]}, "properties": {"nombre": "LA CASA DE LOS ANIMALES", "sector": "Servicios veterinarios para mascotas prestados por el sector privado", "label": "Otro comercio", "color": "#6B7280", "icon": "🏬"}}, {"type": "Feature", "geometry": {"type": "Point", "coordinates": [-99.18864388, 19.35856579]}, "properties": {"nombre": "LIC. VICTOR RAFAEL AGUILAR MOLINA", "sector": "Notarías públicas", "label": "Otro comercio", "color": "#6B7280", "icon": "🏬"}}, {"type": "Feature", "geometry": {"type": "Point", "coordinates": [-99.18542396, 19.35418975]}, "properties": {"nombre": "MARTINEZ Y MORALES Y ABOGADOS", "sector": "Servicios de contabilidad y auditoría", "label": "Otro comercio", "color": "#6B7280", "icon": "🏬"}}, {"type": "Feature", "geometry": {"type": "Point", "coordinates": [-99.18972637, 19.34186235]}, "properties": {"nombre": "MASNEGOCIO COM", "sector": "Servicios de diseño de sistemas de cómputo y servicios relacionados", "label": "Otro comercio", "color": "#6B7280", "icon": "🏬"}}, {"type": "Feature", "geometry": {"type": "Point", "coordinates": [-99.199023, 19.37220165]}, "properties": {"nombre": "MEDICO VETERINARIO", "sector": "Servicios veterinarios para mascotas prestados por el sector privado", "label": "Otro comercio", "color": "#6B7280", "icon": "🏬"}}, {"type": "Feature", "geometry": {"type": "Point", "coordinates": [-99.19034877, 19.33919508]}, "properties": {"nombre": "METAKI TERANGE", "sector": "Servicios de contabilidad y auditoría", "label": "Otro comercio", "color": "#6B7280", "icon": "🏬"}}, {"type": "Feature", "geometry": {"type": "Point", "coordinates": [-99.19034877, 19.33919508]}, "properties": {"nombre": "METAKI TERANGE", "sector": "Servicios de contabilidad y auditoría", "label": "Otro comercio", "color": "#6B7280", "icon": "🏬"}}, {"type": "Feature", "geometry": {"type": "Point", "coordinates": [-99.20374732, 19.37353321]}, "properties": {"nombre": "MEXICANA DE INGENIERIA TOTAL Y EQUIPOS INDUSTRIALES", "sector": "Servicios de ingeniería", "label": "Otro comercio", "color": "#6B7280", "icon": "🏬"}}, {"type": "Feature", "geometry": {"type": "Point", "coordinates": [-99.18827751, 19.3628416]}, "properties": {"nombre": "MONTES ESCOBAR Y ASOCIADOS", "sector": "Servicios de contabilidad y auditoría", "label": "Otro comercio", "color": "#6B7280", "icon": "🏬"}}, {"type": "Feature", "geometry": {"type": "Point", "coordinates": [-99.18862967, 19.34862948]}, "properties": {"nombre": "NAUTILUS", "sector": "Servicios de fotografía y videograbación", "label": "Otro comercio", "color": "#6B7280", "icon": "🏬"}}, {"type": "Feature", "geometry": {"type": "Point", "coordinates": [-99.1863337, 19.35248383]}, "properties": {"nombre": "NOTARIA 97", "sector": "Notarías públicas", "label": "Otro comercio", "color": "#6B7280", "icon": "🏬"}}, {"type": "Feature", "geometry": {"type": "Point", "coordinates": [-99.17975153, 19.3509125]}, "properties": {"nombre": "NOTARIA PUBLICA 184", "sector": "Notarías públicas", "label": "Otro comercio", "color": "#6B7280", "icon": "🏬"}}, {"type": "Feature", "geometry": {"type": "Point", "coordinates": [-99.18668023, 19.34935484]}, "properties": {"nombre": "NOTARIAS 60 Y 217", "sector": "Notarías públicas", "label": "Otro comercio", "color": "#6B7280", "icon": "🏬"}}, {"type": "Feature", "geometry": {"type": "Point", "coordinates": [-99.18664873, 19.34922538]}, "properties": {"nombre": "NOTARIAS MF", "sector": "Notarías públicas", "label": "Otro comercio", "color": "#6B7280", "icon": "🏬"}}, {"type": "Feature", "geometry": {"type": "Point", "coordinates": [-99.18664873, 19.34922538]}, "properties": {"nombre": "OCHOA LOPEZ ABOGADOS", "sector": "Bufetes jurídicos", "label": "Otro comercio", "color": "#6B7280", "icon": "🏬"}}, {"type": "Feature", "geometry": {"type": "Point", "coordinates": [-99.21954134, 19.35039073]}, "properties": {"nombre": "OFICINA DE SERVICIO DETRAMITES", "sector": "Servicios de apoyo para efectuar trámites legales", "label": "Otro comercio", "color": "#6B7280", "icon": "🏬"}}, {"type": "Feature", "geometry": {"type": "Point", "coordinates": [-99.18968271, 19.35659725]}, "properties": {"nombre": "PANAMERICANA DE PATENTES Y MARCAS", "sector": "Servicios de apoyo para efectuar trámites legales", "label": "Otro comercio", "color": "#6B7280", "icon": "🏬"}}, {"type": "Feature", "geometry": {"type": "Point", "coordinates": [-99.19935164, 19.37305961]}, "properties": {"nombre": "PARJHER", "sector": "Servicios de apoyo para efectuar trámites legales", "label": "Otro comercio", "color": "#6B7280", "icon": "🏬"}}, {"type": "Feature", "geometry": {"type": "Point", "coordinates": [-99.18862967, 19.34862948]}, "properties": {"nombre": "PAUROB SAPI", "sector": "Servicios de consultoría en administración", "label": "Otro comercio", "color": "#6B7280", "icon": "🏬"}}, {"type": "Feature", "geometry": {"type": "Point", "coordinates": [-99.18920242, 19.35533764]}, "properties": {"nombre": "PROYECTOS HT", "sector": "Servicios de arquitectura", "label": "Otro comercio", "color": "#6B7280", "icon": "🏬"}}, {"type": "Feature", "geometry": {"type": "Point", "coordinates": [-99.19257684, 19.39622722]}, "properties": {"nombre": "RAYMA DISEÑO PUBLICITARIO", "sector": "Agencias de publicidad", "label": "Otro comercio", "color": "#6B7280", "icon": "🏬"}}, {"type": "Feature", "geometry": {"type": "Point", "coordinates": [-99.18862967, 19.34862948]}, "properties": {"nombre": "REGULATORY HS SA DE CV", "sector": "Servicios de consultoría en administración", "label": "Otro comercio", "color": "#6B7280", "icon": "🏬"}}, {"type": "Feature", "geometry": {"type": "Point", "coordinates": [-99.20725664, 19.37438216]}, "properties": {"nombre": "ROTULOS POR COMPUTADORA", "sector": "Servicios de rotulación y otros servicios de publicidad", "label": "Otro comercio", "color": "#6B7280", "icon": "🏬"}}, {"type": "Feature", "geometry": {"type": "Point", "coordinates": [-99.19513944, 19.3946029]}, "properties": {"nombre": "ROTULOS POR COMPUTADORA SIN NOMBRE", "sector": "Servicios de rotulación y otros servicios de publicidad", "label": "Otro comercio", "color": "#6B7280", "icon": "🏬"}}, {"type": "Feature", "geometry": {"type": "Point", "coordinates": [-99.18972637, 19.34186235]}, "properties": {"nombre": "SEGURIDATA PRIVADA", "sector": "Servicios de diseño de sistemas de cómputo y servicios relacionados", "label": "Otro comercio", "color": "#6B7280", "icon": "🏬"}}, {"type": "Feature", "geometry": {"type": "Point", "coordinates": [-99.1821981, 19.34753911]}, "properties": {"nombre": "SERVICIO TECNICO Y TECNOLOGIA MICROBOTIX", "sector": "Otros servicios de consultoría científica y técnica", "label": "Otro comercio", "color": "#6B7280", "icon": "🏬"}}, {"type": "Feature", "geometry": {"type": "Point", "coordinates": [-99.18307407, 19.36069697]}, "properties": {"nombre": "SERVICIOS ESPECALIZADOS DE CONSULTORIA JURIDICO AMBIENTAL", "sector": "Servicios de apoyo para efectuar trámites legales", "label": "Otro comercio", "color": "#6B7280", "icon": "🏬"}}, {"type": "Feature", "geometry": {"type": "Point", "coordinates": [-99.1876761, 19.35388523]}, "properties": {"nombre": "SERVICIOS PROFESIONALES DE ASESORIA CORPORATIVA", "sector": "Servicios de consultoría en administración", "label": "Otro comercio", "color": "#6B7280", "icon": "🏬"}}, {"type": "Feature", "geometry": {"type": "Point", "coordinates": [-99.21928581, 19.35084881]}, "properties": {"nombre": "SERVICIOS VETERINARIOS PARA MASCOTAS GROMING", "sector": "Servicios veterinarios para mascotas prestados por el sector privado", "label": "Otro comercio", "color": "#6B7280", "icon": "🏬"}}, {"type": "Feature", "geometry": {"type": "Point", "coordinates": [-99.19046833, 19.33993329]}, "properties": {"nombre": "SM IOT", "sector": "Servicios de diseño de sistemas de cómputo y servicios relacionados", "label": "Otro comercio", "color": "#6B7280", "icon": "🏬"}}, {"type": "Feature", "geometry": {"type": "Point", "coordinates": [-99.17691864, 19.35498498]}, "properties": {"nombre": "SOA", "sector": "Servicios de arquitectura", "label": "Otro comercio", "color": "#6B7280", "icon": "🏬"}}, {"type": "Feature", "geometry": {"type": "Point", "coordinates": [-99.18567519, 19.35345064]}, "properties": {"nombre": "SORIA SALINAS Y ASOCIOADOS", "sector": "Otros servicios relacionados con la contabilidad", "label": "Otro comercio", "color": "#6B7280", "icon": "🏬"}}, {"type": "Feature", "geometry": {"type": "Point", "coordinates": [-99.18721191, 19.34871222]}, "properties": {"nombre": "STRATOS AGEIN", "sector": "Servicios de diseño de sistemas de cómputo y servicios relacionados", "label": "Otro comercio", "color": "#6B7280", "icon": "🏬"}}, {"type": "Feature", "geometry": {"type": "Point", "coordinates": [-99.18431119, 19.35762983]}, "properties": {"nombre": "SYCOMP TECHNOLOGIES", "sector": "Servicios de diseño de sistemas de cómputo y servicios relacionados", "label": "Otro comercio", "color": "#6B7280", "icon": "🏬"}}, {"type": "Feature", "geometry": {"type": "Point", "coordinates": [-99.18612711, 19.35439082]}, "properties": {"nombre": "THERMON LATINOAMERICANA", "sector": "Servicios de investigación científica y desarrollo en ciencias naturales y exact", "label": "Otro comercio", "color": "#6B7280", "icon": "🏬"}}, {"type": "Feature", "geometry": {"type": "Point", "coordinates": [-99.18862967, 19.34862948]}, "properties": {"nombre": "TROY ENERGIA", "sector": "Servicios de ingeniería", "label": "Otro comercio", "color": "#6B7280", "icon": "🏬"}}, {"type": "Feature", "geometry": {"type": "Point", "coordinates": [-99.17483318, 19.35650567]}, "properties": {"nombre": "TUBIN SPEK", "sector": "Servicios de levantamiento geofísico", "label": "Otro comercio", "color": "#6B7280", "icon": "🏬"}}, {"type": "Feature", "geometry": {"type": "Point", "coordinates": [-99.18825072, 19.34878234]}, "properties": {"nombre": "UNM STUDIO", "sector": "Servicios de arquitectura", "label": "Otro comercio", "color": "#6B7280", "icon": "🏬"}}, {"type": "Feature", "geometry": {"type": "Point", "coordinates": [-99.18972637, 19.34186235]}, "properties": {"nombre": "VENTURESSOFT", "sector": "Servicios de diseño de sistemas de cómputo y servicios relacionados", "label": "Otro comercio", "color": "#6B7280", "icon": "🏬"}}, {"type": "Feature", "geometry": {"type": "Point", "coordinates": [-99.20078681, 19.38841434]}, "properties": {"nombre": "VETERINARIA ESTETICA CRISTO REY", "sector": "Servicios veterinarios para mascotas prestados por el sector privado", "label": "Otro comercio", "color": "#6B7280", "icon": "🏬"}}, {"type": "Feature", "geometry": {"type": "Point", "coordinates": [-99.19847585, 19.37487148]}, "properties": {"nombre": "VETERINARIA KATZE", "sector": "Servicios veterinarios para mascotas prestados por el sector privado", "label": "Otro comercio", "color": "#6B7280", "icon": "🏬"}}, {"type": "Feature", "geometry": {"type": "Point", "coordinates": [-99.20882514, 19.37428462]}, "properties": {"nombre": "VETERINARIA MON PETIT AMI SERVICIOS", "sector": "Servicios veterinarios para mascotas prestados por el sector privado", "label": "Otro comercio", "color": "#6B7280", "icon": "🏬"}}, {"type": "Feature", "geometry": {"type": "Point", "coordinates": [-99.18316319, 19.36041705]}, "properties": {"nombre": "WORKING LINK", "sector": "Servicios de consultoría en administración", "label": "Otro comercio", "color": "#6B7280", "icon": "🏬"}}, {"type": "Feature", "geometry": {"type": "Point", "coordinates": [-99.19393284, 19.39237747]}, "properties": {"nombre": "ZAR CONSULTORES", "sector": "Servicios de consultoría en administración", "label": "Otro comercio", "color": "#6B7280", "icon": "🏬"}}, {"type": "Feature", "geometry": {"type": "Point", "coordinates": [-99.18881224, 19.34855583]}, "properties": {"nombre": "SMASH MARKETING EVENTOS SA DE", "sector": "Corporativos", "label": "Otro comercio", "color": "#6B7280", "icon": "🏬"}}, {"type": "Feature", "geometry": {"type": "Point", "coordinates": [-99.21393029, 19.30741582]}, "properties": {"nombre": "ADMINISTRACION DE PLAZA STA TERESA", "sector": "Servicios de administración de negocios", "label": "Otro comercio", "color": "#6B7280", "icon": "🏬"}}, {"type": "Feature", "geometry": {"type": "Point", "coordinates": [-99.18534231, 19.35361942]}, "properties": {"nombre": "ADMINISTRACIÓN Y PREVENCION", "sector": "Servicios de protección y custodia mediante el monitoreo de sistemas de segurida", "label": "Otro comercio", "color": "#6B7280", "icon": "🏬"}}, {"type": "Feature", "geometry": {"type": "Point", "coordinates": [-99.18862967, 19.34862948]}, "properties": {"nombre": "ADMINISTRADORA DE ACTIVAS COPERNICUS", "sector": "Servicios de administración de negocios", "label": "Otro comercio", "color": "#6B7280", "icon": "🏬"}}, {"type": "Feature", "geometry": {"type": "Point", "coordinates": [-99.20203701, 19.38883042]}, "properties": {"nombre": "APRO COMPUTER", "sector": "Servicios de acceso a computadoras", "label": "Otro comercio", "color": "#6B7280", "icon": "🏬"}}, {"type": "Feature", "geometry": {"type": "Point", "coordinates": [-99.18972637, 19.34186235]}, "properties": {"nombre": "ATALAYA SERVICIOS DE PERSONAL", "sector": "Suministro de personal permanente", "label": "Otro comercio", "color": "#6B7280", "icon": "🏬"}}, {"type": "Feature", "geometry": {"type": "Point", "coordinates": [-99.19438808, 19.37658009]}, "properties": {"nombre": "CADMEX", "sector": "Servicios de investigación y de protección y custodia, excepto mediante monitore", "label": "Otro comercio", "color": "#6B7280", "icon": "🏬"}}, {"type": "Feature", "geometry": {"type": "Point", "coordinates": [-99.19407461, 19.37504547]}, "properties": {"nombre": "CAFE INTERNET", "sector": "Servicios de acceso a computadoras", "label": "Otro comercio", "color": "#6B7280", "icon": "🏬"}}, {"type": "Feature", "geometry": {"type": "Point", "coordinates": [-99.20478079, 19.37417201]}, "properties": {"nombre": "CAFE INTERNET AREA 51", "sector": "Servicios de acceso a computadoras", "label": "Otro comercio", "color": "#6B7280", "icon": "🏬"}}, {"type": "Feature", "geometry": {"type": "Point", "coordinates": [-99.21193452, 19.38842735]}, "properties": {"nombre": "CAFE INTERNET CAFE MYL", "sector": "Servicios de acceso a computadoras", "label": "Otro comercio", "color": "#6B7280", "icon": "🏬"}}, {"type": "Feature", "geometry": {"type": "Point", "coordinates": [-99.20713394, 19.37326436]}, "properties": {"nombre": "CAFE INTERNET PARAISO", "sector": "Servicios de acceso a computadoras", "label": "Otro comercio", "color": "#6B7280", "icon": "🏬"}}, {"type": "Feature", "geometry": {"type": "Point", "coordinates": [-99.20679031, 19.37307917]}, "properties": {"nombre": "CENTRO DE COPIADO", "sector": "Servicios de fotocopiado, fax y afines", "label": "Otro comercio", "color": "#6B7280", "icon": "🏬"}}, {"type": "Feature", "geometry": {"type": "Point", "coordinates": [-99.21543331, 19.38753077]}, "properties": {"nombre": "CENTRO DE COPIADO MEGA OFFICE", "sector": "Servicios de fotocopiado, fax y afines", "label": "Otro comercio", "color": "#6B7280", "icon": "🏬"}}, {"type": "Feature", "geometry": {"type": "Point", "coordinates": [-99.18891196, 19.36280582]}, "properties": {"nombre": "CENTRO DE IMPRESION DIGITAL", "sector": "Servicios de fotocopiado, fax y afines", "label": "Otro comercio", "color": "#6B7280", "icon": "🏬"}}, {"type": "Feature", "geometry": {"type": "Point", "coordinates": [-99.20256084, 19.37535664]}, "properties": {"nombre": "CIBER SPACIO", "sector": "Servicios de acceso a computadoras", "label": "Otro comercio", "color": "#6B7280", "icon": "🏬"}}, {"type": "Feature", "geometry": {"type": "Point", "coordinates": [-99.20360834, 19.37529278]}, "properties": {"nombre": "COPI MAX", "sector": "Servicios de fotocopiado, fax y afines", "label": "Otro comercio", "color": "#6B7280", "icon": "🏬"}}, {"type": "Feature", "geometry": {"type": "Point", "coordinates": [-99.19888068, 19.37419207]}, "properties": {"nombre": "COPIAS CHIHUAHUA", "sector": "Servicios de fotocopiado, fax y afines", "label": "Otro comercio", "color": "#6B7280", "icon": "🏬"}}, {"type": "Feature", "geometry": {"type": "Point", "coordinates": [-99.18525775, 19.3538715]}, "properties": {"nombre": "ENWBHR CONSULTING", "sector": "Suministro de personal permanente", "label": "Otro comercio", "color": "#6B7280", "icon": "🏬"}}, {"type": "Feature", "geometry": {"type": "Point", "coordinates": [-99.18456649, 19.35677368]}, "properties": {"nombre": "G M COORDINACION", "sector": "Agencias de colocación", "label": "Otro comercio", "color": "#6B7280", "icon": "🏬"}}, {"type": "Feature", "geometry": {"type": "Point", "coordinates": [-99.19068954, 19.34213561]}, "properties": {"nombre": "GESSALIM", "sector": "Servicios de limpieza de inmuebles", "label": "Otro comercio", "color": "#6B7280", "icon": "🏬"}}, {"type": "Feature", "geometry": {"type": "Point", "coordinates": [-99.19034877, 19.33919508]}, "properties": {"nombre": "GOTT UND GLUCK", "sector": "Servicios de limpieza de inmuebles", "label": "Otro comercio", "color": "#6B7280", "icon": "🏬"}}, {"type": "Feature", "geometry": {"type": "Point", "coordinates": [-99.18456649, 19.35677368]}, "properties": {"nombre": "GRUPO ESPECIAL EN SEGURIDAD PRIVADA INTRAMUROS", "sector": "Servicios de investigación y de protección y custodia, excepto mediante monitore", "label": "Otro comercio", "color": "#6B7280", "icon": "🏬"}}, {"type": "Feature", "geometry": {"type": "Point", "coordinates": [-99.1993015, 19.37378329]}, "properties": {"nombre": "INTERNET CIBERSODAS", "sector": "Servicios de acceso a computadoras", "label": "Otro comercio", "color": "#6B7280", "icon": "🏬"}}, {"type": "Feature", "geometry": {"type": "Point", "coordinates": [-99.19291158, 19.39611102]}, "properties": {"nombre": "INTERNET MEXCOP", "sector": "Servicios de acceso a computadoras", "label": "Otro comercio", "color": "#6B7280", "icon": "🏬"}}, {"type": "Feature", "geometry": {"type": "Point", "coordinates": [-99.19914996, 19.37411614]}, "properties": {"nombre": "INTERNET SUBA", "sector": "Servicios de acceso a computadoras", "label": "Otro comercio", "color": "#6B7280", "icon": "🏬"}}, {"type": "Feature", "geometry": {"type": "Point", "coordinates": [-99.2139607, 19.30781961]}, "properties": {"nombre": "MUNDO JOVEN", "sector": "Agencias de viajes", "label": "Otro comercio", "color": "#6B7280", "icon": "🏬"}}, {"type": "Feature", "geometry": {"type": "Point", "coordinates": [-99.19034877, 19.33919508]}, "properties": {"nombre": "NEPHRITE RECERMEX", "sector": "Agencias de cobranza", "label": "Otro comercio", "color": "#6B7280", "icon": "🏬"}}, {"type": "Feature", "geometry": {"type": "Point", "coordinates": [-99.18489963, 19.35790163]}, "properties": {"nombre": "NETWORK GROUP TOTAL", "sector": "Servicios de protección y custodia mediante el monitoreo de sistemas de segurida", "label": "Otro comercio", "color": "#6B7280", "icon": "🏬"}}, {"type": "Feature", "geometry": {"type": "Point", "coordinates": [-99.20293842, 19.37596089]}, "properties": {"nombre": "PAPELERIA E INTERNET RODRIGUEZ", "sector": "Servicios de acceso a computadoras", "label": "Otro comercio", "color": "#6B7280", "icon": "🏬"}}, {"type": "Feature", "geometry": {"type": "Point", "coordinates": [-99.19045418, 19.33997009]}, "properties": {"nombre": "QUALFON", "sector": "Servicios de administración de negocios", "label": "Otro comercio", "color": "#6B7280", "icon": "🏬"}}, {"type": "Feature", "geometry": {"type": "Point", "coordinates": [-99.1975357, 19.37297083]}, "properties": {"nombre": "SEGURIDAD ALFONSO XIII", "sector": "Servicios de protección y custodia mediante el monitoreo de sistemas de segurida", "label": "Otro comercio", "color": "#6B7280", "icon": "🏬"}}, {"type": "Feature", "geometry": {"type": "Point", "coordinates": [-99.18830436, 19.36254069]}, "properties": {"nombre": "SERVICIOS DE ADMINISTRACIÓN DE NEGOCIOS SIN NOMBRE", "sector": "Servicios de administración de negocios", "label": "Otro comercio", "color": "#6B7280", "icon": "🏬"}}, {"type": "Feature", "geometry": {"type": "Point", "coordinates": [-99.19045608, 19.33996514]}, "properties": {"nombre": "SERVICIOS FINANCIEROS TOBB", "sector": "Otros servicios de apoyo secretarial y similares", "label": "Otro comercio", "color": "#6B7280", "icon": "🏬"}}, {"type": "Feature", "geometry": {"type": "Point", "coordinates": [-99.19045608, 19.33996514]}, "properties": {"nombre": "SILENT4BUSINESS", "sector": "Servicios de protección y custodia mediante el monitoreo de sistemas de segurida", "label": "Otro comercio", "color": "#6B7280", "icon": "🏬"}}, {"type": "Feature", "geometry": {"type": "Point", "coordinates": [-99.17833858, 19.36419276]}, "properties": {"nombre": "SP MERCADOTECNIA EN MEXICO", "sector": "Servicios de administración de negocios", "label": "Otro comercio", "color": "#6B7280", "icon": "🏬"}}, {"type": "Feature", "geometry": {"type": "Point", "coordinates": [-99.18600603, 19.35667262]}, "properties": {"nombre": "SPAYROLLMARK", "sector": "Agencias de empleo temporal", "label": "Otro comercio", "color": "#6B7280", "icon": "🏬"}}, {"type": "Feature", "geometry": {"type": "Point", "coordinates": [-99.19044498, 19.33999399]}, "properties": {"nombre": "TELEMARK CORPORATION", "sector": "Servicios de recepción de llamadas telefónicas y promoción por teléfono", "label": "Otro comercio", "color": "#6B7280", "icon": "🏬"}}, {"type": "Feature", "geometry": {"type": "Point", "coordinates": [-99.19376053, 19.3931256]}, "properties": {"nombre": "UNIVERSE TRAVEL MEXICO", "sector": "Agencias de viajes", "label": "Otro comercio", "color": "#6B7280", "icon": "🏬"}}, {"type": "Feature", "geometry": {"type": "Point", "coordinates": [-99.21039075, 19.39318301]}, "properties": {"nombre": "YO DISEÑO", "sector": "Servicios de fotocopiado, fax y afines", "label": "Otro comercio", "color": "#6B7280", "icon": "🏬"}}, {"type": "Feature", "geometry": {"type": "Point", "coordinates": [-99.19734042, 19.37307645]}, "properties": {"nombre": "ACADEMIA MEXICANA DE ARTES MARCIALES", "sector": "Escuelas de deporte del sector privado", "label": "Otro comercio", "color": "#6B7280", "icon": "🏬"}}, {"type": "Feature", "geometry": {"type": "Point", "coordinates": [-99.18542396, 19.35418975]}, "properties": {"nombre": "ACADEMIA MEXICANA DE AUDITORIA AL DESEMPEÑO", "sector": "Otros servicios educativos proporcionados por el sector privado", "label": "Otro comercio", "color": "#6B7280", "icon": "🏬"}}, {"type": "Feature", "geometry": {"type": "Point", "coordinates": [-99.18618688, 19.34824843]}, "properties": {"nombre": "ALIANZA FRANCESA DE MEXICO PLANTEL SAN ANGEL", "sector": "Escuelas de idiomas del sector privado", "label": "Otro comercio", "color": "#6B7280", "icon": "🏬"}}, {"type": "Feature", "geometry": {"type": "Point", "coordinates": [-99.18888507, 19.35384556]}, "properties": {"nombre": "BUNKER DE ARTE", "sector": "Escuelas de arte del sector privado", "label": "Otro comercio", "color": "#6B7280", "icon": "🏬"}}, {"type": "Feature", "geometry": {"type": "Point", "coordinates": [-99.20209224, 19.39014003]}, "properties": {"nombre": "CENTRO DE ATENCION CUIDADO INFANTIL", "sector": "Escuelas de educación preescolar del sector público", "label": "Otro comercio", "color": "#6B7280", "icon": "🏬"}}, {"type": "Feature", "geometry": {"type": "Point", "coordinates": [-99.20948948, 19.37358986]}, "properties": {"nombre": "CLASE DE YOGA", "sector": "Escuelas de deporte del sector privado", "label": "Otro comercio", "color": "#6B7280", "icon": "🏬"}}, {"type": "Feature", "geometry": {"type": "Point", "coordinates": [-99.21302742, 19.38986109]}, "properties": {"nombre": "CLASES DE TAE KWAN DO", "sector": "Escuelas de deporte del sector privado", "label": "Otro comercio", "color": "#6B7280", "icon": "🏬"}}, {"type": "Feature", "geometry": {"type": "Point", "coordinates": [-99.18983312, 19.35415596]}, "properties": {"nombre": "COLEGIO BERTALANFFY PREESCOLAR", "sector": "Escuelas de educación preescolar del sector privado", "label": "Otro comercio", "color": "#6B7280", "icon": "🏬"}}, {"type": "Feature", "geometry": {"type": "Point", "coordinates": [-99.18977504, 19.35414098]}, "properties": {"nombre": "COLEGIO BERTALANFFY PRIMARIA", "sector": "Escuelas de educación primaria del sector privado", "label": "Otro comercio", "color": "#6B7280", "icon": "🏬"}}, {"type": "Feature", "geometry": {"type": "Point", "coordinates": [-99.19651631, 19.37265369]}, "properties": {"nombre": "COLEGIO DIEGO RIVERA", "sector": "Escuelas del sector privado que combinan diversos niveles de educación", "label": "Otro comercio", "color": "#6B7280", "icon": "🏬"}}, {"type": "Feature", "geometry": {"type": "Point", "coordinates": [-99.20239573, 19.38915052]}, "properties": {"nombre": "COLEGIO LA MONARCA", "sector": "Escuelas del sector privado que combinan diversos niveles de educación", "label": "Otro comercio", "color": "#6B7280", "icon": "🏬"}}, {"type": "Feature", "geometry": {"type": "Point", "coordinates": [-99.20239573, 19.38915052]}, "properties": {"nombre": "COLEGIO LA MONARCA", "sector": "Escuelas del sector privado que combinan diversos niveles de educación", "label": "Otro comercio", "color": "#6B7280", "icon": "🏬"}}, {"type": "Feature", "geometry": {"type": "Point", "coordinates": [-99.19365403, 19.37534311]}, "properties": {"nombre": "COLEGIO MIXCOAC KINDER Y PRIMARIA", "sector": "Escuelas del sector privado que combinan diversos niveles de educación", "label": "Otro comercio", "color": "#6B7280", "icon": "🏬"}}, {"type": "Feature", "geometry": {"type": "Point", "coordinates": [-99.19095119, 19.34138189]}, "properties": {"nombre": "COLEGIO SENDA 2000 FLEMING", "sector": "Escuelas de educación media superior del sector privado", "label": "Otro comercio", "color": "#6B7280", "icon": "🏬"}}, {"type": "Feature", "geometry": {"type": "Point", "coordinates": [-99.19634231, 19.37603234]}, "properties": {"nombre": "COLEGIO WILLIAM JAMES KINDER", "sector": "Escuelas de educación preescolar del sector privado", "label": "Otro comercio", "color": "#6B7280", "icon": "🏬"}}, {"type": "Feature", "geometry": {"type": "Point", "coordinates": [-99.18562471, 19.34817951]}, "properties": {"nombre": "ESCUELA DE MUSICA DEL ROCK A LA PALABRA", "sector": "Escuelas de arte del sector público", "label": "Otro comercio", "color": "#6B7280", "icon": "🏬"}}, {"type": "Feature", "geometry": {"type": "Point", "coordinates": [-99.2064704, 19.37469876]}, "properties": {"nombre": "ESCUELA DE TAEKWONDO", "sector": "Escuelas de deporte del sector privado", "label": "Otro comercio", "color": "#6B7280", "icon": "🏬"}}, {"type": "Feature", "geometry": {"type": "Point", "coordinates": [-99.20295976, 19.37515853]}, "properties": {"nombre": "ESCUELA HEROES DE LA NAVAL", "sector": "Escuelas de educación primaria del sector público", "label": "Otro comercio", "color": "#6B7280", "icon": "🏬"}}, {"type": "Feature", "geometry": {"type": "Point", "coordinates": [-99.19653004, 19.3752727]}, "properties": {"nombre": "ESCUELA ISABEL GRASSETEAU", "sector": "Escuelas de educación secundaria general del sector privado", "label": "Otro comercio", "color": "#6B7280", "icon": "🏬"}}, {"type": "Feature", "geometry": {"type": "Point", "coordinates": [-99.21908758, 19.37128651]}, "properties": {"nombre": "ESCUELA JUAN A MATEOS TURNO MATUTINO", "sector": "Escuelas de educación primaria del sector público", "label": "Otro comercio", "color": "#6B7280", "icon": "🏬"}}, {"type": "Feature", "geometry": {"type": "Point", "coordinates": [-99.21908758, 19.37128651]}, "properties": {"nombre": "ESCUELA JUAN A MATEOS TURNO VESPERTINO", "sector": "Escuelas de educación primaria del sector público", "label": "Otro comercio", "color": "#6B7280", "icon": "🏬"}}, {"type": "Feature", "geometry": {"type": "Point", "coordinates": [-99.19870315, 19.37458745]}, "properties": {"nombre": "ESCUELA PRIMARIA DOCTOR SAMUEL RAMOS", "sector": "Escuelas de educación primaria del sector público", "label": "Otro comercio", "color": "#6B7280", "icon": "🏬"}}, {"type": "Feature", "geometry": {"type": "Point", "coordinates": [-99.19870315, 19.37458745]}, "properties": {"nombre": "ESCUELA PRIMARIA DOCTOR SAMUEL RAMOS TURNO VESPERTINO", "sector": "Escuelas de educación primaria del sector público", "label": "Otro comercio", "color": "#6B7280", "icon": "🏬"}}, {"type": "Feature", "geometry": {"type": "Point", "coordinates": [-99.2103289, 19.35889241]}, "properties": {"nombre": "ESCUELA PRIMARIA FRANCISCO GAVILONDO SOLER TURNO MATUTINO", "sector": "Escuelas de educación primaria del sector público", "label": "Otro comercio", "color": "#6B7280", "icon": "🏬"}}, {"type": "Feature", "geometry": {"type": "Point", "coordinates": [-99.2103289, 19.35889241]}, "properties": {"nombre": "ESCUELA PRIMARIA FRANCISCO GAVILONDO SOLER TURNO VESPERTINO", "sector": "Escuelas de educación primaria del sector público", "label": "Otro comercio", "color": "#6B7280", "icon": "🏬"}}, {"type": "Feature", "geometry": {"type": "Point", "coordinates": [-99.19137858, 19.34264209]}, "properties": {"nombre": "ESCUELA PRIMARIA MELCHOR MUZQUIZ", "sector": "Escuelas de educación primaria del sector público", "label": "Otro comercio", "color": "#6B7280", "icon": "🏬"}}, {"type": "Feature", "geometry": {"type": "Point", "coordinates": [-99.2127441, 19.38899363]}, "properties": {"nombre": "ESCUELA PRIMARIA RAFAEL AREVALO MARTINEZ CLAVE 451464 401 00", "sector": "Escuelas de educación primaria del sector público", "label": "Otro comercio", "color": "#6B7280", "icon": "🏬"}}, {"type": "Feature", "geometry": {"type": "Point", "coordinates": [-99.22218238, 19.37793817]}, "properties": {"nombre": "ESCUELA PRIMARIA REPUBLICA DE CAMERUN TURNO MATUTINO", "sector": "Escuelas de educación primaria del sector público", "label": "Otro comercio", "color": "#6B7280", "icon": "🏬"}}, {"type": "Feature", "geometry": {"type": "Point", "coordinates": [-99.22221547, 19.37779408]}, "properties": {"nombre": "ESCUELA PRIMARIA REPUBLICA DE CAMERUN TURNO VESPERTINO", "sector": "Escuelas de educación primaria del sector público", "label": "Otro comercio", "color": "#6B7280", "icon": "🏬"}}, {"type": "Feature", "geometry": {"type": "Point", "coordinates": [-99.19752787, 19.37781218]}, "properties": {"nombre": "ESCUELAS DE EDUCACIÓN PRIMARIA DEL SECTOR PRIVADO SIN NOMBRE", "sector": "Escuelas de educación primaria del sector privado", "label": "Otro comercio", "color": "#6B7280", "icon": "🏬"}}, {"type": "Feature", "geometry": {"type": "Point", "coordinates": [-99.18903803, 19.35683246]}, "properties": {"nombre": "FUNDACION MEYALLI", "sector": "Escuelas del sector privado que combinan diversos niveles de educación", "label": "Otro comercio", "color": "#6B7280", "icon": "🏬"}}, {"type": "Feature", "geometry": {"type": "Point", "coordinates": [-99.18879358, 19.35800289]}, "properties": {"nombre": "GUARDERIA MINA AN", "sector": "Escuelas de educación preescolar del sector privado", "label": "Otro comercio", "color": "#6B7280", "icon": "🏬"}}, {"type": "Feature", "geometry": {"type": "Point", "coordinates": [-99.22145164, 19.37045978]}, "properties": {"nombre": "INSTITUTO ALEXANDER DUL PREESCOLAR", "sector": "Escuelas de educación preescolar del sector privado", "label": "Otro comercio", "color": "#6B7280", "icon": "🏬"}}, {"type": "Feature", "geometry": {"type": "Point", "coordinates": [-99.22154029, 19.36904184]}, "properties": {"nombre": "INSTITUTO ALEXANDER DUL PRIMARIA", "sector": "Escuelas del sector privado que combinan diversos niveles de educación", "label": "Otro comercio", "color": "#6B7280", "icon": "🏬"}}, {"type": "Feature", "geometry": {"type": "Point", "coordinates": [-99.17824468, 19.35188699]}, "properties": {"nombre": "INSTITUTO ANGLO AMERICANO DE TLALPAN", "sector": "Escuelas de idiomas del sector privado", "label": "Otro comercio", "color": "#6B7280", "icon": "🏬"}}, {"type": "Feature", "geometry": {"type": "Point", "coordinates": [-99.20082915, 19.38847501]}, "properties": {"nombre": "INSTITUTO CULTURAL SANTA FE", "sector": "Escuelas de educación preescolar del sector público", "label": "Otro comercio", "color": "#6B7280", "icon": "🏬"}}, {"type": "Feature", "geometry": {"type": "Point", "coordinates": [-99.18718632, 19.34877809]}, "properties": {"nombre": "INSTITUTO HARMON HALL SAN ANGEL", "sector": "Escuelas de idiomas del sector privado", "label": "Otro comercio", "color": "#6B7280", "icon": "🏬"}}, {"type": "Feature", "geometry": {"type": "Point", "coordinates": [-99.1986027, 19.3745133]}, "properties": {"nombre": "INSTITUTO MEXICANO YANCUIC", "sector": "Escuelas de educación preescolar del sector privado", "label": "Otro comercio", "color": "#6B7280", "icon": "🏬"}}, {"type": "Feature", "geometry": {"type": "Point", "coordinates": [-99.22226895, 19.37711048]}, "properties": {"nombre": "INSTITUTO NUEVA GENERACION", "sector": "Servicios de profesores particulares", "label": "Otro comercio", "color": "#6B7280", "icon": "🏬"}}, {"type": "Feature", "geometry": {"type": "Point", "coordinates": [-99.21666828, 19.37294692]}, "properties": {"nombre": "JARDIN DE NIÑOS BABY GOO & KIDS", "sector": "Escuelas de educación preescolar del sector privado", "label": "Otro comercio", "color": "#6B7280", "icon": "🏬"}}, {"type": "Feature", "geometry": {"type": "Point", "coordinates": [-99.19512608, 19.37641521]}, "properties": {"nombre": "JARDIN DE NIÑOS JOSE CALVO", "sector": "Escuelas de educación preescolar del sector público", "label": "Otro comercio", "color": "#6B7280", "icon": "🏬"}}, {"type": "Feature", "geometry": {"type": "Point", "coordinates": [-99.19369535, 19.39511822]}, "properties": {"nombre": "JARDIN DE NIÑOS KEIKO", "sector": "Escuelas de educación preescolar del sector privado", "label": "Otro comercio", "color": "#6B7280", "icon": "🏬"}}, {"type": "Feature", "geometry": {"type": "Point", "coordinates": [-99.22185203, 19.37794593]}, "properties": {"nombre": "JARDIN DE NIÑOS RICARDO ZAMORA BUITRON TURNO MATUTINO", "sector": "Escuelas de educación preescolar del sector público", "label": "Otro comercio", "color": "#6B7280", "icon": "🏬"}}, {"type": "Feature", "geometry": {"type": "Point", "coordinates": [-99.19663918, 19.37517467]}, "properties": {"nombre": "JARDIN DE NIÑOS SAN SEBASTIAN DE APARICIO", "sector": "Escuelas de educación preescolar del sector privado", "label": "Otro comercio", "color": "#6B7280", "icon": "🏬"}}, {"type": "Feature", "geometry": {"type": "Point", "coordinates": [-99.19690102, 19.37716426]}, "properties": {"nombre": "KINDER COMUNIDAD INFANTIAL YOLIHUE", "sector": "Escuelas de educación preescolar del sector privado", "label": "Otro comercio", "color": "#6B7280", "icon": "🏬"}}, {"type": "Feature", "geometry": {"type": "Point", "coordinates": [-99.18867483, 19.35443209]}, "properties": {"nombre": "LA CASITA DE LOS PEQUES", "sector": "Escuelas de educación preescolar del sector privado", "label": "Otro comercio", "color": "#6B7280", "icon": "🏬"}}, {"type": "Feature", "geometry": {"type": "Point", "coordinates": [-99.18600675, 19.35853869]}, "properties": {"nombre": "MERAKI ECOLE", "sector": "Escuelas de educación preescolar del sector privado", "label": "Otro comercio", "color": "#6B7280", "icon": "🏬"}}, {"type": "Feature", "geometry": {"type": "Point", "coordinates": [-99.20295976, 19.37515853]}, "properties": {"nombre": "PRIMARIA HER0ES DE LA NAVAL TURNO MATUTINO", "sector": "Escuelas de educación primaria del sector público", "label": "Otro comercio", "color": "#6B7280", "icon": "🏬"}}, {"type": "Feature", "geometry": {"type": "Point", "coordinates": [-99.2140988, 19.3875443]}, "properties": {"nombre": "PRIMARIA JOSE OJEDA GARDUÑO", "sector": "Escuelas de educación primaria del sector público", "label": "Otro comercio", "color": "#6B7280", "icon": "🏬"}}, {"type": "Feature", "geometry": {"type": "Point", "coordinates": [-99.2140988, 19.3875443]}, "properties": {"nombre": "PRIMARIA JOSE OJEDA GARDUÑO TURNO VESPERTINO", "sector": "Escuelas de educación primaria del sector público", "label": "Otro comercio", "color": "#6B7280", "icon": "🏬"}}, {"type": "Feature", "geometry": {"type": "Point", "coordinates": [-99.19034877, 19.33919508]}, "properties": {"nombre": "SILEO", "sector": "Otros servicios educativos proporcionados por el sector privado", "label": "Otro comercio", "color": "#6B7280", "icon": "🏬"}}, {"type": "Feature", "geometry": {"type": "Point", "coordinates": [-99.18963976, 19.35694056]}, "properties": {"nombre": "SIMA WELLENESS CENTER", "sector": "Escuelas de deporte del sector privado", "label": "Otro comercio", "color": "#6B7280", "icon": "🏬"}}, {"type": "Feature", "geometry": {"type": "Point", "coordinates": [-99.19512688, 19.3764062]}, "properties": {"nombre": "UDEEI 227", "sector": "Escuelas del sector público de educación para necesidades especiales", "label": "Otro comercio", "color": "#6B7280", "icon": "🏬"}}, {"type": "Feature", "geometry": {"type": "Point", "coordinates": [-99.2127441, 19.38899363]}, "properties": {"nombre": "UDEEI ESCUELA PRIMARIA RAFAEL AREVALO MARTINEZ", "sector": "Escuelas del sector público de educación para necesidades especiales", "label": "Otro comercio", "color": "#6B7280", "icon": "🏬"}}, {"type": "Feature", "geometry": {"type": "Point", "coordinates": [-99.21409159, 19.38753374]}, "properties": {"nombre": "UDEEI UNIDAD DE EDUCACION ESPECIAL Y EDUCACION INCLUSIVA", "sector": "Escuelas del sector público de educación para necesidades especiales", "label": "Otro comercio", "color": "#6B7280", "icon": "🏬"}}, {"type": "Feature", "geometry": {"type": "Point", "coordinates": [-99.21908758, 19.37128651]}, "properties": {"nombre": "UNIDAD DE EDUCACION ESPECIAL Y EDUCACION INCLUSIVA. UDEEI", "sector": "Escuelas del sector público de educación para necesidades especiales", "label": "Otro comercio", "color": "#6B7280", "icon": "🏬"}}, {"type": "Feature", "geometry": {"type": "Point", "coordinates": [-99.19095203, 19.34137946]}, "properties": {"nombre": "UNIVERSIDAD INSURGENTES PLANTEL SAN ANGEL", "sector": "Escuelas de educación superior del sector privado", "label": "Otro comercio", "color": "#6B7280", "icon": "🏬"}}, {"type": "Feature", "geometry": {"type": "Point", "coordinates": [-99.21350525, 19.38763265]}, "properties": {"nombre": "ALCOHOLICOS ANONIMOS PRINCIPIO Y FIN", "sector": "Agrupaciones de autoayuda para alcohólicos y personas con otras adicciones", "label": "Otro comercio", "color": "#6B7280", "icon": "🏬"}}, {"type": "Feature", "geometry": {"type": "Point", "coordinates": [-99.20376296, 19.37582965]}, "properties": {"nombre": "ANALISIS CLINICOS", "sector": "Laboratorios médicos y de diagnóstico del sector privado", "label": "Otro comercio", "color": "#6B7280", "icon": "🏬"}}, {"type": "Feature", "geometry": {"type": "Point", "coordinates": [-99.18737531, 19.355203]}, "properties": {"nombre": "ANCIC", "sector": "Hospitales generales del sector privado", "label": "Otro comercio", "color": "#6B7280", "icon": "🏬"}}, {"type": "Feature", "geometry": {"type": "Point", "coordinates": [-99.19687511, 19.37278715]}, "properties": {"nombre": "ATENCION MEDICA MIXCOAC", "sector": "Consultorios de medicina general del sector privado", "label": "Otro comercio", "color": "#6B7280", "icon": "🏬"}}, {"type": "Feature", "geometry": {"type": "Point", "coordinates": [-99.18661972, 19.35786902]}, "properties": {"nombre": "BABY CARE HOUSE", "sector": "Guarderías del sector privado", "label": "Otro comercio", "color": "#6B7280", "icon": "🏬"}}, {"type": "Feature", "geometry": {"type": "Point", "coordinates": [-99.18868453, 19.34694733]}, "properties": {"nombre": "BIOMEDICA DE REFERENCIA", "sector": "Laboratorios médicos y de diagnóstico del sector privado", "label": "Otro comercio", "color": "#6B7280", "icon": "🏬"}}, {"type": "Feature", "geometry": {"type": "Point", "coordinates": [-99.18987282, 19.35501512]}, "properties": {"nombre": "BREAK OUT", "sector": "Consultorios de medicina especializada del sector privado", "label": "Otro comercio", "color": "#6B7280", "icon": "🏬"}}, {"type": "Feature", "geometry": {"type": "Point", "coordinates": [-99.19804415, 19.37274461]}, "properties": {"nombre": "BRISAS DENTAL CLINICA", "sector": "Consultorios dentales del sector privado", "label": "Salud", "color": "#3B82F6", "icon": "🏥"}}, {"type": "Feature", "geometry": {"type": "Point", "coordinates": [-99.18917979, 19.34418531]}, "properties": {"nombre": "C T SCANNER DEL SUR", "sector": "Laboratorios médicos y de diagnóstico del sector privado", "label": "Otro comercio", "color": "#6B7280", "icon": "🏬"}}, {"type": "Feature", "geometry": {"type": "Point", "coordinates": [-99.20414317, 19.3379097]}, "properties": {"nombre": "CASA DEL ADULTO MAYOR TIZAPAN", "sector": "Centros del sector público dedicados a la atención y cuidado diurno de ancianos ", "label": "Otro comercio", "color": "#6B7280", "icon": "🏬"}}, {"type": "Feature", "geometry": {"type": "Point", "coordinates": [-99.1907021, 19.34281496]}, "properties": {"nombre": "CENDI CENTRO DE ATENCION Y CUIDADO INFANTIL MELCHOR MUZQUIZ", "sector": "Guarderías del sector público", "label": "Otro comercio", "color": "#6B7280", "icon": "🏬"}}, {"type": "Feature", "geometry": {"type": "Point", "coordinates": [-99.21314243, 19.30924377]}, "properties": {"nombre": "CENTRO AUDIOLOGICO COMAUDI", "sector": "Consultorios del sector privado de audiología y de terapia ocupacional, física y", "label": "Otro comercio", "color": "#6B7280", "icon": "🏬"}}, {"type": "Feature", "geometry": {"type": "Point", "coordinates": [-99.18037805, 19.34876709]}, "properties": {"nombre": "CENTRO DE ATENCION AL NIÑO Y FAMILIA REHABILITACION INTEGRAL", "sector": "Orfanatos y otras residencias de asistencia social del sector privado", "label": "Otro comercio", "color": "#6B7280", "icon": "🏬"}}, {"type": "Feature", "geometry": {"type": "Point", "coordinates": [-99.20149894, 19.38942865]}, "properties": {"nombre": "CENTRO DE DESARROLLO INFANTIL AMSTERDAM", "sector": "Guarderías del sector privado", "label": "Otro comercio", "color": "#6B7280", "icon": "🏬"}}, {"type": "Feature", "geometry": {"type": "Point", "coordinates": [-99.18456649, 19.35677368]}, "properties": {"nombre": "CENTRO QUIROPRACTICO INTEGRAL", "sector": "Consultorios de quiropráctica del sector privado", "label": "Otro comercio", "color": "#6B7280", "icon": "🏬"}}, {"type": "Feature", "geometry": {"type": "Point", "coordinates": [-99.18499273, 19.35466153]}, "properties": {"nombre": "CENTRO QUIROPRACTICO SPROLL", "sector": "Consultorios de quiropráctica del sector privado", "label": "Otro comercio", "color": "#6B7280", "icon": "🏬"}}, {"type": "Feature", "geometry": {"type": "Point", "coordinates": [-99.21143745, 19.38762799]}, "properties": {"nombre": "CIRUJANO DENTISTA", "sector": "Consultorios dentales del sector privado", "label": "Salud", "color": "#3B82F6", "icon": "🏥"}}, {"type": "Feature", "geometry": {"type": "Point", "coordinates": [-99.18997339, 19.34653754]}, "properties": {"nombre": "CLINICA DENTAL CENTAURO SAN ANGEL", "sector": "Consultorios dentales del sector privado", "label": "Salud", "color": "#3B82F6", "icon": "🏥"}}, {"type": "Feature", "geometry": {"type": "Point", "coordinates": [-99.22042608, 19.36933639]}, "properties": {"nombre": "CLINICA MEDICA SANTA LUCIA", "sector": "Consultorios de medicina general del sector privado", "label": "Otro comercio", "color": "#6B7280", "icon": "🏬"}}, {"type": "Feature", "geometry": {"type": "Point", "coordinates": [-99.20281793, 19.33982924]}, "properties": {"nombre": "CLINICA ODONTOLOGICA ESPECIALIDADES", "sector": "Consultorios dentales del sector privado", "label": "Salud", "color": "#3B82F6", "icon": "🏥"}}, {"type": "Feature", "geometry": {"type": "Point", "coordinates": [-99.2163712, 19.38644959]}, "properties": {"nombre": "COMEDOR COMUNITARIO BONANZA", "sector": "Servicios de alimentación comunitarios prestados por el sector privado", "label": "Otro comercio", "color": "#6B7280", "icon": "🏬"}}, {"type": "Feature", "geometry": {"type": "Point", "coordinates": [-99.18664873, 19.34922538]}, "properties": {"nombre": "CONCIEO", "sector": "Agrupaciones de autoayuda para alcohólicos y personas con otras adicciones", "label": "Otro comercio", "color": "#6B7280", "icon": "🏬"}}, {"type": "Feature", "geometry": {"type": "Point", "coordinates": [-99.22165422, 19.3690129]}, "properties": {"nombre": "CONSULTORIO DE ACUPUNTURA", "sector": "Otros consultorios del sector privado para el cuidado de la salud", "label": "Otro comercio", "color": "#6B7280", "icon": "🏬"}}, {"type": "Feature", "geometry": {"type": "Point", "coordinates": [-99.18761398, 19.35527514]}, "properties": {"nombre": "CONSULTORIO DE ESPECIALISTAS MEDICOS", "sector": "Consultorios de medicina especializada del sector privado", "label": "Otro comercio", "color": "#6B7280", "icon": "🏬"}}, {"type": "Feature", "geometry": {"type": "Point", "coordinates": [-99.19034877, 19.33919508]}, "properties": {"nombre": "CONSULTORIO DE MEDICINA EXTERNA", "sector": "Consultorios de psicología del sector privado", "label": "Otro comercio", "color": "#6B7280", "icon": "🏬"}}, {"type": "Feature", "geometry": {"type": "Point", "coordinates": [-99.18664873, 19.34922538]}, "properties": {"nombre": "CONSULTORIO DE NEUROLOGIA", "sector": "Consultorios de medicina especializada del sector privado", "label": "Otro comercio", "color": "#6B7280", "icon": "🏬"}}, {"type": "Feature", "geometry": {"type": "Point", "coordinates": [-99.19034877, 19.33919508]}, "properties": {"nombre": "CONSULTORIO DE PSICOLOGIA", "sector": "Consultorios de psicología del sector privado", "label": "Otro comercio", "color": "#6B7280", "icon": "🏬"}}, {"type": "Feature", "geometry": {"type": "Point", "coordinates": [-99.20108243, 19.3744105]}, "properties": {"nombre": "CONSULTORIO DE PSICOTERAPIA", "sector": "Consultorios de psicología del sector privado", "label": "Otro comercio", "color": "#6B7280", "icon": "🏬"}}, {"type": "Feature", "geometry": {"type": "Point", "coordinates": [-99.21495807, 19.38695101]}, "properties": {"nombre": "CONSULTORIO DENTAL", "sector": "Consultorios dentales del sector privado", "label": "Salud", "color": "#3B82F6", "icon": "🏥"}}, {"type": "Feature", "geometry": {"type": "Point", "coordinates": [-99.2050813, 19.37442448]}, "properties": {"nombre": "CONSULTORIO DENTAL", "sector": "Consultorios dentales del sector privado", "label": "Salud", "color": "#3B82F6", "icon": "🏥"}}, {"type": "Feature", "geometry": {"type": "Point", "coordinates": [-99.19515599, 19.37608073]}, "properties": {"nombre": "CONSULTORIO DENTAL", "sector": "Consultorios dentales del sector privado", "label": "Salud", "color": "#3B82F6", "icon": "🏥"}}, {"type": "Feature", "geometry": {"type": "Point", "coordinates": [-99.22053562, 19.36935639]}, "properties": {"nombre": "CONSULTORIO DENTAL", "sector": "Consultorios dentales del sector privado", "label": "Salud", "color": "#3B82F6", "icon": "🏥"}}, {"type": "Feature", "geometry": {"type": "Point", "coordinates": [-99.19415945, 19.37538761]}, "properties": {"nombre": "CONSULTORIO DENTAL", "sector": "Consultorios dentales del sector privado", "label": "Salud", "color": "#3B82F6", "icon": "🏥"}}, {"type": "Feature", "geometry": {"type": "Point", "coordinates": [-99.2150288, 19.38768577]}, "properties": {"nombre": "CONSULTORIO DENTAL", "sector": "Consultorios dentales del sector privado", "label": "Salud", "color": "#3B82F6", "icon": "🏥"}}, {"type": "Feature", "geometry": {"type": "Point", "coordinates": [-99.18799149, 19.36261827]}, "properties": {"nombre": "CONSULTORIO DENTAL", "sector": "Consultorios dentales del sector privado", "label": "Salud", "color": "#3B82F6", "icon": "🏥"}}, {"type": "Feature", "geometry": {"type": "Point", "coordinates": [-99.19846872, 19.37296135]}, "properties": {"nombre": "CONSULTORIO DENTAL", "sector": "Consultorios dentales del sector privado", "label": "Salud", "color": "#3B82F6", "icon": "🏥"}}, {"type": "Feature", "geometry": {"type": "Point", "coordinates": [-99.19741821, 19.37344043]}, "properties": {"nombre": "CONSULTORIO DENTAL", "sector": "Consultorios dentales del sector privado", "label": "Salud", "color": "#3B82F6", "icon": "🏥"}}, {"type": "Feature", "geometry": {"type": "Point", "coordinates": [-99.18544614, 19.3541245]}, "properties": {"nombre": "CONSULTORIO DENTAL", "sector": "Consultorios dentales del sector privado", "label": "Salud", "color": "#3B82F6", "icon": "🏥"}}, {"type": "Feature", "geometry": {"type": "Point", "coordinates": [-99.18535071, 19.35440528]}, "properties": {"nombre": "CONSULTORIO DENTAL", "sector": "Consultorios dentales del sector privado", "label": "Salud", "color": "#3B82F6", "icon": "🏥"}}, {"type": "Feature", "geometry": {"type": "Point", "coordinates": [-99.2097926, 19.37326094]}, "properties": {"nombre": "CONSULTORIO DENTAL", "sector": "Consultorios dentales del sector privado", "label": "Salud", "color": "#3B82F6", "icon": "🏥"}}, {"type": "Feature", "geometry": {"type": "Point", "coordinates": [-99.18664873, 19.34922538]}, "properties": {"nombre": "CONSULTORIO DENTAL", "sector": "Consultorios dentales del sector privado", "label": "Salud", "color": "#3B82F6", "icon": "🏥"}}, {"type": "Feature", "geometry": {"type": "Point", "coordinates": [-99.21573529, 19.37227616]}, "properties": {"nombre": "CONSULTORIO DENTAL", "sector": "Consultorios dentales del sector privado", "label": "Salud", "color": "#3B82F6", "icon": "🏥"}}, {"type": "Feature", "geometry": {"type": "Point", "coordinates": [-99.20209224, 19.39014003]}, "properties": {"nombre": "CONSULTORIO DENTAL", "sector": "Consultorios dentales del sector privado", "label": "Salud", "color": "#3B82F6", "icon": "🏥"}}, {"type": "Feature", "geometry": {"type": "Point", "coordinates": [-99.21666828, 19.37294692]}, "properties": {"nombre": "CONSULTORIO DENTAL", "sector": "Consultorios dentales del sector privado", "label": "Salud", "color": "#3B82F6", "icon": "🏥"}}, {"type": "Feature", "geometry": {"type": "Point", "coordinates": [-99.20947111, 19.37308253]}, "properties": {"nombre": "CONSULTORIO DENTAL", "sector": "Consultorios dentales del sector privado", "label": "Salud", "color": "#3B82F6", "icon": "🏥"}}, {"type": "Feature", "geometry": {"type": "Point", "coordinates": [-99.22119484, 19.36913568]}, "properties": {"nombre": "CONSULTORIO DENTAL BUCCA", "sector": "Consultorios dentales del sector privado", "label": "Salud", "color": "#3B82F6", "icon": "🏥"}}, {"type": "Feature", "geometry": {"type": "Point", "coordinates": [-99.22119484, 19.36913568]}, "properties": {"nombre": "CONSULTORIO DENTAL BUCCA", "sector": "Consultorios dentales del sector privado", "label": "Salud", "color": "#3B82F6", "icon": "🏥"}}, {"type": "Feature", "geometry": {"type": "Point", "coordinates": [-99.21205605, 19.38873496]}, "properties": {"nombre": "CONSULTORIO DENTAL OZONO CENTER", "sector": "Consultorios dentales del sector privado", "label": "Salud", "color": "#3B82F6", "icon": "🏥"}}, {"type": "Feature", "geometry": {"type": "Point", "coordinates": [-99.19024071, 19.36262406]}, "properties": {"nombre": "CONSULTORIO DENTAL PRIVADO", "sector": "Consultorios dentales del sector privado", "label": "Salud", "color": "#3B82F6", "icon": "🏥"}}, {"type": "Feature", "geometry": {"type": "Point", "coordinates": [-99.20110917, 19.38801672]}, "properties": {"nombre": "CONSULTORIO DENTAL SIN NOMBRE", "sector": "Consultorios dentales del sector privado", "label": "Salud", "color": "#3B82F6", "icon": "🏥"}}, {"type": "Feature", "geometry": {"type": "Point", "coordinates": [-99.20127267, 19.33779337]}, "properties": {"nombre": "CONSULTORIO DENTAL SIN NOMBRE", "sector": "Consultorios dentales del sector privado", "label": "Salud", "color": "#3B82F6", "icon": "🏥"}}, {"type": "Feature", "geometry": {"type": "Point", "coordinates": [-99.1947165, 19.37661232]}, "properties": {"nombre": "CONSULTORIO DENTAL SIN NOMBRE", "sector": "Consultorios dentales del sector privado", "label": "Salud", "color": "#3B82F6", "icon": "🏥"}}, {"type": "Feature", "geometry": {"type": "Point", "coordinates": [-99.20209818, 19.33864652]}, "properties": {"nombre": "CONSULTORIO DENTAL SWEET DENT", "sector": "Consultorios dentales del sector privado", "label": "Salud", "color": "#3B82F6", "icon": "🏥"}}, {"type": "Feature", "geometry": {"type": "Point", "coordinates": [-99.20579007, 19.37406796]}, "properties": {"nombre": "CONSULTORIO DENTISTA ORTODONCIA", "sector": "Consultorios dentales del sector privado", "label": "Salud", "color": "#3B82F6", "icon": "🏥"}}, {"type": "Feature", "geometry": {"type": "Point", "coordinates": [-99.20108243, 19.3744105]}, "properties": {"nombre": "CONSULTORIO MEDICO", "sector": "Consultorios de medicina general del sector privado", "label": "Otro comercio", "color": "#6B7280", "icon": "🏬"}}, {"type": "Feature", "geometry": {"type": "Point", "coordinates": [-99.19702502, 19.37696686]}, "properties": {"nombre": "CONSULTORIO MEDICO", "sector": "Consultorios de medicina general del sector privado", "label": "Otro comercio", "color": "#6B7280", "icon": "🏬"}}, {"type": "Feature", "geometry": {"type": "Point", "coordinates": [-99.19740474, 19.37369393]}, "properties": {"nombre": "CONSULTORIO MEDICO", "sector": "Consultorios de medicina general del sector privado", "label": "Otro comercio", "color": "#6B7280", "icon": "🏬"}}, {"type": "Feature", "geometry": {"type": "Point", "coordinates": [-99.2050813, 19.37442448]}, "properties": {"nombre": "CONSULTORIO MEDICO", "sector": "Consultorios de medicina general del sector privado", "label": "Otro comercio", "color": "#6B7280", "icon": "🏬"}}, {"type": "Feature", "geometry": {"type": "Point", "coordinates": [-99.20309455, 19.33878766]}, "properties": {"nombre": "CONSULTORIO MEDICO", "sector": "Consultorios de medicina general del sector privado", "label": "Otro comercio", "color": "#6B7280", "icon": "🏬"}}, {"type": "Feature", "geometry": {"type": "Point", "coordinates": [-99.20206166, 19.38866115]}, "properties": {"nombre": "CONSULTORIO MEDICO", "sector": "Consultorios de medicina general del sector privado", "label": "Otro comercio", "color": "#6B7280", "icon": "🏬"}}, {"type": "Feature", "geometry": {"type": "Point", "coordinates": [-99.22082433, 19.37083636]}, "properties": {"nombre": "CONSULTORIO MEDICO", "sector": "Consultorios de medicina general del sector privado", "label": "Otro comercio", "color": "#6B7280", "icon": "🏬"}}, {"type": "Feature", "geometry": {"type": "Point", "coordinates": [-99.22082433, 19.37083636]}, "properties": {"nombre": "CONSULTORIO MEDICO", "sector": "Consultorios de medicina general del sector privado", "label": "Otro comercio", "color": "#6B7280", "icon": "🏬"}}, {"type": "Feature", "geometry": {"type": "Point", "coordinates": [-99.20410593, 19.37458831]}, "properties": {"nombre": "CONSULTORIO MEDICO", "sector": "Consultorios de medicina general del sector privado", "label": "Otro comercio", "color": "#6B7280", "icon": "🏬"}}, {"type": "Feature", "geometry": {"type": "Point", "coordinates": [-99.19360549, 19.39569484]}, "properties": {"nombre": "CONSULTORIO MEDICO ATENCION ESPECIALIZADA PARA LA MUJER", "sector": "Consultorios de medicina general del sector privado", "label": "Otro comercio", "color": "#6B7280", "icon": "🏬"}}, {"type": "Feature", "geometry": {"type": "Point", "coordinates": [-99.19687511, 19.37278715]}, "properties": {"nombre": "CONSULTORIO MEDICO CIRUJANO DENTISTA", "sector": "Consultorios dentales del sector privado", "label": "Salud", "color": "#3B82F6", "icon": "🏥"}}, {"type": "Feature", "geometry": {"type": "Point", "coordinates": [-99.21523105, 19.38760827]}, "properties": {"nombre": "CONSULTORIO MEDICO FARMACIA TANIA TURNO MATUTINO", "sector": "Consultorios de medicina general del sector privado", "label": "Otro comercio", "color": "#6B7280", "icon": "🏬"}}, {"type": "Feature", "geometry": {"type": "Point", "coordinates": [-99.21523105, 19.38760827]}, "properties": {"nombre": "CONSULTORIO MEDICO FARMACIA TANIA TURNO VESPERTINO", "sector": "Consultorios de medicina general del sector privado", "label": "Otro comercio", "color": "#6B7280", "icon": "🏬"}}, {"type": "Feature", "geometry": {"type": "Point", "coordinates": [-99.19687511, 19.37278715]}, "properties": {"nombre": "CONSULTORIO MEDICO MEDICINA GENERAL", "sector": "Consultorios de medicina general del sector privado", "label": "Otro comercio", "color": "#6B7280", "icon": "🏬"}}, {"type": "Feature", "geometry": {"type": "Point", "coordinates": [-99.18664873, 19.34922538]}, "properties": {"nombre": "CONSULTORIO MEDICO NAFINSA", "sector": "Consultorios de medicina general del sector privado", "label": "Otro comercio", "color": "#6B7280", "icon": "🏬"}}, {"type": "Feature", "geometry": {"type": "Point", "coordinates": [-99.18604022, 19.35435501]}, "properties": {"nombre": "CONSULTORIO MEDICO ODONTOLOGICO", "sector": "Consultorios dentales del sector privado", "label": "Salud", "color": "#3B82F6", "icon": "🏥"}}, {"type": "Feature", "geometry": {"type": "Point", "coordinates": [-99.19687511, 19.37278715]}, "properties": {"nombre": "CONSULTORIO MEDICO PEDRIATRIA", "sector": "Consultorios de medicina especializada del sector privado", "label": "Otro comercio", "color": "#6B7280", "icon": "🏬"}}, {"type": "Feature", "geometry": {"type": "Point", "coordinates": [-99.20287387, 19.38977273]}, "properties": {"nombre": "CONSULTORIO MEDICO SIN NOMBRE", "sector": "Consultorios de medicina general del sector privado", "label": "Otro comercio", "color": "#6B7280", "icon": "🏬"}}, {"type": "Feature", "geometry": {"type": "Point", "coordinates": [-99.20287387, 19.38977273]}, "properties": {"nombre": "CONSULTORIO MEDICO SIN NOMBRE", "sector": "Consultorios de medicina general del sector privado", "label": "Otro comercio", "color": "#6B7280", "icon": "🏬"}}, {"type": "Feature", "geometry": {"type": "Point", "coordinates": [-99.20287387, 19.38977273]}, "properties": {"nombre": "CONSULTORIO MEDICO SIN NOMBRE", "sector": "Consultorios de medicina general del sector privado", "label": "Otro comercio", "color": "#6B7280", "icon": "🏬"}}, {"type": "Feature", "geometry": {"type": "Point", "coordinates": [-99.19423738, 19.37376651]}, "properties": {"nombre": "CONSULTORIO MEDICO Y DENTAL", "sector": "Consultorios dentales del sector privado", "label": "Salud", "color": "#3B82F6", "icon": "🏥"}}, {"type": "Feature", "geometry": {"type": "Point", "coordinates": [-99.18664873, 19.34922538]}, "properties": {"nombre": "CONSULTORIO ORTOPEDICO", "sector": "Consultorios de medicina especializada del sector privado", "label": "Otro comercio", "color": "#6B7280", "icon": "🏬"}}, {"type": "Feature", "geometry": {"type": "Point", "coordinates": [-99.20349769, 19.37572527]}, "properties": {"nombre": "CONSULTORIO PEDIATRICO", "sector": "Consultorios de medicina especializada del sector privado", "label": "Otro comercio", "color": "#6B7280", "icon": "🏬"}}, {"type": "Feature", "geometry": {"type": "Point", "coordinates": [-99.21281918, 19.38922348]}, "properties": {"nombre": "CONSULTORIO PODOLOGICO", "sector": "Otros consultorios del sector privado para el cuidado de la salud", "label": "Otro comercio", "color": "#6B7280", "icon": "🏬"}}, {"type": "Feature", "geometry": {"type": "Point", "coordinates": [-99.21290497, 19.3894862]}, "properties": {"nombre": "DENTISTA", "sector": "Consultorios dentales del sector privado", "label": "Salud", "color": "#3B82F6", "icon": "🏥"}}, {"type": "Feature", "geometry": {"type": "Point", "coordinates": [-99.19663566, 19.37522027]}, "properties": {"nombre": "DENTISTA", "sector": "Consultorios dentales del sector privado", "label": "Salud", "color": "#3B82F6", "icon": "🏥"}}, {"type": "Feature", "geometry": {"type": "Point", "coordinates": [-99.20275048, 19.33775026]}, "properties": {"nombre": "DENTISTA", "sector": "Consultorios dentales del sector privado", "label": "Salud", "color": "#3B82F6", "icon": "🏥"}}, {"type": "Feature", "geometry": {"type": "Point", "coordinates": [-99.18748445, 19.34801063]}, "properties": {"nombre": "DIABESMART", "sector": "Clínicas de consultorios médicos del sector privado", "label": "Otro comercio", "color": "#6B7280", "icon": "🏬"}}, {"type": "Feature", "geometry": {"type": "Point", "coordinates": [-99.20777547, 19.37324966]}, "properties": {"nombre": "ESTANCIA INFANTIL PATY LU", "sector": "Guarderías del sector privado", "label": "Otro comercio", "color": "#6B7280", "icon": "🏬"}}, {"type": "Feature", "geometry": {"type": "Point", "coordinates": [-99.20943228, 19.37296273]}, "properties": {"nombre": "ESTANCIA INFANTIL SOCIEDAD MEXICANA DE PUERICULTURA", "sector": "Guarderías del sector privado", "label": "Otro comercio", "color": "#6B7280", "icon": "🏬"}}, {"type": "Feature", "geometry": {"type": "Point", "coordinates": [-99.18862967, 19.34862948]}, "properties": {"nombre": "EXESEMED", "sector": "Consultorios de medicina general del sector privado", "label": "Otro comercio", "color": "#6B7280", "icon": "🏬"}}, {"type": "Feature", "geometry": {"type": "Point", "coordinates": [-99.22517631, 19.33828844]}, "properties": {"nombre": "FUNDACION VIDA PLENA", "sector": "Centros del sector privado dedicados a la atención y cuidado diurno de ancianos ", "label": "Otro comercio", "color": "#6B7280", "icon": "🏬"}}, {"type": "Feature", "geometry": {"type": "Point", "coordinates": [-99.1989133, 19.373876]}, "properties": {"nombre": "GRUPO ALCOHOLICOS ANONIMOS", "sector": "Agrupaciones de autoayuda para alcohólicos y personas con otras adicciones", "label": "Otro comercio", "color": "#6B7280", "icon": "🏬"}}, {"type": "Feature", "geometry": {"type": "Point", "coordinates": [-99.19802191, 19.37444823]}, "properties": {"nombre": "GRUPO JOVENES MIXCOAC AA", "sector": "Agrupaciones de autoayuda para alcohólicos y personas con otras adicciones", "label": "Otro comercio", "color": "#6B7280", "icon": "🏬"}}, {"type": "Feature", "geometry": {"type": "Point", "coordinates": [-99.18542396, 19.35418975]}, "properties": {"nombre": "GRUPO SEMEDIC DE MEXICO", "sector": "Consultorios de medicina especializada del sector privado", "label": "Otro comercio", "color": "#6B7280", "icon": "🏬"}}, {"type": "Feature", "geometry": {"type": "Point", "coordinates": [-99.20180334, 19.38760153]}, "properties": {"nombre": "HEAKTHY FEET PODOLOGO BODY", "sector": "Otros consultorios del sector privado para el cuidado de la salud", "label": "Otro comercio", "color": "#6B7280", "icon": "🏬"}}, {"type": "Feature", "geometry": {"type": "Point", "coordinates": [-99.20288275, 19.37460177]}, "properties": {"nombre": "HERMANAS SANCHEZ PODOLOGA", "sector": "Otros consultorios del sector privado para el cuidado de la salud", "label": "Otro comercio", "color": "#6B7280", "icon": "🏬"}}, {"type": "Feature", "geometry": {"type": "Point", "coordinates": [-99.20082915, 19.38847501]}, "properties": {"nombre": "INSTITUTO CULTURAL SANTA FE", "sector": "Guarderías del sector privado", "label": "Otro comercio", "color": "#6B7280", "icon": "🏬"}}, {"type": "Feature", "geometry": {"type": "Point", "coordinates": [-99.18991289, 19.36184728]}, "properties": {"nombre": "INSTITUTO DE ESTUDIOS DE LA PAREJA", "sector": "Otros servicios de orientación y trabajo social prestados por el sector privado", "label": "Otro comercio", "color": "#6B7280", "icon": "🏬"}}, {"type": "Feature", "geometry": {"type": "Point", "coordinates": [-99.18985965, 19.36259519]}, "properties": {"nombre": "JOVENES DEL VALLE ALCOHOLICOS ANONIMOS SERVICIOS GRATUITOS", "sector": "Agrupaciones de autoayuda para alcohólicos y personas con otras adicciones", "label": "Otro comercio", "color": "#6B7280", "icon": "🏬"}}, {"type": "Feature", "geometry": {"type": "Point", "coordinates": [-99.20193023, 19.38890987]}, "properties": {"nombre": "LABORATORIO DENTAL", "sector": "Consultorios dentales del sector privado", "label": "Salud", "color": "#3B82F6", "icon": "🏥"}}, {"type": "Feature", "geometry": {"type": "Point", "coordinates": [-99.20225401, 19.33941069]}, "properties": {"nombre": "LABORATORIO DENTAL AMAYA", "sector": "Consultorios dentales del sector privado", "label": "Salud", "color": "#3B82F6", "icon": "🏥"}}, {"type": "Feature", "geometry": {"type": "Point", "coordinates": [-99.19017401, 19.3630367]}, "properties": {"nombre": "LABORATORIO MEDICO", "sector": "Laboratorios médicos y de diagnóstico del sector privado", "label": "Otro comercio", "color": "#6B7280", "icon": "🏬"}}, {"type": "Feature", "geometry": {"type": "Point", "coordinates": [-99.21196915, 19.38876902]}, "properties": {"nombre": "LABORATORIO Y GABINETE CLINICO", "sector": "Laboratorios médicos y de diagnóstico del sector privado", "label": "Otro comercio", "color": "#6B7280", "icon": "🏬"}}, {"type": "Feature", "geometry": {"type": "Point", "coordinates": [-99.21302742, 19.38986109]}, "properties": {"nombre": "MAC-DENTAL", "sector": "Consultorios dentales del sector privado", "label": "Salud", "color": "#3B82F6", "icon": "🏥"}}, {"type": "Feature", "geometry": {"type": "Point", "coordinates": [-99.20289756, 19.33994309]}, "properties": {"nombre": "MEDI", "sector": "Consultorios dentales del sector privado", "label": "Salud", "color": "#3B82F6", "icon": "🏥"}}, {"type": "Feature", "geometry": {"type": "Point", "coordinates": [-99.19310978, 19.39586891]}, "properties": {"nombre": "MULTIFARMACIA GENERICOS", "sector": "Consultorios de medicina general del sector privado", "label": "Otro comercio", "color": "#6B7280", "icon": "🏬"}}, {"type": "Feature", "geometry": {"type": "Point", "coordinates": [-99.18862967, 19.34862948]}, "properties": {"nombre": "NEUROCIENCIAS", "sector": "Consultorios de psicología del sector privado", "label": "Otro comercio", "color": "#6B7280", "icon": "🏬"}}, {"type": "Feature", "geometry": {"type": "Point", "coordinates": [-99.20528161, 19.37496333]}, "properties": {"nombre": "NEUROTICOS ANONIMOS OLIVAR DEL CONDE", "sector": "Agrupaciones de autoayuda para alcohólicos y personas con otras adicciones", "label": "Otro comercio", "color": "#6B7280", "icon": "🏬"}}, {"type": "Feature", "geometry": {"type": "Point", "coordinates": [-99.21147021, 19.38769391]}, "properties": {"nombre": "NUTRICIONISTA", "sector": "Consultorios de nutriólogos y dietistas del sector privado", "label": "Otro comercio", "color": "#6B7280", "icon": "🏬"}}, {"type": "Feature", "geometry": {"type": "Point", "coordinates": [-99.22239394, 19.36882023]}, "properties": {"nombre": "ODONTOLOGIA PRO-BOCA", "sector": "Consultorios dentales del sector privado", "label": "Salud", "color": "#3B82F6", "icon": "🏥"}}, {"type": "Feature", "geometry": {"type": "Point", "coordinates": [-99.2071816, 19.37488675]}, "properties": {"nombre": "OPTICA COYOACAN", "sector": "Consultorios de optometría", "label": "Otro comercio", "color": "#6B7280", "icon": "🏬"}}, {"type": "Feature", "geometry": {"type": "Point", "coordinates": [-99.25187276, 19.32926406]}, "properties": {"nombre": "OPTICA ORUM", "sector": "Consultorios de optometría", "label": "Otro comercio", "color": "#6B7280", "icon": "🏬"}}, {"type": "Feature", "geometry": {"type": "Point", "coordinates": [-99.19846309, 19.37413084]}, "properties": {"nombre": "OPTICA SERVICIOS GOMEZ", "sector": "Consultorios de optometría", "label": "Otro comercio", "color": "#6B7280", "icon": "🏬"}}, {"type": "Feature", "geometry": {"type": "Point", "coordinates": [-99.2211684, 19.37715742]}, "properties": {"nombre": "PILARES PRESIDENTES", "sector": "Servicios de orientación y trabajo social para la niñez y la juventud prestados ", "label": "Otro comercio", "color": "#6B7280", "icon": "🏬"}}, {"type": "Feature", "geometry": {"type": "Point", "coordinates": [-99.20136161, 19.33911124]}, "properties": {"nombre": "PODOLOGO BOM PE AMADOR", "sector": "Otros consultorios del sector privado para el cuidado de la salud", "label": "Otro comercio", "color": "#6B7280", "icon": "🏬"}}, {"type": "Feature", "geometry": {"type": "Point", "coordinates": [-99.20358079, 19.37392484]}, "properties": {"nombre": "PSICOLOGIA INTEGRAL PSYKE", "sector": "Consultorios de psicología del sector privado", "label": "Otro comercio", "color": "#6B7280", "icon": "🏬"}}, {"type": "Feature", "geometry": {"type": "Point", "coordinates": [-99.21319264, 19.30904705]}, "properties": {"nombre": "PUNTO PIEL", "sector": "Consultorios de medicina especializada del sector privado", "label": "Otro comercio", "color": "#6B7280", "icon": "🏬"}}, {"type": "Feature", "geometry": {"type": "Point", "coordinates": [-99.18756252, 19.35631204]}, "properties": {"nombre": "QUIRIMPLASNT", "sector": "Consultorios dentales del sector privado", "label": "Salud", "color": "#3B82F6", "icon": "🏥"}}, {"type": "Feature", "geometry": {"type": "Point", "coordinates": [-99.18567519, 19.35345064]}, "properties": {"nombre": "REHABILITACION OSH", "sector": "Consultorios del sector privado de audiología y de terapia ocupacional, física y", "label": "Otro comercio", "color": "#6B7280", "icon": "🏬"}}, {"type": "Feature", "geometry": {"type": "Point", "coordinates": [-99.18664873, 19.34922538]}, "properties": {"nombre": "SALUD DENTAL CONSULTARIO DENTAL", "sector": "Consultorios dentales del sector privado", "label": "Salud", "color": "#3B82F6", "icon": "🏥"}}, {"type": "Feature", "geometry": {"type": "Point", "coordinates": [-99.18129745, 19.34729183]}, "properties": {"nombre": "TERAPIA OLISTICAS ESPACIO INFINITO", "sector": "Otros consultorios del sector privado para el cuidado de la salud", "label": "Otro comercio", "color": "#6B7280", "icon": "🏬"}}, {"type": "Feature", "geometry": {"type": "Point", "coordinates": [-99.19605643, 19.37600072]}, "properties": {"nombre": "TIENDA DE REGALOS PATSSI", "sector": "Consultorios dentales del sector privado", "label": "Salud", "color": "#3B82F6", "icon": "🏥"}}, {"type": "Feature", "geometry": {"type": "Point", "coordinates": [-99.18544614, 19.3541245]}, "properties": {"nombre": "UNIDAD MEDICA INSURGENTES N", "sector": "Clínicas de consultorios médicos del sector privado", "label": "Otro comercio", "color": "#6B7280", "icon": "🏬"}}, {"type": "Feature", "geometry": {"type": "Point", "coordinates": [-99.19455129, 19.39271493]}, "properties": {"nombre": "VIDAL DENT", "sector": "Consultorios dentales del sector privado", "label": "Salud", "color": "#3B82F6", "icon": "🏥"}}, {"type": "Feature", "geometry": {"type": "Point", "coordinates": [-99.20622478, 19.37460206]}, "properties": {"nombre": "YURLAB MEDICAL", "sector": "Consultorios de medicina general del sector privado", "label": "Otro comercio", "color": "#6B7280", "icon": "🏬"}}, {"type": "Feature", "geometry": {"type": "Point", "coordinates": [-99.18604022, 19.35435501]}, "properties": {"nombre": "ZONRIZAZ COSMETICA DENTAL", "sector": "Consultorios dentales del sector privado", "label": "Salud", "color": "#3B82F6", "icon": "🏥"}}, {"type": "Feature", "geometry": {"type": "Point", "coordinates": [-99.19640107, 19.37718193]}, "properties": {"nombre": "ACTIVIDADES DE BAILE SIN NOMBRE", "sector": "Artistas, escritores y técnicos independientes", "label": "Otro comercio", "color": "#6B7280", "icon": "🏬"}}, {"type": "Feature", "geometry": {"type": "Point", "coordinates": [-99.18745775, 19.34910221]}, "properties": {"nombre": "CENTRO CULTURAL CRACOVIA 32", "sector": "Promotores del sector privado de espectáculos artísticos, culturales, deportivos", "label": "Otro comercio", "color": "#6B7280", "icon": "🏬"}}, {"type": "Feature", "geometry": {"type": "Point", "coordinates": [-99.2096633, 19.37354879]}, "properties": {"nombre": "CLASES DE ZUMBA", "sector": "Centros de acondicionamiento físico del sector privado", "label": "Otro comercio", "color": "#6B7280", "icon": "🏬"}}, {"type": "Feature", "geometry": {"type": "Point", "coordinates": [-99.22053562, 19.36935639]}, "properties": {"nombre": "COMPAÑIA DE DANZA TOPILTZIN CIUDADDE MEXICO", "sector": "Compañías de danza del sector privado", "label": "Otro comercio", "color": "#6B7280", "icon": "🏬"}}, {"type": "Feature", "geometry": {"type": "Point", "coordinates": [-99.18551996, 19.35306699]}, "properties": {"nombre": "EXPENDIO DE LOTERIA", "sector": "Venta de billetes de lotería, pronósticos deportivos y otros boletos de sorteo", "label": "Otro comercio", "color": "#6B7280", "icon": "🏬"}}, {"type": "Feature", "geometry": {"type": "Point", "coordinates": [-99.18490736, 19.35579136]}, "properties": {"nombre": "FORO 18 69", "sector": "Promotores del sector privado de espectáculos artísticos, culturales, deportivos", "label": "Otro comercio", "color": "#6B7280", "icon": "🏬"}}, {"type": "Feature", "geometry": {"type": "Point", "coordinates": [-99.19376053, 19.3931256]}, "properties": {"nombre": "GIM CIMARRON FITNESS STUDIO", "sector": "Centros de acondicionamiento físico del sector privado", "label": "Otro comercio", "color": "#6B7280", "icon": "🏬"}}, {"type": "Feature", "geometry": {"type": "Point", "coordinates": [-99.19092043, 19.36308897]}, "properties": {"nombre": "GIMNASIO MIURA BOXING", "sector": "Centros de acondicionamiento físico del sector privado", "label": "Otro comercio", "color": "#6B7280", "icon": "🏬"}}, {"type": "Feature", "geometry": {"type": "Point", "coordinates": [-99.22064745, 19.36927902]}, "properties": {"nombre": "GIMNASIO RHYTMIC CENTER", "sector": "Centros de acondicionamiento físico del sector privado", "label": "Otro comercio", "color": "#6B7280", "icon": "🏬"}}, {"type": "Feature", "geometry": {"type": "Point", "coordinates": [-99.18862967, 19.34862948]}, "properties": {"nombre": "GRUPO OVEJA NEGRA", "sector": "Promotores del sector privado de espectáculos artísticos, culturales, deportivos", "label": "Otro comercio", "color": "#6B7280", "icon": "🏬"}}, {"type": "Feature", "geometry": {"type": "Point", "coordinates": [-99.20126344, 19.38790074]}, "properties": {"nombre": "MAQUINITAS LAS QUINCE LETRAS", "sector": "Casas de juegos electrónicos", "label": "Otro comercio", "color": "#6B7280", "icon": "🏬"}}, {"type": "Feature", "geometry": {"type": "Point", "coordinates": [-99.18415837, 19.35815194]}, "properties": {"nombre": "MATRIZ INSURGENTES", "sector": "Venta de billetes de lotería, pronósticos deportivos y otros boletos de sorteo", "label": "Otro comercio", "color": "#6B7280", "icon": "🏬"}}, {"type": "Feature", "geometry": {"type": "Point", "coordinates": [-99.17547781, 19.35405808]}, "properties": {"nombre": "PRONOSTICOS DEPORTIVOS", "sector": "Venta de billetes de lotería, pronósticos deportivos y otros boletos de sorteo", "label": "Otro comercio", "color": "#6B7280", "icon": "🏬"}}, {"type": "Feature", "geometry": {"type": "Point", "coordinates": [-99.18499649, 19.35550235]}, "properties": {"nombre": "PUESTO DE LOTERIA", "sector": "Venta de billetes de lotería, pronósticos deportivos y otros boletos de sorteo", "label": "Otro comercio", "color": "#6B7280", "icon": "🏬"}}, {"type": "Feature", "geometry": {"type": "Point", "coordinates": [-99.18373025, 19.35961119]}, "properties": {"nombre": "PUESTO DE LOTERIA NACIONAL", "sector": "Venta de billetes de lotería, pronósticos deportivos y otros boletos de sorteo", "label": "Otro comercio", "color": "#6B7280", "icon": "🏬"}}, {"type": "Feature", "geometry": {"type": "Point", "coordinates": [-99.19034877, 19.33919508]}, "properties": {"nombre": "REPRESENTACION DE TALENTOS PALOMERA GROUP", "sector": "Agentes y representantes de artistas, deportistas y similares", "label": "Otro comercio", "color": "#6B7280", "icon": "🏬"}}, {"type": "Feature", "geometry": {"type": "Point", "coordinates": [-99.19408415, 19.37374089]}, "properties": {"nombre": "SALON KAMAL", "sector": "Centros de acondicionamiento físico del sector privado", "label": "Otro comercio", "color": "#6B7280", "icon": "🏬"}}, {"type": "Feature", "geometry": {"type": "Point", "coordinates": [-99.20947301, 19.37358345]}, "properties": {"nombre": "ZUMBA", "sector": "Centros de acondicionamiento físico del sector privado", "label": "Otro comercio", "color": "#6B7280", "icon": "🏬"}}]}